  0
SECTION
  2
HEADER
  9
$ANGBASE
  50
0.0
  9
$ANGDIR
  70
1
  9
$MEASUREMENT
  70
0
  0
ENDSEC
  0
SECTION
  2
TABLES
  0
TABLE
  2
LTYPE
  70
4
  0
LTYPE
  5
40F
  2
CONTINUOUS
  70
0
  3
Solid line
  72
65
  73
0
  40
0.0
  0
LTYPE
  5
410
  2
DASHDOT
 70
0
  3
Dash Dot ____ _ ____ _
 72
65
 73
4
 40
2.0
 49
1.25
 49
-0.25
 49
0.25
 49
-0.25
  0
LTYPE
  5
411
  2
DASHED
 70
0
  3
Dashed __ __ __ __ __
 72
65
 73
2
 40
0.75
 49
0.5
 49
-0.25
  0
LTYPE
  5
43B
  2
DOTTED
 70
0
  3
Dotted .  .  .  .
 72
65
 73
2
 40
0.2
 49
0.0
 49
-0.2
  0
ENDTAB
  0
TABLE
  2
STYLE
  70
4
  0
STYLE
  2
KICAD
  70
0
  40
0
  41
1
  42
1
  50
0
  71
0
  3
isocp.shx
  0
STYLE
  2
KICADB
  70
0
  40
0
  41
1
  42
1
  50
0
  71
0
  3
isocp.shx
  0
STYLE
  2
KICADI
  70
0
  40
0
  41
1
  42
1
  50
15
  71
0
  3
isocp.shx
  0
STYLE
  2
KICADBI
  70
0
  40
0
  41
1
  42
1
  50
15
  71
0
  3
isocp.shx
  0
ENDTAB
  0
TABLE
  2
LAYER
  70
1
  0
LAYER
  2
BLACK
  70
0
  62
7
  6
CONTINUOUS
  0
ENDTAB
  0
ENDSEC
  0
SECTION
  2
ENTITIES
0
LINE
8
BLACK
6
CONTINUOUS
10
4.946679960629921
20
-3.6802374015748032
11
4.9498731102362203
21
-3.6823709842519685
0
LINE
8
BLACK
6
CONTINUOUS
10
4.9498731102362203
20
-3.6823709842519685
11
4.9520066929133861
21
-3.6855641338582674
0
LINE
8
BLACK
6
CONTINUOUS
10
4.9520066929133861
20
-3.6855641338582674
11
4.9527559055118111
21
-3.6893307086614171
0
LINE
8
BLACK
6
CONTINUOUS
10
4.9527559055118111
20
-3.6893307086614171
11
4.9527559055118111
21
-3.7306692913385824
0
LINE
8
BLACK
6
CONTINUOUS
10
4.9527559055118111
20
-3.7306692913385824
11
4.9520066929133861
21
-3.7344358661417321
0
LINE
8
BLACK
6
CONTINUOUS
10
4.9520066929133861
20
-3.7344358661417321
11
4.9498731102362203
21
-3.7376290157480314
0
LINE
8
BLACK
6
CONTINUOUS
10
4.9498731102362203
20
-3.7376290157480314
11
4.946679960629921
21
-3.7397625984251968
0
LINE
8
BLACK
6
CONTINUOUS
10
4.946679960629921
20
-3.7397625984251968
11
4.9429133858267713
21
-3.7405118110236222
0
LINE
8
BLACK
6
CONTINUOUS
10
4.9429133858267713
20
-3.7405118110236222
11
4.9055118110236222
21
-3.7405118110236222
0
LINE
8
BLACK
6
CONTINUOUS
10
4.9055118110236222
20
-3.7405118110236222
11
4.9047583070866141
21
-3.7403619291338583
0
LINE
8
BLACK
6
CONTINUOUS
10
4.9047583070866141
20
-3.7403619291338583
11
4.9032250393700787
21
-3.7403619291338583
0
LINE
8
BLACK
6
CONTINUOUS
10
4.9032250393700787
20
-3.7403619291338583
11
4.8988073228346458
21
-3.739178188976378
0
LINE
8
BLACK
6
CONTINUOUS
10
4.8988073228346458
20
-3.739178188976378
11
4.8948464960629918
21
-3.7368914173228345
0
LINE
8
BLACK
6
CONTINUOUS
10
4.8948464960629918
20
-3.7368914173228345
11
4.8916125196850393
21
-3.7336574409448819
0
LINE
8
BLACK
6
CONTINUOUS
10
4.8916125196850393
20
-3.7336574409448819
11
4.8893257480314958
21
-3.7296966141732284
0
LINE
8
BLACK
6
CONTINUOUS
10
4.8893257480314958
20
-3.7296966141732284
11
4.8881420078740154
21
-3.7252788976377951
0
LINE
8
BLACK
6
CONTINUOUS
10
4.8881420078740154
20
-3.7252788976377951
11
4.887992125984252
21
-3.722992125984252
0
LINE
8
BLACK
6
CONTINUOUS
10
4.887992125984252
20
-3.722992125984252
11
4.887992125984252
21
-3.6970078740157479
0
LINE
8
BLACK
6
CONTINUOUS
10
4.887992125984252
20
-3.6970078740157479
11
4.8881420078740154
21
-3.6947211023622049
0
LINE
8
BLACK
6
CONTINUOUS
10
4.8881420078740154
20
-3.6947211023622049
11
4.8893257480314958
21
-3.6903033858267715
0
LINE
8
BLACK
6
CONTINUOUS
10
4.8893257480314958
20
-3.6903033858267715
11
4.8916125196850393
21
-3.686342559055118
0
LINE
8
BLACK
6
CONTINUOUS
10
4.8916125196850393
20
-3.686342559055118
11
4.8948464960629918
21
-3.6831085826771655
0
LINE
8
BLACK
6
CONTINUOUS
10
4.8948464960629918
20
-3.6831085826771655
11
4.8988073228346458
21
-3.6808218110236219
0
LINE
8
BLACK
6
CONTINUOUS
10
4.8988073228346458
20
-3.6808218110236219
11
4.9032250393700787
21
-3.6796380708661416
0
LINE
8
BLACK
6
CONTINUOUS
10
4.9032250393700787
20
-3.6796380708661416
11
4.9047583070866141
21
-3.6796380708661416
0
LINE
8
BLACK
6
CONTINUOUS
10
4.9047583070866141
20
-3.6796380708661416
11
4.9055118110236222
21
-3.6794881889763777
0
LINE
8
BLACK
6
CONTINUOUS
10
4.9055118110236222
20
-3.6794881889763777
11
4.9429133858267713
21
-3.6794881889763777
0
LINE
8
BLACK
6
CONTINUOUS
10
4.9429133858267713
20
-3.6794881889763777
11
4.946679960629921
21
-3.6802374015748032
0
LINE
8
BLACK
6
CONTINUOUS
10
5.0273886220472441
20
-3.6802374015748032
11
5.0305817716535435
21
-3.6823709842519685
0
LINE
8
BLACK
6
CONTINUOUS
10
5.0305817716535435
20
-3.6823709842519685
11
5.0327153543307084
21
-3.6855641338582674
0
LINE
8
BLACK
6
CONTINUOUS
10
5.0327153543307084
20
-3.6855641338582674
11
5.0334645669291334
21
-3.6893307086614171
0
LINE
8
BLACK
6
CONTINUOUS
10
5.0334645669291334
20
-3.6893307086614171
11
5.0334645669291334
21
-3.7306692913385824
0
LINE
8
BLACK
6
CONTINUOUS
10
5.0334645669291334
20
-3.7306692913385824
11
5.0327153543307084
21
-3.7344358661417321
0
LINE
8
BLACK
6
CONTINUOUS
10
5.0327153543307084
20
-3.7344358661417321
11
5.0305817716535435
21
-3.7376290157480314
0
LINE
8
BLACK
6
CONTINUOUS
10
5.0305817716535435
20
-3.7376290157480314
11
5.0273886220472441
21
-3.7397625984251968
0
LINE
8
BLACK
6
CONTINUOUS
10
5.0273886220472441
20
-3.7397625984251968
11
5.0236220472440944
21
-3.7405118110236222
0
LINE
8
BLACK
6
CONTINUOUS
10
5.0236220472440944
20
-3.7405118110236222
11
4.984251968503937
21
-3.7405118110236222
0
LINE
8
BLACK
6
CONTINUOUS
10
4.984251968503937
20
-3.7405118110236222
11
4.9804853937007874
21
-3.7397625984251968
0
LINE
8
BLACK
6
CONTINUOUS
10
4.9804853937007874
20
-3.7397625984251968
11
4.977292244094488
21
-3.7376290157480314
0
LINE
8
BLACK
6
CONTINUOUS
10
4.977292244094488
20
-3.7376290157480314
11
4.9751586614173231
21
-3.7344358661417321
0
LINE
8
BLACK
6
CONTINUOUS
10
4.9751586614173231
20
-3.7344358661417321
11
4.9744094488188972
21
-3.7306692913385824
0
LINE
8
BLACK
6
CONTINUOUS
10
4.9744094488188972
20
-3.7306692913385824
11
4.9744094488188972
21
-3.6893307086614171
0
LINE
8
BLACK
6
CONTINUOUS
10
4.9744094488188972
20
-3.6893307086614171
11
4.9751586614173231
21
-3.6855641338582674
0
LINE
8
BLACK
6
CONTINUOUS
10
4.9751586614173231
20
-3.6855641338582674
11
4.977292244094488
21
-3.6823709842519685
0
LINE
8
BLACK
6
CONTINUOUS
10
4.977292244094488
20
-3.6823709842519685
11
4.9804853937007874
21
-3.6802374015748032
0
LINE
8
BLACK
6
CONTINUOUS
10
4.9804853937007874
20
-3.6802374015748032
11
4.984251968503937
21
-3.6794881889763777
0
LINE
8
BLACK
6
CONTINUOUS
10
4.984251968503937
20
-3.6794881889763777
11
5.0236220472440944
21
-3.6794881889763777
0
LINE
8
BLACK
6
CONTINUOUS
10
5.0236220472440944
20
-3.6794881889763777
11
5.0273886220472441
21
-3.6802374015748032
0
LINE
8
BLACK
6
CONTINUOUS
10
5.1061287795275589
20
-3.6802374015748032
11
5.1093219291338583
21
-3.6823709842519685
0
LINE
8
BLACK
6
CONTINUOUS
10
5.1093219291338583
20
-3.6823709842519685
11
5.1114555118110232
21
-3.6855641338582674
0
LINE
8
BLACK
6
CONTINUOUS
10
5.1114555118110232
20
-3.6855641338582674
11
5.1122047244094491
21
-3.6893307086614171
0
LINE
8
BLACK
6
CONTINUOUS
10
5.1122047244094491
20
-3.6893307086614171
11
5.1122047244094491
21
-3.7306692913385824
0
LINE
8
BLACK
6
CONTINUOUS
10
5.1122047244094491
20
-3.7306692913385824
11
5.1114555118110232
21
-3.7344358661417321
0
LINE
8
BLACK
6
CONTINUOUS
10
5.1114555118110232
20
-3.7344358661417321
11
5.1093219291338583
21
-3.7376290157480314
0
LINE
8
BLACK
6
CONTINUOUS
10
5.1093219291338583
20
-3.7376290157480314
11
5.1061287795275589
21
-3.7397625984251968
0
LINE
8
BLACK
6
CONTINUOUS
10
5.1061287795275589
20
-3.7397625984251968
11
5.1023622047244093
21
-3.7405118110236222
0
LINE
8
BLACK
6
CONTINUOUS
10
5.1023622047244093
20
-3.7405118110236222
11
5.0629921259842519
21
-3.7405118110236222
0
LINE
8
BLACK
6
CONTINUOUS
10
5.0629921259842519
20
-3.7405118110236222
11
5.0592255511811022
21
-3.7397625984251968
0
LINE
8
BLACK
6
CONTINUOUS
10
5.0592255511811022
20
-3.7397625984251968
11
5.0560324015748028
21
-3.7376290157480314
0
LINE
8
BLACK
6
CONTINUOUS
10
5.0560324015748028
20
-3.7376290157480314
11
5.0538988188976379
21
-3.7344358661417321
0
LINE
8
BLACK
6
CONTINUOUS
10
5.0538988188976379
20
-3.7344358661417321
11
5.0531496062992121
21
-3.7306692913385824
0
LINE
8
BLACK
6
CONTINUOUS
10
5.0531496062992121
20
-3.7306692913385824
11
5.0531496062992121
21
-3.6893307086614171
0
LINE
8
BLACK
6
CONTINUOUS
10
5.0531496062992121
20
-3.6893307086614171
11
5.0538988188976379
21
-3.6855641338582674
0
LINE
8
BLACK
6
CONTINUOUS
10
5.0538988188976379
20
-3.6855641338582674
11
5.0560324015748028
21
-3.6823709842519685
0
LINE
8
BLACK
6
CONTINUOUS
10
5.0560324015748028
20
-3.6823709842519685
11
5.0592255511811022
21
-3.6802374015748032
0
LINE
8
BLACK
6
CONTINUOUS
10
5.0592255511811022
20
-3.6802374015748032
11
5.0629921259842519
21
-3.6794881889763777
0
LINE
8
BLACK
6
CONTINUOUS
10
5.0629921259842519
20
-3.6794881889763777
11
5.1023622047244093
21
-3.6794881889763777
0
LINE
8
BLACK
6
CONTINUOUS
10
5.1023622047244093
20
-3.6794881889763777
11
5.1061287795275589
21
-3.6802374015748032
0
LINE
8
BLACK
6
CONTINUOUS
10
5.1818558661417322
20
-3.6796380708661416
11
5.1833891338582676
21
-3.6796380708661416
0
LINE
8
BLACK
6
CONTINUOUS
10
5.1833891338582676
20
-3.6796380708661416
11
5.1878068503937005
21
-3.6808218110236219
0
LINE
8
BLACK
6
CONTINUOUS
10
5.1878068503937005
20
-3.6808218110236219
11
5.1917676771653545
21
-3.6831085826771655
0
LINE
8
BLACK
6
CONTINUOUS
10
5.1917676771653545
20
-3.6831085826771655
11
5.195001653543307
21
-3.686342559055118
0
LINE
8
BLACK
6
CONTINUOUS
10
5.195001653543307
20
-3.686342559055118
11
5.1972884251968505
21
-3.6903033858267715
0
LINE
8
BLACK
6
CONTINUOUS
10
5.1972884251968505
20
-3.6903033858267715
11
5.1984721653543309
21
-3.6947211023622049
0
LINE
8
BLACK
6
CONTINUOUS
10
5.1984721653543309
20
-3.6947211023622049
11
5.1986220472440943
21
-3.6970078740157479
0
LINE
8
BLACK
6
CONTINUOUS
10
5.1986220472440943
20
-3.6970078740157479
11
5.1986220472440943
21
-3.722992125984252
0
LINE
8
BLACK
6
CONTINUOUS
10
5.1986220472440943
20
-3.722992125984252
11
5.1984721653543309
21
-3.7252788976377951
0
LINE
8
BLACK
6
CONTINUOUS
10
5.1984721653543309
20
-3.7252788976377951
11
5.1972884251968505
21
-3.7296966141732284
0
LINE
8
BLACK
6
CONTINUOUS
10
5.1972884251968505
20
-3.7296966141732284
11
5.195001653543307
21
-3.7336574409448819
0
LINE
8
BLACK
6
CONTINUOUS
10
5.195001653543307
20
-3.7336574409448819
11
5.1917676771653545
21
-3.7368914173228345
0
LINE
8
BLACK
6
CONTINUOUS
10
5.1917676771653545
20
-3.7368914173228345
11
5.1878068503937005
21
-3.739178188976378
0
LINE
8
BLACK
6
CONTINUOUS
10
5.1878068503937005
20
-3.739178188976378
11
5.1833891338582676
21
-3.7403619291338583
0
LINE
8
BLACK
6
CONTINUOUS
10
5.1833891338582676
20
-3.7403619291338583
11
5.1818558661417322
21
-3.7403619291338583
0
LINE
8
BLACK
6
CONTINUOUS
10
5.1818558661417322
20
-3.7403619291338583
11
5.1811023622047241
21
-3.7405118110236222
0
LINE
8
BLACK
6
CONTINUOUS
10
5.1811023622047241
20
-3.7405118110236222
11
5.143700787401575
21
-3.7405118110236222
0
LINE
8
BLACK
6
CONTINUOUS
10
5.143700787401575
20
-3.7405118110236222
11
5.1399342125984253
21
-3.7397625984251968
0
LINE
8
BLACK
6
CONTINUOUS
10
5.1399342125984253
20
-3.7397625984251968
11
5.136741062992126
21
-3.7376290157480314
0
LINE
8
BLACK
6
CONTINUOUS
10
5.136741062992126
20
-3.7376290157480314
11
5.1346074803149602
21
-3.7344358661417321
0
LINE
8
BLACK
6
CONTINUOUS
10
5.1346074803149602
20
-3.7344358661417321
11
5.1338582677165352
21
-3.7306692913385824
0
LINE
8
BLACK
6
CONTINUOUS
10
5.1338582677165352
20
-3.7306692913385824
11
5.1338582677165352
21
-3.6893307086614171
0
LINE
8
BLACK
6
CONTINUOUS
10
5.1338582677165352
20
-3.6893307086614171
11
5.1346074803149602
21
-3.6855641338582674
0
LINE
8
BLACK
6
CONTINUOUS
10
5.1346074803149602
20
-3.6855641338582674
11
5.136741062992126
21
-3.6823709842519685
0
LINE
8
BLACK
6
CONTINUOUS
10
5.136741062992126
20
-3.6823709842519685
11
5.1399342125984253
21
-3.6802374015748032
0
LINE
8
BLACK
6
CONTINUOUS
10
5.1399342125984253
20
-3.6802374015748032
11
5.143700787401575
21
-3.6794881889763777
0
LINE
8
BLACK
6
CONTINUOUS
10
5.143700787401575
20
-3.6794881889763777
11
5.1811023622047241
21
-3.6794881889763777
0
LINE
8
BLACK
6
CONTINUOUS
10
5.1811023622047241
20
-3.6794881889763777
11
5.1818558661417322
21
-3.6796380708661416
0
LINE
8
BLACK
6
CONTINUOUS
10
4.9975696062992121
20
-3.5774256692913387
11
4.9988468897637794
21
-3.578279094488189
0
LINE
8
BLACK
6
CONTINUOUS
10
4.9988468897637794
20
-3.578279094488189
11
4.9997003149606298
21
-3.5795563779527559
0
LINE
8
BLACK
6
CONTINUOUS
10
4.9997003149606298
20
-3.5795563779527559
11
5.
21
-3.5810629921259842
0
LINE
8
BLACK
6
CONTINUOUS
10
5.
20
-3.5810629921259842
11
5.
21
-3.6263385826771652
0
LINE
8
BLACK
6
CONTINUOUS
10
5.
20
-3.6263385826771652
11
4.9997003149606298
21
-3.6278451968503935
0
LINE
8
BLACK
6
CONTINUOUS
10
4.9997003149606298
20
-3.6278451968503935
11
4.9988468897637794
21
-3.6291224803149604
0
LINE
8
BLACK
6
CONTINUOUS
10
4.9988468897637794
20
-3.6291224803149604
11
4.9975696062992121
21
-3.6299759055118108
0
LINE
8
BLACK
6
CONTINUOUS
10
4.9975696062992121
20
-3.6299759055118108
11
4.9960629921259843
21
-3.630275590551181
0
LINE
8
BLACK
6
CONTINUOUS
10
4.9960629921259843
20
-3.630275590551181
11
4.9881889763779528
21
-3.630275590551181
0
LINE
8
BLACK
6
CONTINUOUS
10
4.9881889763779528
20
-3.630275590551181
11
4.9866823622047241
21
-3.6299759055118108
0
LINE
8
BLACK
6
CONTINUOUS
10
4.9866823622047241
20
-3.6299759055118108
11
4.9854050787401576
21
-3.6291224803149604
0
LINE
8
BLACK
6
CONTINUOUS
10
4.9854050787401576
20
-3.6291224803149604
11
4.9845516535433072
21
-3.6278451968503935
0
LINE
8
BLACK
6
CONTINUOUS
10
4.9845516535433072
20
-3.6278451968503935
11
4.984251968503937
21
-3.6263385826771652
0
LINE
8
BLACK
6
CONTINUOUS
10
4.984251968503937
20
-3.6263385826771652
11
4.984251968503937
21
-3.5810629921259842
0
LINE
8
BLACK
6
CONTINUOUS
10
4.984251968503937
20
-3.5810629921259842
11
4.9845516535433072
21
-3.5795563779527559
0
LINE
8
BLACK
6
CONTINUOUS
10
4.9845516535433072
20
-3.5795563779527559
11
4.9854050787401576
21
-3.578279094488189
0
LINE
8
BLACK
6
CONTINUOUS
10
4.9854050787401576
20
-3.578279094488189
11
4.9866823622047241
21
-3.5774256692913387
0
LINE
8
BLACK
6
CONTINUOUS
10
4.9866823622047241
20
-3.5774256692913387
11
4.9881889763779528
21
-3.5771259842519685
0
LINE
8
BLACK
6
CONTINUOUS
10
4.9881889763779528
20
-3.5771259842519685
11
4.9960629921259843
21
-3.5771259842519685
0
LINE
8
BLACK
6
CONTINUOUS
10
4.9960629921259843
20
-3.5771259842519685
11
4.9975696062992121
21
-3.5774256692913387
0
LINE
8
BLACK
6
CONTINUOUS
10
5.0231601574803149
20
-3.5774256692913387
11
5.0244374409448822
21
-3.578279094488189
0
LINE
8
BLACK
6
CONTINUOUS
10
5.0244374409448822
20
-3.578279094488189
11
5.0252908661417326
21
-3.5795563779527559
0
LINE
8
BLACK
6
CONTINUOUS
10
5.0252908661417326
20
-3.5795563779527559
11
5.0255905511811019
21
-3.5810629921259842
0
LINE
8
BLACK
6
CONTINUOUS
10
5.0255905511811019
20
-3.5810629921259842
11
5.0255905511811019
21
-3.6263385826771652
0
LINE
8
BLACK
6
CONTINUOUS
10
5.0255905511811019
20
-3.6263385826771652
11
5.0252908661417326
21
-3.6278451968503935
0
LINE
8
BLACK
6
CONTINUOUS
10
5.0252908661417326
20
-3.6278451968503935
11
5.0244374409448822
21
-3.6291224803149604
0
LINE
8
BLACK
6
CONTINUOUS
10
5.0244374409448822
20
-3.6291224803149604
11
5.0231601574803149
21
-3.6299759055118108
0
LINE
8
BLACK
6
CONTINUOUS
10
5.0231601574803149
20
-3.6299759055118108
11
5.0216535433070861
21
-3.630275590551181
0
LINE
8
BLACK
6
CONTINUOUS
10
5.0216535433070861
20
-3.630275590551181
11
5.0137795275590546
21
-3.630275590551181
0
LINE
8
BLACK
6
CONTINUOUS
10
5.0137795275590546
20
-3.630275590551181
11
5.0122729133858268
21
-3.6299759055118108
0
LINE
8
BLACK
6
CONTINUOUS
10
5.0122729133858268
20
-3.6299759055118108
11
5.0109956299212595
21
-3.6291224803149604
0
LINE
8
BLACK
6
CONTINUOUS
10
5.0109956299212595
20
-3.6291224803149604
11
5.0101422047244091
21
-3.6278451968503935
0
LINE
8
BLACK
6
CONTINUOUS
10
5.0101422047244091
20
-3.6278451968503935
11
5.0098425196850389
21
-3.6263385826771652
0
LINE
8
BLACK
6
CONTINUOUS
10
5.0098425196850389
20
-3.6263385826771652
11
5.0098425196850389
21
-3.5810629921259842
0
LINE
8
BLACK
6
CONTINUOUS
10
5.0098425196850389
20
-3.5810629921259842
11
5.0101422047244091
21
-3.5795563779527559
0
LINE
8
BLACK
6
CONTINUOUS
10
5.0101422047244091
20
-3.5795563779527559
11
5.0109956299212595
21
-3.578279094488189
0
LINE
8
BLACK
6
CONTINUOUS
10
5.0109956299212595
20
-3.578279094488189
11
5.0122729133858268
21
-3.5774256692913387
0
LINE
8
BLACK
6
CONTINUOUS
10
5.0122729133858268
20
-3.5774256692913387
11
5.0137795275590546
21
-3.5771259842519685
0
LINE
8
BLACK
6
CONTINUOUS
10
5.0137795275590546
20
-3.5771259842519685
11
5.0216535433070861
21
-3.5771259842519685
0
LINE
8
BLACK
6
CONTINUOUS
10
5.0216535433070861
20
-3.5771259842519685
11
5.0231601574803149
21
-3.5774256692913387
0
LINE
8
BLACK
6
CONTINUOUS
10
5.0487507086614176
20
-3.5774256692913387
11
5.0500279921259841
21
-3.578279094488189
0
LINE
8
BLACK
6
CONTINUOUS
10
5.0500279921259841
20
-3.578279094488189
11
5.0508814173228345
21
-3.5795563779527559
0
LINE
8
BLACK
6
CONTINUOUS
10
5.0508814173228345
20
-3.5795563779527559
11
5.0511811023622046
21
-3.5810629921259842
0
LINE
8
BLACK
6
CONTINUOUS
10
5.0511811023622046
20
-3.5810629921259842
11
5.0511811023622046
21
-3.6263385826771652
0
LINE
8
BLACK
6
CONTINUOUS
10
5.0511811023622046
20
-3.6263385826771652
11
5.0508814173228345
21
-3.6278451968503935
0
LINE
8
BLACK
6
CONTINUOUS
10
5.0508814173228345
20
-3.6278451968503935
11
5.0500279921259841
21
-3.6291224803149604
0
LINE
8
BLACK
6
CONTINUOUS
10
5.0500279921259841
20
-3.6291224803149604
11
5.0487507086614176
21
-3.6299759055118108
0
LINE
8
BLACK
6
CONTINUOUS
10
5.0487507086614176
20
-3.6299759055118108
11
5.0472440944881889
21
-3.630275590551181
0
LINE
8
BLACK
6
CONTINUOUS
10
5.0472440944881889
20
-3.630275590551181
11
5.0393700787401574
21
-3.630275590551181
0
LINE
8
BLACK
6
CONTINUOUS
10
5.0393700787401574
20
-3.630275590551181
11
5.0378634645669287
21
-3.6299759055118108
0
LINE
8
BLACK
6
CONTINUOUS
10
5.0378634645669287
20
-3.6299759055118108
11
5.0365861811023622
21
-3.6291224803149604
0
LINE
8
BLACK
6
CONTINUOUS
10
5.0365861811023622
20
-3.6291224803149604
11
5.0357327559055118
21
-3.6278451968503935
0
LINE
8
BLACK
6
CONTINUOUS
10
5.0357327559055118
20
-3.6278451968503935
11
5.0354330708661417
21
-3.6263385826771652
0
LINE
8
BLACK
6
CONTINUOUS
10
5.0354330708661417
20
-3.6263385826771652
11
5.0354330708661417
21
-3.5810629921259842
0
LINE
8
BLACK
6
CONTINUOUS
10
5.0354330708661417
20
-3.5810629921259842
11
5.0357327559055118
21
-3.5795563779527559
0
LINE
8
BLACK
6
CONTINUOUS
10
5.0357327559055118
20
-3.5795563779527559
11
5.0365861811023622
21
-3.578279094488189
0
LINE
8
BLACK
6
CONTINUOUS
10
5.0365861811023622
20
-3.578279094488189
11
5.0378634645669287
21
-3.5774256692913387
0
LINE
8
BLACK
6
CONTINUOUS
10
5.0378634645669287
20
-3.5774256692913387
11
5.0393700787401574
21
-3.5771259842519685
0
LINE
8
BLACK
6
CONTINUOUS
10
5.0393700787401574
20
-3.5771259842519685
11
5.0472440944881889
21
-3.5771259842519685
0
LINE
8
BLACK
6
CONTINUOUS
10
5.0472440944881889
20
-3.5771259842519685
11
5.0487507086614176
21
-3.5774256692913387
0
LINE
8
BLACK
6
CONTINUOUS
10
5.0743412598425195
20
-3.5774256692913387
11
5.0756185433070868
21
-3.578279094488189
0
LINE
8
BLACK
6
CONTINUOUS
10
5.0756185433070868
20
-3.578279094488189
11
5.0764719685039372
21
-3.5795563779527559
0
LINE
8
BLACK
6
CONTINUOUS
10
5.0764719685039372
20
-3.5795563779527559
11
5.0767716535433074
21
-3.5810629921259842
0
LINE
8
BLACK
6
CONTINUOUS
10
5.0767716535433074
20
-3.5810629921259842
11
5.0767716535433074
21
-3.6263385826771652
0
LINE
8
BLACK
6
CONTINUOUS
10
5.0767716535433074
20
-3.6263385826771652
11
5.0764719685039372
21
-3.6278451968503935
0
LINE
8
BLACK
6
CONTINUOUS
10
5.0764719685039372
20
-3.6278451968503935
11
5.0756185433070868
21
-3.6291224803149604
0
LINE
8
BLACK
6
CONTINUOUS
10
5.0756185433070868
20
-3.6291224803149604
11
5.0743412598425195
21
-3.6299759055118108
0
LINE
8
BLACK
6
CONTINUOUS
10
5.0743412598425195
20
-3.6299759055118108
11
5.0728346456692917
21
-3.630275590551181
0
LINE
8
BLACK
6
CONTINUOUS
10
5.0728346456692917
20
-3.630275590551181
11
5.0649606299212602
21
-3.630275590551181
0
LINE
8
BLACK
6
CONTINUOUS
10
5.0649606299212602
20
-3.630275590551181
11
5.0634540157480314
21
-3.6299759055118108
0
LINE
8
BLACK
6
CONTINUOUS
10
5.0634540157480314
20
-3.6299759055118108
11
5.0621767322834641
21
-3.6291224803149604
0
LINE
8
BLACK
6
CONTINUOUS
10
5.0621767322834641
20
-3.6291224803149604
11
5.0613233070866137
21
-3.6278451968503935
0
LINE
8
BLACK
6
CONTINUOUS
10
5.0613233070866137
20
-3.6278451968503935
11
5.0610236220472435
21
-3.6263385826771652
0
LINE
8
BLACK
6
CONTINUOUS
10
5.0610236220472435
20
-3.6263385826771652
11
5.0610236220472435
21
-3.5810629921259842
0
LINE
8
BLACK
6
CONTINUOUS
10
5.0610236220472435
20
-3.5810629921259842
11
5.0613233070866137
21
-3.5795563779527559
0
LINE
8
BLACK
6
CONTINUOUS
10
5.0613233070866137
20
-3.5795563779527559
11
5.0621767322834641
21
-3.578279094488189
0
LINE
8
BLACK
6
CONTINUOUS
10
5.0621767322834641
20
-3.578279094488189
11
5.0634540157480314
21
-3.5774256692913387
0
LINE
8
BLACK
6
CONTINUOUS
10
5.0634540157480314
20
-3.5774256692913387
11
5.0649606299212602
21
-3.5771259842519685
0
LINE
8
BLACK
6
CONTINUOUS
10
5.0649606299212602
20
-3.5771259842519685
11
5.0728346456692917
21
-3.5771259842519685
0
LINE
8
BLACK
6
CONTINUOUS
10
5.0728346456692917
20
-3.5771259842519685
11
5.0743412598425195
21
-3.5774256692913387
0
LINE
8
BLACK
6
CONTINUOUS
10
5.0999318110236223
20
-3.5774256692913387
11
5.1012090944881887
21
-3.578279094488189
0
LINE
8
BLACK
6
CONTINUOUS
10
5.1012090944881887
20
-3.578279094488189
11
5.1020625196850391
21
-3.5795563779527559
0
LINE
8
BLACK
6
CONTINUOUS
10
5.1020625196850391
20
-3.5795563779527559
11
5.1023622047244093
21
-3.5810629921259842
0
LINE
8
BLACK
6
CONTINUOUS
10
5.1023622047244093
20
-3.5810629921259842
11
5.1023622047244093
21
-3.6263385826771652
0
LINE
8
BLACK
6
CONTINUOUS
10
5.1023622047244093
20
-3.6263385826771652
11
5.1020625196850391
21
-3.6278451968503935
0
LINE
8
BLACK
6
CONTINUOUS
10
5.1020625196850391
20
-3.6278451968503935
11
5.1012090944881887
21
-3.6291224803149604
0
LINE
8
BLACK
6
CONTINUOUS
10
5.1012090944881887
20
-3.6291224803149604
11
5.0999318110236223
21
-3.6299759055118108
0
LINE
8
BLACK
6
CONTINUOUS
10
5.0999318110236223
20
-3.6299759055118108
11
5.0984251968503935
21
-3.630275590551181
0
LINE
8
BLACK
6
CONTINUOUS
10
5.0984251968503935
20
-3.630275590551181
11
5.090551181102362
21
-3.630275590551181
0
LINE
8
BLACK
6
CONTINUOUS
10
5.090551181102362
20
-3.630275590551181
11
5.0890445669291333
21
-3.6299759055118108
0
LINE
8
BLACK
6
CONTINUOUS
10
5.0890445669291333
20
-3.6299759055118108
11
5.0877672834645669
21
-3.6291224803149604
0
LINE
8
BLACK
6
CONTINUOUS
10
5.0877672834645669
20
-3.6291224803149604
11
5.0869138582677165
21
-3.6278451968503935
0
LINE
8
BLACK
6
CONTINUOUS
10
5.0869138582677165
20
-3.6278451968503935
11
5.0866141732283463
21
-3.6263385826771652
0
LINE
8
BLACK
6
CONTINUOUS
10
5.0866141732283463
20
-3.6263385826771652
11
5.0866141732283463
21
-3.5810629921259842
0
LINE
8
BLACK
6
CONTINUOUS
10
5.0866141732283463
20
-3.5810629921259842
11
5.0869138582677165
21
-3.5795563779527559
0
LINE
8
BLACK
6
CONTINUOUS
10
5.0869138582677165
20
-3.5795563779527559
11
5.0877672834645669
21
-3.578279094488189
0
LINE
8
BLACK
6
CONTINUOUS
10
5.0877672834645669
20
-3.578279094488189
11
5.0890445669291333
21
-3.5774256692913387
0
LINE
8
BLACK
6
CONTINUOUS
10
5.0890445669291333
20
-3.5774256692913387
11
5.090551181102362
21
-3.5771259842519685
0
LINE
8
BLACK
6
CONTINUOUS
10
5.090551181102362
20
-3.5771259842519685
11
5.0984251968503935
21
-3.5771259842519685
0
LINE
8
BLACK
6
CONTINUOUS
10
5.0984251968503935
20
-3.5771259842519685
11
5.0999318110236223
21
-3.5774256692913387
0
LINE
8
BLACK
6
CONTINUOUS
10
4.9532283464566929
20
-3.5851600000000001
11
4.9579438976377954
21
-3.5864235039370076
0
LINE
8
BLACK
6
CONTINUOUS
10
4.9579438976377954
20
-3.5864235039370076
11
4.9621717322834646
21
-3.5888644488188977
0
LINE
8
BLACK
6
CONTINUOUS
10
4.9621717322834646
20
-3.5888644488188977
11
4.9656237401574801
21
-3.5923164566929131
0
LINE
8
BLACK
6
CONTINUOUS
10
4.9656237401574801
20
-3.5923164566929131
11
4.9680646850393702
21
-3.5965442913385828
0
LINE
8
BLACK
6
CONTINUOUS
10
4.9680646850393702
20
-3.5965442913385828
11
4.9693281889763776
21
-3.6012598425196849
0
LINE
8
BLACK
6
CONTINUOUS
10
4.9693281889763776
20
-3.6012598425196849
11
4.9693281889763776
21
-3.6061417322834646
0
LINE
8
BLACK
6
CONTINUOUS
10
4.9693281889763776
20
-3.6061417322834646
11
4.9680646850393702
21
-3.6108572834645667
0
LINE
8
BLACK
6
CONTINUOUS
10
4.9680646850393702
20
-3.6108572834645667
11
4.9656237401574801
21
-3.6150851181102359
0
LINE
8
BLACK
6
CONTINUOUS
10
4.9656237401574801
20
-3.6150851181102359
11
4.9621717322834646
21
-3.6185371259842518
0
LINE
8
BLACK
6
CONTINUOUS
10
4.9621717322834646
20
-3.6185371259842518
11
4.9579438976377954
21
-3.6209780708661414
0
LINE
8
BLACK
6
CONTINUOUS
10
4.9579438976377954
20
-3.6209780708661414
11
4.9532283464566929
21
-3.6222415748031493
0
LINE
8
BLACK
6
CONTINUOUS
10
4.9532283464566929
20
-3.6222415748031493
11
4.9507874015748028
21
-3.6224015748031495
0
LINE
8
BLACK
6
CONTINUOUS
10
4.9507874015748028
20
-3.6224015748031495
11
4.9389763779527556
21
-3.6224015748031495
0
LINE
8
BLACK
6
CONTINUOUS
10
4.9389763779527556
20
-3.6224015748031495
11
4.9365354330708664
21
-3.6222415748031493
0
LINE
8
BLACK
6
CONTINUOUS
10
4.9365354330708664
20
-3.6222415748031493
11
4.9318198818897638
21
-3.6209780708661414
0
LINE
8
BLACK
6
CONTINUOUS
10
4.9318198818897638
20
-3.6209780708661414
11
4.9275920472440946
21
-3.6185371259842518
0
LINE
8
BLACK
6
CONTINUOUS
10
4.9275920472440946
20
-3.6185371259842518
11
4.9241400393700783
21
-3.6150851181102359
0
LINE
8
BLACK
6
CONTINUOUS
10
4.9241400393700783
20
-3.6150851181102359
11
4.9216990944881891
21
-3.6108572834645667
0
LINE
8
BLACK
6
CONTINUOUS
10
4.9216990944881891
20
-3.6108572834645667
11
4.9204355905511807
21
-3.6061417322834646
0
LINE
8
BLACK
6
CONTINUOUS
10
4.9204355905511807
20
-3.6061417322834646
11
4.9204355905511807
21
-3.6012598425196849
0
LINE
8
BLACK
6
CONTINUOUS
10
4.9204355905511807
20
-3.6012598425196849
11
4.9216990944881891
21
-3.5965442913385828
0
LINE
8
BLACK
6
CONTINUOUS
10
4.9216990944881891
20
-3.5965442913385828
11
4.9241400393700783
21
-3.5923164566929131
0
LINE
8
BLACK
6
CONTINUOUS
10
4.9241400393700783
20
-3.5923164566929131
11
4.9275920472440946
21
-3.5888644488188977
0
LINE
8
BLACK
6
CONTINUOUS
10
4.9275920472440946
20
-3.5888644488188977
11
4.9318198818897638
21
-3.5864235039370076
0
LINE
8
BLACK
6
CONTINUOUS
10
4.9318198818897638
20
-3.5864235039370076
11
4.9365354330708664
21
-3.5851600000000001
0
LINE
8
BLACK
6
CONTINUOUS
10
4.9365354330708664
20
-3.5851600000000001
11
4.9389763779527556
21
-3.585
0
LINE
8
BLACK
6
CONTINUOUS
10
4.9389763779527556
20
-3.585
11
4.9507874015748028
21
-3.585
0
LINE
8
BLACK
6
CONTINUOUS
10
4.9507874015748028
20
-3.585
11
4.9532283464566929
21
-3.5851600000000001
0
LINE
8
BLACK
6
CONTINUOUS
10
5.1500787401574799
20
-3.5851600000000001
11
5.1547942913385825
21
-3.5864235039370076
0
LINE
8
BLACK
6
CONTINUOUS
10
5.1547942913385825
20
-3.5864235039370076
11
5.1590221259842517
21
-3.5888644488188977
0
LINE
8
BLACK
6
CONTINUOUS
10
5.1590221259842517
20
-3.5888644488188977
11
5.162474133858268
21
-3.5923164566929131
0
LINE
8
BLACK
6
CONTINUOUS
10
5.162474133858268
20
-3.5923164566929131
11
5.1649150787401572
21
-3.5965442913385828
0
LINE
8
BLACK
6
CONTINUOUS
10
5.1649150787401572
20
-3.5965442913385828
11
5.1661785826771656
21
-3.6012598425196849
0
LINE
8
BLACK
6
CONTINUOUS
10
5.1661785826771656
20
-3.6012598425196849
11
5.1661785826771656
21
-3.6061417322834646
0
LINE
8
BLACK
6
CONTINUOUS
10
5.1661785826771656
20
-3.6061417322834646
11
5.1649150787401572
21
-3.6108572834645667
0
LINE
8
BLACK
6
CONTINUOUS
10
5.1649150787401572
20
-3.6108572834645667
11
5.162474133858268
21
-3.6150851181102359
0
LINE
8
BLACK
6
CONTINUOUS
10
5.162474133858268
20
-3.6150851181102359
11
5.1590221259842517
21
-3.6185371259842518
0
LINE
8
BLACK
6
CONTINUOUS
10
5.1590221259842517
20
-3.6185371259842518
11
5.1547942913385825
21
-3.6209780708661414
0
LINE
8
BLACK
6
CONTINUOUS
10
5.1547942913385825
20
-3.6209780708661414
11
5.1500787401574799
21
-3.6222415748031493
0
LINE
8
BLACK
6
CONTINUOUS
10
5.1500787401574799
20
-3.6222415748031493
11
5.1476377952755907
21
-3.6224015748031495
0
LINE
8
BLACK
6
CONTINUOUS
10
5.1476377952755907
20
-3.6224015748031495
11
5.1358267716535435
21
-3.6224015748031495
0
LINE
8
BLACK
6
CONTINUOUS
10
5.1358267716535435
20
-3.6224015748031495
11
5.1333858267716534
21
-3.6222415748031493
0
LINE
8
BLACK
6
CONTINUOUS
10
5.1333858267716534
20
-3.6222415748031493
11
5.1286702755905509
21
-3.6209780708661414
0
LINE
8
BLACK
6
CONTINUOUS
10
5.1286702755905509
20
-3.6209780708661414
11
5.1244424409448817
21
-3.6185371259842518
0
LINE
8
BLACK
6
CONTINUOUS
10
5.1244424409448817
20
-3.6185371259842518
11
5.1209904330708662
21
-3.6150851181102359
0
LINE
8
BLACK
6
CONTINUOUS
10
5.1209904330708662
20
-3.6150851181102359
11
5.1185494881889761
21
-3.6108572834645667
0
LINE
8
BLACK
6
CONTINUOUS
10
5.1185494881889761
20
-3.6108572834645667
11
5.1172859842519687
21
-3.6061417322834646
0
LINE
8
BLACK
6
CONTINUOUS
10
5.1172859842519687
20
-3.6061417322834646
11
5.1172859842519687
21
-3.6012598425196849
0
LINE
8
BLACK
6
CONTINUOUS
10
5.1172859842519687
20
-3.6012598425196849
11
5.1185494881889761
21
-3.5965442913385828
0
LINE
8
BLACK
6
CONTINUOUS
10
5.1185494881889761
20
-3.5965442913385828
11
5.1209904330708662
21
-3.5923164566929131
0
LINE
8
BLACK
6
CONTINUOUS
10
5.1209904330708662
20
-3.5923164566929131
11
5.1244424409448817
21
-3.5888644488188977
0
LINE
8
BLACK
6
CONTINUOUS
10
5.1244424409448817
20
-3.5888644488188977
11
5.1286702755905509
21
-3.5864235039370076
0
LINE
8
BLACK
6
CONTINUOUS
10
5.1286702755905509
20
-3.5864235039370076
11
5.1333858267716534
21
-3.5851600000000001
0
LINE
8
BLACK
6
CONTINUOUS
10
5.1333858267716534
20
-3.5851600000000001
11
5.1358267716535435
21
-3.585
0
LINE
8
BLACK
6
CONTINUOUS
10
5.1358267716535435
20
-3.585
11
5.1476377952755907
21
-3.585
0
LINE
8
BLACK
6
CONTINUOUS
10
5.1476377952755907
20
-3.585
11
5.1500787401574799
21
-3.5851600000000001
0
LINE
8
BLACK
6
CONTINUOUS
10
5.2952755905511806
20
-3.5993110236220471
11
5.2480314960629917
21
-3.5993110236220471
0
LINE
8
BLACK
6
CONTINUOUS
10
5.2480314960629917
20
-3.5993110236220471
11
5.2480314960629917
21
-3.5835629921259842
0
LINE
8
BLACK
6
CONTINUOUS
10
5.2480314960629917
20
-3.5835629921259842
11
5.2952755905511806
21
-3.5835629921259842
0
LINE
8
BLACK
6
CONTINUOUS
10
5.2952755905511806
20
-3.5835629921259842
11
5.2952755905511806
21
-3.5993110236220471
0
LINE
8
BLACK
6
CONTINUOUS
10
5.5
20
-3.5993110236220471
11
5.4527559055118111
21
-3.5993110236220471
0
LINE
8
BLACK
6
CONTINUOUS
10
5.4527559055118111
20
-3.5993110236220471
11
5.4527559055118111
21
-3.5835629921259842
0
LINE
8
BLACK
6
CONTINUOUS
10
5.4527559055118111
20
-3.5835629921259842
11
5.5
21
-3.5835629921259842
0
LINE
8
BLACK
6
CONTINUOUS
10
5.5
20
-3.5835629921259842
11
5.5
21
-3.5993110236220471
0
LINE
8
BLACK
6
CONTINUOUS
10
5.2952755905511806
20
-3.5743110236220472
11
5.2480314960629917
21
-3.5743110236220472
0
LINE
8
BLACK
6
CONTINUOUS
10
5.2480314960629917
20
-3.5743110236220472
11
5.2480314960629917
21
-3.5585629921259843
0
LINE
8
BLACK
6
CONTINUOUS
10
5.2480314960629917
20
-3.5585629921259843
11
5.2952755905511806
21
-3.5585629921259843
0
LINE
8
BLACK
6
CONTINUOUS
10
5.2952755905511806
20
-3.5585629921259843
11
5.2952755905511806
21
-3.5743110236220472
0
LINE
8
BLACK
6
CONTINUOUS
10
5.5
20
-3.5743110236220472
11
5.4527559055118111
21
-3.5743110236220472
0
LINE
8
BLACK
6
CONTINUOUS
10
5.4527559055118111
20
-3.5743110236220472
11
5.4527559055118111
21
-3.5585629921259843
0
LINE
8
BLACK
6
CONTINUOUS
10
5.4527559055118111
20
-3.5585629921259843
11
5.5
21
-3.5585629921259843
0
LINE
8
BLACK
6
CONTINUOUS
10
5.5
20
-3.5585629921259843
11
5.5
21
-3.5743110236220472
0
LINE
8
BLACK
6
CONTINUOUS
10
5.2952755905511806
20
-3.5493110236220473
11
5.2480314960629917
21
-3.5493110236220473
0
LINE
8
BLACK
6
CONTINUOUS
10
5.2480314960629917
20
-3.5493110236220473
11
5.2480314960629917
21
-3.5335629921259843
0
LINE
8
BLACK
6
CONTINUOUS
10
5.2480314960629917
20
-3.5335629921259843
11
5.2952755905511806
21
-3.5335629921259843
0
LINE
8
BLACK
6
CONTINUOUS
10
5.2952755905511806
20
-3.5335629921259843
11
5.2952755905511806
21
-3.5493110236220473
0
LINE
8
BLACK
6
CONTINUOUS
10
5.5
20
-3.5493110236220473
11
5.4527559055118111
21
-3.5493110236220473
0
LINE
8
BLACK
6
CONTINUOUS
10
5.4527559055118111
20
-3.5493110236220473
11
5.4527559055118111
21
-3.5335629921259843
0
LINE
8
BLACK
6
CONTINUOUS
10
5.4527559055118111
20
-3.5335629921259843
11
5.5
21
-3.5335629921259843
0
LINE
8
BLACK
6
CONTINUOUS
10
5.5
20
-3.5335629921259843
11
5.5
21
-3.5493110236220473
0
LINE
8
BLACK
6
CONTINUOUS
10
5.2952755905511806
20
-3.524311023622047
11
5.2480314960629917
21
-3.524311023622047
0
LINE
8
BLACK
6
CONTINUOUS
10
5.2480314960629917
20
-3.524311023622047
11
5.2480314960629917
21
-3.508562992125984
0
LINE
8
BLACK
6
CONTINUOUS
10
5.2480314960629917
20
-3.508562992125984
11
5.2952755905511806
21
-3.508562992125984
0
LINE
8
BLACK
6
CONTINUOUS
10
5.2952755905511806
20
-3.508562992125984
11
5.2952755905511806
21
-3.524311023622047
0
LINE
8
BLACK
6
CONTINUOUS
10
5.5
20
-3.524311023622047
11
5.4527559055118111
21
-3.524311023622047
0
LINE
8
BLACK
6
CONTINUOUS
10
5.4527559055118111
20
-3.524311023622047
11
5.4527559055118111
21
-3.508562992125984
0
LINE
8
BLACK
6
CONTINUOUS
10
5.4527559055118111
20
-3.508562992125984
11
5.5
21
-3.508562992125984
0
LINE
8
BLACK
6
CONTINUOUS
10
5.5
20
-3.508562992125984
11
5.5
21
-3.524311023622047
0
LINE
8
BLACK
6
CONTINUOUS
10
5.2952755905511806
20
-3.499311023622047
11
5.2480314960629917
21
-3.499311023622047
0
LINE
8
BLACK
6
CONTINUOUS
10
5.2480314960629917
20
-3.499311023622047
11
5.2480314960629917
21
-3.4835629921259841
0
LINE
8
BLACK
6
CONTINUOUS
10
5.2480314960629917
20
-3.4835629921259841
11
5.2952755905511806
21
-3.4835629921259841
0
LINE
8
BLACK
6
CONTINUOUS
10
5.2952755905511806
20
-3.4835629921259841
11
5.2952755905511806
21
-3.499311023622047
0
LINE
8
BLACK
6
CONTINUOUS
10
5.5
20
-3.499311023622047
11
5.4527559055118111
21
-3.499311023622047
0
LINE
8
BLACK
6
CONTINUOUS
10
5.4527559055118111
20
-3.499311023622047
11
5.4527559055118111
21
-3.4835629921259841
0
LINE
8
BLACK
6
CONTINUOUS
10
5.4527559055118111
20
-3.4835629921259841
11
5.5
21
-3.4835629921259841
0
LINE
8
BLACK
6
CONTINUOUS
10
5.5
20
-3.4835629921259841
11
5.5
21
-3.499311023622047
0
LINE
8
BLACK
6
CONTINUOUS
10
5.2952755905511806
20
-3.4743110236220471
11
5.2480314960629917
21
-3.4743110236220471
0
LINE
8
BLACK
6
CONTINUOUS
10
5.2480314960629917
20
-3.4743110236220471
11
5.2480314960629917
21
-3.4585629921259842
0
LINE
8
BLACK
6
CONTINUOUS
10
5.2480314960629917
20
-3.4585629921259842
11
5.2952755905511806
21
-3.4585629921259842
0
LINE
8
BLACK
6
CONTINUOUS
10
5.2952755905511806
20
-3.4585629921259842
11
5.2952755905511806
21
-3.4743110236220471
0
LINE
8
BLACK
6
CONTINUOUS
10
5.5
20
-3.4743110236220471
11
5.4527559055118111
21
-3.4743110236220471
0
LINE
8
BLACK
6
CONTINUOUS
10
5.4527559055118111
20
-3.4743110236220471
11
5.4527559055118111
21
-3.4585629921259842
0
LINE
8
BLACK
6
CONTINUOUS
10
5.4527559055118111
20
-3.4585629921259842
11
5.5
21
-3.4585629921259842
0
LINE
8
BLACK
6
CONTINUOUS
10
5.5
20
-3.4585629921259842
11
5.5
21
-3.4743110236220471
0
LINE
8
BLACK
6
CONTINUOUS
10
5.2952755905511806
20
-3.4493110236220472
11
5.2480314960629917
21
-3.4493110236220472
0
LINE
8
BLACK
6
CONTINUOUS
10
5.2480314960629917
20
-3.4493110236220472
11
5.2480314960629917
21
-3.4335629921259843
0
LINE
8
BLACK
6
CONTINUOUS
10
5.2480314960629917
20
-3.4335629921259843
11
5.2952755905511806
21
-3.4335629921259843
0
LINE
8
BLACK
6
CONTINUOUS
10
5.2952755905511806
20
-3.4335629921259843
11
5.2952755905511806
21
-3.4493110236220472
0
LINE
8
BLACK
6
CONTINUOUS
10
5.5
20
-3.4493110236220472
11
5.4527559055118111
21
-3.4493110236220472
0
LINE
8
BLACK
6
CONTINUOUS
10
5.4527559055118111
20
-3.4493110236220472
11
5.4527559055118111
21
-3.4335629921259843
0
LINE
8
BLACK
6
CONTINUOUS
10
5.4527559055118111
20
-3.4335629921259843
11
5.5
21
-3.4335629921259843
0
LINE
8
BLACK
6
CONTINUOUS
10
5.5
20
-3.4335629921259843
11
5.5
21
-3.4493110236220472
0
LINE
8
BLACK
6
CONTINUOUS
10
5.2952755905511806
20
-3.4243110236220473
11
5.2480314960629917
21
-3.4243110236220473
0
LINE
8
BLACK
6
CONTINUOUS
10
5.2480314960629917
20
-3.4243110236220473
11
5.2480314960629917
21
-3.4085629921259843
0
LINE
8
BLACK
6
CONTINUOUS
10
5.2480314960629917
20
-3.4085629921259843
11
5.2952755905511806
21
-3.4085629921259843
0
LINE
8
BLACK
6
CONTINUOUS
10
5.2952755905511806
20
-3.4085629921259843
11
5.2952755905511806
21
-3.4243110236220473
0
LINE
8
BLACK
6
CONTINUOUS
10
5.5
20
-3.4243110236220473
11
5.4527559055118111
21
-3.4243110236220473
0
LINE
8
BLACK
6
CONTINUOUS
10
5.4527559055118111
20
-3.4243110236220473
11
5.4527559055118111
21
-3.4085629921259843
0
LINE
8
BLACK
6
CONTINUOUS
10
5.4527559055118111
20
-3.4085629921259843
11
5.5
21
-3.4085629921259843
0
LINE
8
BLACK
6
CONTINUOUS
10
5.5
20
-3.4085629921259843
11
5.5
21
-3.4243110236220473
0
LINE
8
BLACK
6
CONTINUOUS
10
4.9874961811023617
20
-3.3472999212598427
11
4.9894120472440946
21
-3.3485800787401576
0
LINE
8
BLACK
6
CONTINUOUS
10
4.9894120472440946
20
-3.3485800787401576
11
4.9906922047244091
21
-3.3504959448818896
0
LINE
8
BLACK
6
CONTINUOUS
10
4.9906922047244091
20
-3.3504959448818896
11
4.9911417322834648
21
-3.352755905511811
0
LINE
8
BLACK
6
CONTINUOUS
10
4.9911417322834648
20
-3.352755905511811
11
4.9911417322834648
21
-3.3645669291338582
0
LINE
8
BLACK
6
CONTINUOUS
10
4.9911417322834648
20
-3.3645669291338582
11
4.9906922047244091
21
-3.3668268897637796
0
LINE
8
BLACK
6
CONTINUOUS
10
4.9906922047244091
20
-3.3668268897637796
11
4.9894120472440946
21
-3.3687427559055116
0
LINE
8
BLACK
6
CONTINUOUS
10
4.9894120472440946
20
-3.3687427559055116
11
4.9874961811023617
21
-3.3700229133858266
0
LINE
8
BLACK
6
CONTINUOUS
10
4.9874961811023617
20
-3.3700229133858266
11
4.9852362204724407
21
-3.3704724409448819
0
LINE
8
BLACK
6
CONTINUOUS
10
4.9852362204724407
20
-3.3704724409448819
11
4.9202755905511806
21
-3.3704724409448819
0
LINE
8
BLACK
6
CONTINUOUS
10
4.9202755905511806
20
-3.3704724409448819
11
4.9180156299212596
21
-3.3700229133858266
0
LINE
8
BLACK
6
CONTINUOUS
10
4.9180156299212596
20
-3.3700229133858266
11
4.9160997637795276
21
-3.3687427559055116
0
LINE
8
BLACK
6
CONTINUOUS
10
4.9160997637795276
20
-3.3687427559055116
11
4.9148196062992122
21
-3.3668268897637796
0
LINE
8
BLACK
6
CONTINUOUS
10
4.9148196062992122
20
-3.3668268897637796
11
4.9143700787401574
21
-3.3645669291338582
0
LINE
8
BLACK
6
CONTINUOUS
10
4.9143700787401574
20
-3.3645669291338582
11
4.9143700787401574
21
-3.352755905511811
0
LINE
8
BLACK
6
CONTINUOUS
10
4.9143700787401574
20
-3.352755905511811
11
4.9148196062992122
21
-3.3504959448818896
0
LINE
8
BLACK
6
CONTINUOUS
10
4.9148196062992122
20
-3.3504959448818896
11
4.9160997637795276
21
-3.3485800787401576
0
LINE
8
BLACK
6
CONTINUOUS
10
4.9160997637795276
20
-3.3485800787401576
11
4.9180156299212596
21
-3.3472999212598427
0
LINE
8
BLACK
6
CONTINUOUS
10
4.9180156299212596
20
-3.3472999212598427
11
4.9202755905511806
21
-3.3468503937007874
0
LINE
8
BLACK
6
CONTINUOUS
10
4.9202755905511806
20
-3.3468503937007874
11
4.9852362204724407
21
-3.3468503937007874
0
LINE
8
BLACK
6
CONTINUOUS
10
4.9852362204724407
20
-3.3468503937007874
11
4.9874961811023617
21
-3.3472999212598427
0
LINE
8
BLACK
6
CONTINUOUS
10
5.1823780708661413
20
-3.3472999212598427
11
5.1842939370078742
21
-3.3485800787401576
0
LINE
8
BLACK
6
CONTINUOUS
10
5.1842939370078742
20
-3.3485800787401576
11
5.1855740944881887
21
-3.3504959448818896
0
LINE
8
BLACK
6
CONTINUOUS
10
5.1855740944881887
20
-3.3504959448818896
11
5.1860236220472435
21
-3.352755905511811
0
LINE
8
BLACK
6
CONTINUOUS
10
5.1860236220472435
20
-3.352755905511811
11
5.1860236220472435
21
-3.3645669291338582
0
LINE
8
BLACK
6
CONTINUOUS
10
5.1860236220472435
20
-3.3645669291338582
11
5.1855740944881887
21
-3.3668268897637796
0
LINE
8
BLACK
6
CONTINUOUS
10
5.1855740944881887
20
-3.3668268897637796
11
5.1842939370078742
21
-3.3687427559055116
0
LINE
8
BLACK
6
CONTINUOUS
10
5.1842939370078742
20
-3.3687427559055116
11
5.1823780708661413
21
-3.3700229133858266
0
LINE
8
BLACK
6
CONTINUOUS
10
5.1823780708661413
20
-3.3700229133858266
11
5.1801181102362204
21
-3.3704724409448819
0
LINE
8
BLACK
6
CONTINUOUS
10
5.1801181102362204
20
-3.3704724409448819
11
5.1151574803149602
21
-3.3704724409448819
0
LINE
8
BLACK
6
CONTINUOUS
10
5.1151574803149602
20
-3.3704724409448819
11
5.1128975196850392
21
-3.3700229133858266
0
LINE
8
BLACK
6
CONTINUOUS
10
5.1128975196850392
20
-3.3700229133858266
11
5.1109816535433072
21
-3.3687427559055116
0
LINE
8
BLACK
6
CONTINUOUS
10
5.1109816535433072
20
-3.3687427559055116
11
5.1097014960629918
21
-3.3668268897637796
0
LINE
8
BLACK
6
CONTINUOUS
10
5.1097014960629918
20
-3.3668268897637796
11
5.109251968503937
21
-3.3645669291338582
0
LINE
8
BLACK
6
CONTINUOUS
10
5.109251968503937
20
-3.3645669291338582
11
5.109251968503937
21
-3.352755905511811
0
LINE
8
BLACK
6
CONTINUOUS
10
5.109251968503937
20
-3.352755905511811
11
5.1097014960629918
21
-3.3504959448818896
0
LINE
8
BLACK
6
CONTINUOUS
10
5.1097014960629918
20
-3.3504959448818896
11
5.1109816535433072
21
-3.3485800787401576
0
LINE
8
BLACK
6
CONTINUOUS
10
5.1109816535433072
20
-3.3485800787401576
11
5.1128975196850392
21
-3.3472999212598427
0
LINE
8
BLACK
6
CONTINUOUS
10
5.1128975196850392
20
-3.3472999212598427
11
5.1151574803149602
21
-3.3468503937007874
0
LINE
8
BLACK
6
CONTINUOUS
10
5.1151574803149602
20
-3.3468503937007874
11
5.1801181102362204
21
-3.3468503937007874
0
LINE
8
BLACK
6
CONTINUOUS
10
5.1801181102362204
20
-3.3468503937007874
11
5.1823780708661413
21
-3.3472999212598427
0
LINE
8
BLACK
6
CONTINUOUS
10
4.9874961811023617
20
-3.2972999212598424
11
4.9894120472440946
21
-3.2985800787401574
0
LINE
8
BLACK
6
CONTINUOUS
10
4.9894120472440946
20
-3.2985800787401574
11
4.9906922047244091
21
-3.3004959448818898
0
LINE
8
BLACK
6
CONTINUOUS
10
4.9906922047244091
20
-3.3004959448818898
11
4.9911417322834648
21
-3.3027559055118108
0
LINE
8
BLACK
6
CONTINUOUS
10
4.9911417322834648
20
-3.3027559055118108
11
4.9911417322834648
21
-3.314566929133858
0
LINE
8
BLACK
6
CONTINUOUS
10
4.9911417322834648
20
-3.314566929133858
11
4.9906922047244091
21
-3.3168268897637794
0
LINE
8
BLACK
6
CONTINUOUS
10
4.9906922047244091
20
-3.3168268897637794
11
4.9894120472440946
21
-3.3187427559055118
0
LINE
8
BLACK
6
CONTINUOUS
10
4.9894120472440946
20
-3.3187427559055118
11
4.9874961811023617
21
-3.3200229133858268
0
LINE
8
BLACK
6
CONTINUOUS
10
4.9874961811023617
20
-3.3200229133858268
11
4.9852362204724407
21
-3.320472440944882
0
LINE
8
BLACK
6
CONTINUOUS
10
4.9852362204724407
20
-3.320472440944882
11
4.9202755905511806
21
-3.320472440944882
0
LINE
8
BLACK
6
CONTINUOUS
10
4.9202755905511806
20
-3.320472440944882
11
4.9180156299212596
21
-3.3200229133858268
0
LINE
8
BLACK
6
CONTINUOUS
10
4.9180156299212596
20
-3.3200229133858268
11
4.9160997637795276
21
-3.3187427559055118
0
LINE
8
BLACK
6
CONTINUOUS
10
4.9160997637795276
20
-3.3187427559055118
11
4.9148196062992122
21
-3.3168268897637794
0
LINE
8
BLACK
6
CONTINUOUS
10
4.9148196062992122
20
-3.3168268897637794
11
4.9143700787401574
21
-3.314566929133858
0
LINE
8
BLACK
6
CONTINUOUS
10
4.9143700787401574
20
-3.314566929133858
11
4.9143700787401574
21
-3.3027559055118108
0
LINE
8
BLACK
6
CONTINUOUS
10
4.9143700787401574
20
-3.3027559055118108
11
4.9148196062992122
21
-3.3004959448818898
0
LINE
8
BLACK
6
CONTINUOUS
10
4.9148196062992122
20
-3.3004959448818898
11
4.9160997637795276
21
-3.2985800787401574
0
LINE
8
BLACK
6
CONTINUOUS
10
4.9160997637795276
20
-3.2985800787401574
11
4.9180156299212596
21
-3.2972999212598424
0
LINE
8
BLACK
6
CONTINUOUS
10
4.9180156299212596
20
-3.2972999212598424
11
4.9202755905511806
21
-3.2968503937007871
0
LINE
8
BLACK
6
CONTINUOUS
10
4.9202755905511806
20
-3.2968503937007871
11
4.9852362204724407
21
-3.2968503937007871
0
LINE
8
BLACK
6
CONTINUOUS
10
4.9852362204724407
20
-3.2968503937007871
11
4.9874961811023617
21
-3.2972999212598424
0
LINE
8
BLACK
6
CONTINUOUS
10
5.1823780708661413
20
-3.2972999212598424
11
5.1842939370078742
21
-3.2985800787401574
0
LINE
8
BLACK
6
CONTINUOUS
10
5.1842939370078742
20
-3.2985800787401574
11
5.1855740944881887
21
-3.3004959448818898
0
LINE
8
BLACK
6
CONTINUOUS
10
5.1855740944881887
20
-3.3004959448818898
11
5.1860236220472435
21
-3.3027559055118108
0
LINE
8
BLACK
6
CONTINUOUS
10
5.1860236220472435
20
-3.3027559055118108
11
5.1860236220472435
21
-3.314566929133858
0
LINE
8
BLACK
6
CONTINUOUS
10
5.1860236220472435
20
-3.314566929133858
11
5.1855740944881887
21
-3.3168268897637794
0
LINE
8
BLACK
6
CONTINUOUS
10
5.1855740944881887
20
-3.3168268897637794
11
5.1842939370078742
21
-3.3187427559055118
0
LINE
8
BLACK
6
CONTINUOUS
10
5.1842939370078742
20
-3.3187427559055118
11
5.1823780708661413
21
-3.3200229133858268
0
LINE
8
BLACK
6
CONTINUOUS
10
5.1823780708661413
20
-3.3200229133858268
11
5.1801181102362204
21
-3.320472440944882
0
LINE
8
BLACK
6
CONTINUOUS
10
5.1801181102362204
20
-3.320472440944882
11
5.1151574803149602
21
-3.320472440944882
0
LINE
8
BLACK
6
CONTINUOUS
10
5.1151574803149602
20
-3.320472440944882
11
5.1128975196850392
21
-3.3200229133858268
0
LINE
8
BLACK
6
CONTINUOUS
10
5.1128975196850392
20
-3.3200229133858268
11
5.1109816535433072
21
-3.3187427559055118
0
LINE
8
BLACK
6
CONTINUOUS
10
5.1109816535433072
20
-3.3187427559055118
11
5.1097014960629918
21
-3.3168268897637794
0
LINE
8
BLACK
6
CONTINUOUS
10
5.1097014960629918
20
-3.3168268897637794
11
5.109251968503937
21
-3.314566929133858
0
LINE
8
BLACK
6
CONTINUOUS
10
5.109251968503937
20
-3.314566929133858
11
5.109251968503937
21
-3.3027559055118108
0
LINE
8
BLACK
6
CONTINUOUS
10
5.109251968503937
20
-3.3027559055118108
11
5.1097014960629918
21
-3.3004959448818898
0
LINE
8
BLACK
6
CONTINUOUS
10
5.1097014960629918
20
-3.3004959448818898
11
5.1109816535433072
21
-3.2985800787401574
0
LINE
8
BLACK
6
CONTINUOUS
10
5.1109816535433072
20
-3.2985800787401574
11
5.1128975196850392
21
-3.2972999212598424
0
LINE
8
BLACK
6
CONTINUOUS
10
5.1128975196850392
20
-3.2972999212598424
11
5.1151574803149602
21
-3.2968503937007871
0
LINE
8
BLACK
6
CONTINUOUS
10
5.1151574803149602
20
-3.2968503937007871
11
5.1801181102362204
21
-3.2968503937007871
0
LINE
8
BLACK
6
CONTINUOUS
10
5.1801181102362204
20
-3.2968503937007871
11
5.1823780708661413
21
-3.2972999212598424
0
LINE
8
BLACK
6
CONTINUOUS
10
5.3283449606299209
20
-3.2541005118110236
11
5.3311389763779529
21
-3.2559674015748032
0
LINE
8
BLACK
6
CONTINUOUS
10
5.3311389763779529
20
-3.2559674015748032
11
5.3330058661417326
21
-3.2587614173228348
0
LINE
8
BLACK
6
CONTINUOUS
10
5.3330058661417326
20
-3.2587614173228348
11
5.3336614173228343
21
-3.2620571653543307
0
LINE
8
BLACK
6
CONTINUOUS
10
5.3336614173228343
20
-3.2620571653543307
11
5.3336614173228343
21
-3.2792815748031496
0
LINE
8
BLACK
6
CONTINUOUS
10
5.3336614173228343
20
-3.2792815748031496
11
5.3330058661417326
21
-3.2825773228346455
0
LINE
8
BLACK
6
CONTINUOUS
10
5.3330058661417326
20
-3.2825773228346455
11
5.3311389763779529
21
-3.285371338582677
0
LINE
8
BLACK
6
CONTINUOUS
10
5.3311389763779529
20
-3.285371338582677
11
5.3283449606299209
21
-3.2872382283464567
0
LINE
8
BLACK
6
CONTINUOUS
10
5.3283449606299209
20
-3.2872382283464567
11
5.325049212598425
21
-3.2878937795275589
0
LINE
8
BLACK
6
CONTINUOUS
10
5.325049212598425
20
-3.2878937795275589
11
5.3048720472440944
21
-3.2878937795275589
0
LINE
8
BLACK
6
CONTINUOUS
10
5.3048720472440944
20
-3.2878937795275589
11
5.3015762992125985
21
-3.2872382283464567
0
LINE
8
BLACK
6
CONTINUOUS
10
5.3015762992125985
20
-3.2872382283464567
11
5.2987822834645666
21
-3.285371338582677
0
LINE
8
BLACK
6
CONTINUOUS
10
5.2987822834645666
20
-3.285371338582677
11
5.2969153937007869
21
-3.2825773228346455
0
LINE
8
BLACK
6
CONTINUOUS
10
5.2969153937007869
20
-3.2825773228346455
11
5.2962598425196852
21
-3.2792815748031496
0
LINE
8
BLACK
6
CONTINUOUS
10
5.2962598425196852
20
-3.2792815748031496
11
5.2962598425196852
21
-3.2620571653543307
0
LINE
8
BLACK
6
CONTINUOUS
10
5.2962598425196852
20
-3.2620571653543307
11
5.2969153937007869
21
-3.2587614173228348
0
LINE
8
BLACK
6
CONTINUOUS
10
5.2969153937007869
20
-3.2587614173228348
11
5.2987822834645666
21
-3.2559674015748032
0
LINE
8
BLACK
6
CONTINUOUS
10
5.2987822834645666
20
-3.2559674015748032
11
5.3015762992125985
21
-3.2541005118110236
0
LINE
8
BLACK
6
CONTINUOUS
10
5.3015762992125985
20
-3.2541005118110236
11
5.3048720472440944
21
-3.2534449606299214
0
LINE
8
BLACK
6
CONTINUOUS
10
5.3048720472440944
20
-3.2534449606299214
11
5.325049212598425
21
-3.2534449606299214
0
LINE
8
BLACK
6
CONTINUOUS
10
5.325049212598425
20
-3.2534449606299214
11
5.3283449606299209
21
-3.2541005118110236
0
LINE
8
BLACK
6
CONTINUOUS
10
5.4307071653543302
20
-3.2541005118110236
11
5.4335011811023621
21
-3.2559674015748032
0
LINE
8
BLACK
6
CONTINUOUS
10
5.4335011811023621
20
-3.2559674015748032
11
5.4353680708661418
21
-3.2587614173228348
0
LINE
8
BLACK
6
CONTINUOUS
10
5.4353680708661418
20
-3.2587614173228348
11
5.4360236220472435
21
-3.2620571653543307
0
LINE
8
BLACK
6
CONTINUOUS
10
5.4360236220472435
20
-3.2620571653543307
11
5.4360236220472435
21
-3.2792815748031496
0
LINE
8
BLACK
6
CONTINUOUS
10
5.4360236220472435
20
-3.2792815748031496
11
5.4353680708661418
21
-3.2825773228346455
0
LINE
8
BLACK
6
CONTINUOUS
10
5.4353680708661418
20
-3.2825773228346455
11
5.4335011811023621
21
-3.285371338582677
0
LINE
8
BLACK
6
CONTINUOUS
10
5.4335011811023621
20
-3.285371338582677
11
5.4307071653543302
21
-3.2872382283464567
0
LINE
8
BLACK
6
CONTINUOUS
10
5.4307071653543302
20
-3.2872382283464567
11
5.4274114173228343
21
-3.2878937795275589
0
LINE
8
BLACK
6
CONTINUOUS
10
5.4274114173228343
20
-3.2878937795275589
11
5.4072342519685037
21
-3.2878937795275589
0
LINE
8
BLACK
6
CONTINUOUS
10
5.4072342519685037
20
-3.2878937795275589
11
5.4039385039370078
21
-3.2872382283464567
0
LINE
8
BLACK
6
CONTINUOUS
10
5.4039385039370078
20
-3.2872382283464567
11
5.4011444881889759
21
-3.285371338582677
0
LINE
8
BLACK
6
CONTINUOUS
10
5.4011444881889759
20
-3.285371338582677
11
5.3992775984251971
21
-3.2825773228346455
0
LINE
8
BLACK
6
CONTINUOUS
10
5.3992775984251971
20
-3.2825773228346455
11
5.3986220472440944
21
-3.2792815748031496
0
LINE
8
BLACK
6
CONTINUOUS
10
5.3986220472440944
20
-3.2792815748031496
11
5.3986220472440944
21
-3.2620571653543307
0
LINE
8
BLACK
6
CONTINUOUS
10
5.3986220472440944
20
-3.2620571653543307
11
5.3992775984251971
21
-3.2587614173228348
0
LINE
8
BLACK
6
CONTINUOUS
10
5.3992775984251971
20
-3.2587614173228348
11
5.4011444881889759
21
-3.2559674015748032
0
LINE
8
BLACK
6
CONTINUOUS
10
5.4011444881889759
20
-3.2559674015748032
11
5.4039385039370078
21
-3.2541005118110236
0
LINE
8
BLACK
6
CONTINUOUS
10
5.4039385039370078
20
-3.2541005118110236
11
5.4072342519685037
21
-3.2534449606299214
0
LINE
8
BLACK
6
CONTINUOUS
10
5.4072342519685037
20
-3.2534449606299214
11
5.4274114173228343
21
-3.2534449606299214
0
LINE
8
BLACK
6
CONTINUOUS
10
5.4274114173228343
20
-3.2534449606299214
11
5.4307071653543302
21
-3.2541005118110236
0
LINE
8
BLACK
6
CONTINUOUS
10
4.9874961811023617
20
-3.2472999212598426
11
4.9894120472440946
21
-3.2485800787401575
0
LINE
8
BLACK
6
CONTINUOUS
10
4.9894120472440946
20
-3.2485800787401575
11
4.9906922047244091
21
-3.2504959448818895
0
LINE
8
BLACK
6
CONTINUOUS
10
4.9906922047244091
20
-3.2504959448818895
11
4.9911417322834648
21
-3.2527559055118109
0
LINE
8
BLACK
6
CONTINUOUS
10
4.9911417322834648
20
-3.2527559055118109
11
4.9911417322834648
21
-3.2645669291338582
0
LINE
8
BLACK
6
CONTINUOUS
10
4.9911417322834648
20
-3.2645669291338582
11
4.9906922047244091
21
-3.2668268897637796
0
LINE
8
BLACK
6
CONTINUOUS
10
4.9906922047244091
20
-3.2668268897637796
11
4.9894120472440946
21
-3.2687427559055116
0
LINE
8
BLACK
6
CONTINUOUS
10
4.9894120472440946
20
-3.2687427559055116
11
4.9874961811023617
21
-3.2700229133858265
0
LINE
8
BLACK
6
CONTINUOUS
10
4.9874961811023617
20
-3.2700229133858265
11
4.9852362204724407
21
-3.2704724409448818
0
LINE
8
BLACK
6
CONTINUOUS
10
4.9852362204724407
20
-3.2704724409448818
11
4.9202755905511806
21
-3.2704724409448818
0
LINE
8
BLACK
6
CONTINUOUS
10
4.9202755905511806
20
-3.2704724409448818
11
4.9180156299212596
21
-3.2700229133858265
0
LINE
8
BLACK
6
CONTINUOUS
10
4.9180156299212596
20
-3.2700229133858265
11
4.9160997637795276
21
-3.2687427559055116
0
LINE
8
BLACK
6
CONTINUOUS
10
4.9160997637795276
20
-3.2687427559055116
11
4.9148196062992122
21
-3.2668268897637796
0
LINE
8
BLACK
6
CONTINUOUS
10
4.9148196062992122
20
-3.2668268897637796
11
4.9143700787401574
21
-3.2645669291338582
0
LINE
8
BLACK
6
CONTINUOUS
10
4.9143700787401574
20
-3.2645669291338582
11
4.9143700787401574
21
-3.2527559055118109
0
LINE
8
BLACK
6
CONTINUOUS
10
4.9143700787401574
20
-3.2527559055118109
11
4.9148196062992122
21
-3.2504959448818895
0
LINE
8
BLACK
6
CONTINUOUS
10
4.9148196062992122
20
-3.2504959448818895
11
4.9160997637795276
21
-3.2485800787401575
0
LINE
8
BLACK
6
CONTINUOUS
10
4.9160997637795276
20
-3.2485800787401575
11
4.9180156299212596
21
-3.2472999212598426
0
LINE
8
BLACK
6
CONTINUOUS
10
4.9180156299212596
20
-3.2472999212598426
11
4.9202755905511806
21
-3.2468503937007873
0
LINE
8
BLACK
6
CONTINUOUS
10
4.9202755905511806
20
-3.2468503937007873
11
4.9852362204724407
21
-3.2468503937007873
0
LINE
8
BLACK
6
CONTINUOUS
10
4.9852362204724407
20
-3.2468503937007873
11
4.9874961811023617
21
-3.2472999212598426
0
LINE
8
BLACK
6
CONTINUOUS
10
5.1823780708661413
20
-3.2472999212598426
11
5.1842939370078742
21
-3.2485800787401575
0
LINE
8
BLACK
6
CONTINUOUS
10
5.1842939370078742
20
-3.2485800787401575
11
5.1855740944881887
21
-3.2504959448818895
0
LINE
8
BLACK
6
CONTINUOUS
10
5.1855740944881887
20
-3.2504959448818895
11
5.1860236220472435
21
-3.2527559055118109
0
LINE
8
BLACK
6
CONTINUOUS
10
5.1860236220472435
20
-3.2527559055118109
11
5.1860236220472435
21
-3.2645669291338582
0
LINE
8
BLACK
6
CONTINUOUS
10
5.1860236220472435
20
-3.2645669291338582
11
5.1855740944881887
21
-3.2668268897637796
0
LINE
8
BLACK
6
CONTINUOUS
10
5.1855740944881887
20
-3.2668268897637796
11
5.1842939370078742
21
-3.2687427559055116
0
LINE
8
BLACK
6
CONTINUOUS
10
5.1842939370078742
20
-3.2687427559055116
11
5.1823780708661413
21
-3.2700229133858265
0
LINE
8
BLACK
6
CONTINUOUS
10
5.1823780708661413
20
-3.2700229133858265
11
5.1801181102362204
21
-3.2704724409448818
0
LINE
8
BLACK
6
CONTINUOUS
10
5.1801181102362204
20
-3.2704724409448818
11
5.1151574803149602
21
-3.2704724409448818
0
LINE
8
BLACK
6
CONTINUOUS
10
5.1151574803149602
20
-3.2704724409448818
11
5.1128975196850392
21
-3.2700229133858265
0
LINE
8
BLACK
6
CONTINUOUS
10
5.1128975196850392
20
-3.2700229133858265
11
5.1109816535433072
21
-3.2687427559055116
0
LINE
8
BLACK
6
CONTINUOUS
10
5.1109816535433072
20
-3.2687427559055116
11
5.1097014960629918
21
-3.2668268897637796
0
LINE
8
BLACK
6
CONTINUOUS
10
5.1097014960629918
20
-3.2668268897637796
11
5.109251968503937
21
-3.2645669291338582
0
LINE
8
BLACK
6
CONTINUOUS
10
5.109251968503937
20
-3.2645669291338582
11
5.109251968503937
21
-3.2527559055118109
0
LINE
8
BLACK
6
CONTINUOUS
10
5.109251968503937
20
-3.2527559055118109
11
5.1097014960629918
21
-3.2504959448818895
0
LINE
8
BLACK
6
CONTINUOUS
10
5.1097014960629918
20
-3.2504959448818895
11
5.1109816535433072
21
-3.2485800787401575
0
LINE
8
BLACK
6
CONTINUOUS
10
5.1109816535433072
20
-3.2485800787401575
11
5.1128975196850392
21
-3.2472999212598426
0
LINE
8
BLACK
6
CONTINUOUS
10
5.1128975196850392
20
-3.2472999212598426
11
5.1151574803149602
21
-3.2468503937007873
0
LINE
8
BLACK
6
CONTINUOUS
10
5.1151574803149602
20
-3.2468503937007873
11
5.1801181102362204
21
-3.2468503937007873
0
LINE
8
BLACK
6
CONTINUOUS
10
5.1801181102362204
20
-3.2468503937007873
11
5.1823780708661413
21
-3.2472999212598426
0
LINE
8
BLACK
6
CONTINUOUS
10
5.3283449606299209
20
-3.1920925590551179
11
5.3311389763779529
21
-3.1939594488188976
0
LINE
8
BLACK
6
CONTINUOUS
10
5.3311389763779529
20
-3.1939594488188976
11
5.3330058661417326
21
-3.1967534645669291
0
LINE
8
BLACK
6
CONTINUOUS
10
5.3330058661417326
20
-3.1967534645669291
11
5.3336614173228343
21
-3.200049212598425
0
LINE
8
BLACK
6
CONTINUOUS
10
5.3336614173228343
20
-3.200049212598425
11
5.3336614173228343
21
-3.217273622047244
0
LINE
8
BLACK
6
CONTINUOUS
10
5.3336614173228343
20
-3.217273622047244
11
5.3330058661417326
21
-3.2205693700787399
0
LINE
8
BLACK
6
CONTINUOUS
10
5.3330058661417326
20
-3.2205693700787399
11
5.3311389763779529
21
-3.2233633858267714
0
LINE
8
BLACK
6
CONTINUOUS
10
5.3311389763779529
20
-3.2233633858267714
11
5.3283449606299209
21
-3.2252302755905511
0
LINE
8
BLACK
6
CONTINUOUS
10
5.3283449606299209
20
-3.2252302755905511
11
5.325049212598425
21
-3.2258858267716533
0
LINE
8
BLACK
6
CONTINUOUS
10
5.325049212598425
20
-3.2258858267716533
11
5.3048720472440944
21
-3.2258858267716533
0
LINE
8
BLACK
6
CONTINUOUS
10
5.3048720472440944
20
-3.2258858267716533
11
5.3015762992125985
21
-3.2252302755905511
0
LINE
8
BLACK
6
CONTINUOUS
10
5.3015762992125985
20
-3.2252302755905511
11
5.2987822834645666
21
-3.2233633858267714
0
LINE
8
BLACK
6
CONTINUOUS
10
5.2987822834645666
20
-3.2233633858267714
11
5.2969153937007869
21
-3.2205693700787399
0
LINE
8
BLACK
6
CONTINUOUS
10
5.2969153937007869
20
-3.2205693700787399
11
5.2962598425196852
21
-3.217273622047244
0
LINE
8
BLACK
6
CONTINUOUS
10
5.2962598425196852
20
-3.217273622047244
11
5.2962598425196852
21
-3.200049212598425
0
LINE
8
BLACK
6
CONTINUOUS
10
5.2962598425196852
20
-3.200049212598425
11
5.2969153937007869
21
-3.1967534645669291
0
LINE
8
BLACK
6
CONTINUOUS
10
5.2969153937007869
20
-3.1967534645669291
11
5.2987822834645666
21
-3.1939594488188976
0
LINE
8
BLACK
6
CONTINUOUS
10
5.2987822834645666
20
-3.1939594488188976
11
5.3015762992125985
21
-3.1920925590551179
0
LINE
8
BLACK
6
CONTINUOUS
10
5.3015762992125985
20
-3.1920925590551179
11
5.3048720472440944
21
-3.1914370078740157
0
LINE
8
BLACK
6
CONTINUOUS
10
5.3048720472440944
20
-3.1914370078740157
11
5.325049212598425
21
-3.1914370078740157
0
LINE
8
BLACK
6
CONTINUOUS
10
5.325049212598425
20
-3.1914370078740157
11
5.3283449606299209
21
-3.1920925590551179
0
LINE
8
BLACK
6
CONTINUOUS
10
5.4307071653543302
20
-3.1920925590551179
11
5.4335011811023621
21
-3.1939594488188976
0
LINE
8
BLACK
6
CONTINUOUS
10
5.4335011811023621
20
-3.1939594488188976
11
5.4353680708661418
21
-3.1967534645669291
0
LINE
8
BLACK
6
CONTINUOUS
10
5.4353680708661418
20
-3.1967534645669291
11
5.4360236220472435
21
-3.200049212598425
0
LINE
8
BLACK
6
CONTINUOUS
10
5.4360236220472435
20
-3.200049212598425
11
5.4360236220472435
21
-3.217273622047244
0
LINE
8
BLACK
6
CONTINUOUS
10
5.4360236220472435
20
-3.217273622047244
11
5.4353680708661418
21
-3.2205693700787399
0
LINE
8
BLACK
6
CONTINUOUS
10
5.4353680708661418
20
-3.2205693700787399
11
5.4335011811023621
21
-3.2233633858267714
0
LINE
8
BLACK
6
CONTINUOUS
10
5.4335011811023621
20
-3.2233633858267714
11
5.4307071653543302
21
-3.2252302755905511
0
LINE
8
BLACK
6
CONTINUOUS
10
5.4307071653543302
20
-3.2252302755905511
11
5.4274114173228343
21
-3.2258858267716533
0
LINE
8
BLACK
6
CONTINUOUS
10
5.4274114173228343
20
-3.2258858267716533
11
5.4072342519685037
21
-3.2258858267716533
0
LINE
8
BLACK
6
CONTINUOUS
10
5.4072342519685037
20
-3.2258858267716533
11
5.4039385039370078
21
-3.2252302755905511
0
LINE
8
BLACK
6
CONTINUOUS
10
5.4039385039370078
20
-3.2252302755905511
11
5.4011444881889759
21
-3.2233633858267714
0
LINE
8
BLACK
6
CONTINUOUS
10
5.4011444881889759
20
-3.2233633858267714
11
5.3992775984251971
21
-3.2205693700787399
0
LINE
8
BLACK
6
CONTINUOUS
10
5.3992775984251971
20
-3.2205693700787399
11
5.3986220472440944
21
-3.217273622047244
0
LINE
8
BLACK
6
CONTINUOUS
10
5.3986220472440944
20
-3.217273622047244
11
5.3986220472440944
21
-3.200049212598425
0
LINE
8
BLACK
6
CONTINUOUS
10
5.3986220472440944
20
-3.200049212598425
11
5.3992775984251971
21
-3.1967534645669291
0
LINE
8
BLACK
6
CONTINUOUS
10
5.3992775984251971
20
-3.1967534645669291
11
5.4011444881889759
21
-3.1939594488188976
0
LINE
8
BLACK
6
CONTINUOUS
10
5.4011444881889759
20
-3.1939594488188976
11
5.4039385039370078
21
-3.1920925590551179
0
LINE
8
BLACK
6
CONTINUOUS
10
5.4039385039370078
20
-3.1920925590551179
11
5.4072342519685037
21
-3.1914370078740157
0
LINE
8
BLACK
6
CONTINUOUS
10
5.4072342519685037
20
-3.1914370078740157
11
5.4274114173228343
21
-3.1914370078740157
0
LINE
8
BLACK
6
CONTINUOUS
10
5.4274114173228343
20
-3.1914370078740157
11
5.4307071653543302
21
-3.1920925590551179
0
LINE
8
BLACK
6
CONTINUOUS
10
4.9874961811023617
20
-3.1972999212598423
11
4.9894120472440946
21
-3.1985800787401573
0
LINE
8
BLACK
6
CONTINUOUS
10
4.9894120472440946
20
-3.1985800787401573
11
4.9906922047244091
21
-3.2004959448818897
0
LINE
8
BLACK
6
CONTINUOUS
10
4.9906922047244091
20
-3.2004959448818897
11
4.9911417322834648
21
-3.2027559055118111
0
LINE
8
BLACK
6
CONTINUOUS
10
4.9911417322834648
20
-3.2027559055118111
11
4.9911417322834648
21
-3.2145669291338583
0
LINE
8
BLACK
6
CONTINUOUS
10
4.9911417322834648
20
-3.2145669291338583
11
4.9906922047244091
21
-3.2168268897637793
0
LINE
8
BLACK
6
CONTINUOUS
10
4.9906922047244091
20
-3.2168268897637793
11
4.9894120472440946
21
-3.2187427559055117
0
LINE
8
BLACK
6
CONTINUOUS
10
4.9894120472440946
20
-3.2187427559055117
11
4.9874961811023617
21
-3.2200229133858267
0
LINE
8
BLACK
6
CONTINUOUS
10
4.9874961811023617
20
-3.2200229133858267
11
4.9852362204724407
21
-3.2204724409448819
0
LINE
8
BLACK
6
CONTINUOUS
10
4.9852362204724407
20
-3.2204724409448819
11
4.9202755905511806
21
-3.2204724409448819
0
LINE
8
BLACK
6
CONTINUOUS
10
4.9202755905511806
20
-3.2204724409448819
11
4.9180156299212596
21
-3.2200229133858267
0
LINE
8
BLACK
6
CONTINUOUS
10
4.9180156299212596
20
-3.2200229133858267
11
4.9160997637795276
21
-3.2187427559055117
0
LINE
8
BLACK
6
CONTINUOUS
10
4.9160997637795276
20
-3.2187427559055117
11
4.9148196062992122
21
-3.2168268897637793
0
LINE
8
BLACK
6
CONTINUOUS
10
4.9148196062992122
20
-3.2168268897637793
11
4.9143700787401574
21
-3.2145669291338583
0
LINE
8
BLACK
6
CONTINUOUS
10
4.9143700787401574
20
-3.2145669291338583
11
4.9143700787401574
21
-3.2027559055118111
0
LINE
8
BLACK
6
CONTINUOUS
10
4.9143700787401574
20
-3.2027559055118111
11
4.9148196062992122
21
-3.2004959448818897
0
LINE
8
BLACK
6
CONTINUOUS
10
4.9148196062992122
20
-3.2004959448818897
11
4.9160997637795276
21
-3.1985800787401573
0
LINE
8
BLACK
6
CONTINUOUS
10
4.9160997637795276
20
-3.1985800787401573
11
4.9180156299212596
21
-3.1972999212598423
0
LINE
8
BLACK
6
CONTINUOUS
10
4.9180156299212596
20
-3.1972999212598423
11
4.9202755905511806
21
-3.1968503937007875
0
LINE
8
BLACK
6
CONTINUOUS
10
4.9202755905511806
20
-3.1968503937007875
11
4.9852362204724407
21
-3.1968503937007875
0
LINE
8
BLACK
6
CONTINUOUS
10
4.9852362204724407
20
-3.1968503937007875
11
4.9874961811023617
21
-3.1972999212598423
0
LINE
8
BLACK
6
CONTINUOUS
10
5.1823780708661413
20
-3.1972999212598423
11
5.1842939370078742
21
-3.1985800787401573
0
LINE
8
BLACK
6
CONTINUOUS
10
5.1842939370078742
20
-3.1985800787401573
11
5.1855740944881887
21
-3.2004959448818897
0
LINE
8
BLACK
6
CONTINUOUS
10
5.1855740944881887
20
-3.2004959448818897
11
5.1860236220472435
21
-3.2027559055118111
0
LINE
8
BLACK
6
CONTINUOUS
10
5.1860236220472435
20
-3.2027559055118111
11
5.1860236220472435
21
-3.2145669291338583
0
LINE
8
BLACK
6
CONTINUOUS
10
5.1860236220472435
20
-3.2145669291338583
11
5.1855740944881887
21
-3.2168268897637793
0
LINE
8
BLACK
6
CONTINUOUS
10
5.1855740944881887
20
-3.2168268897637793
11
5.1842939370078742
21
-3.2187427559055117
0
LINE
8
BLACK
6
CONTINUOUS
10
5.1842939370078742
20
-3.2187427559055117
11
5.1823780708661413
21
-3.2200229133858267
0
LINE
8
BLACK
6
CONTINUOUS
10
5.1823780708661413
20
-3.2200229133858267
11
5.1801181102362204
21
-3.2204724409448819
0
LINE
8
BLACK
6
CONTINUOUS
10
5.1801181102362204
20
-3.2204724409448819
11
5.1151574803149602
21
-3.2204724409448819
0
LINE
8
BLACK
6
CONTINUOUS
10
5.1151574803149602
20
-3.2204724409448819
11
5.1128975196850392
21
-3.2200229133858267
0
LINE
8
BLACK
6
CONTINUOUS
10
5.1128975196850392
20
-3.2200229133858267
11
5.1109816535433072
21
-3.2187427559055117
0
LINE
8
BLACK
6
CONTINUOUS
10
5.1109816535433072
20
-3.2187427559055117
11
5.1097014960629918
21
-3.2168268897637793
0
LINE
8
BLACK
6
CONTINUOUS
10
5.1097014960629918
20
-3.2168268897637793
11
5.109251968503937
21
-3.2145669291338583
0
LINE
8
BLACK
6
CONTINUOUS
10
5.109251968503937
20
-3.2145669291338583
11
5.109251968503937
21
-3.2027559055118111
0
LINE
8
BLACK
6
CONTINUOUS
10
5.109251968503937
20
-3.2027559055118111
11
5.1097014960629918
21
-3.2004959448818897
0
LINE
8
BLACK
6
CONTINUOUS
10
5.1097014960629918
20
-3.2004959448818897
11
5.1109816535433072
21
-3.1985800787401573
0
LINE
8
BLACK
6
CONTINUOUS
10
5.1109816535433072
20
-3.1985800787401573
11
5.1128975196850392
21
-3.1972999212598423
0
LINE
8
BLACK
6
CONTINUOUS
10
5.1128975196850392
20
-3.1972999212598423
11
5.1151574803149602
21
-3.1968503937007875
0
LINE
8
BLACK
6
CONTINUOUS
10
5.1151574803149602
20
-3.1968503937007875
11
5.1801181102362204
21
-3.1968503937007875
0
LINE
8
BLACK
6
CONTINUOUS
10
5.1801181102362204
20
-3.1968503937007875
11
5.1823780708661413
21
-3.1972999212598423
0
LINE
8
BLACK
6
CONTINUOUS
10
5.1905775984251967
20
-3.1031114173228347
11
5.1937707480314961
21
-3.105245
0
LINE
8
BLACK
6
CONTINUOUS
10
5.1937707480314961
20
-3.105245
11
5.195904330708661
21
-3.1084381496062989
0
LINE
8
BLACK
6
CONTINUOUS
10
5.195904330708661
20
-3.1084381496062989
11
5.1966535433070868
21
-3.1122047244094486
0
LINE
8
BLACK
6
CONTINUOUS
10
5.1966535433070868
20
-3.1122047244094486
11
5.1966535433070868
21
-3.1437007874015745
0
LINE
8
BLACK
6
CONTINUOUS
10
5.1966535433070868
20
-3.1437007874015745
11
5.195904330708661
21
-3.1474673622047242
0
LINE
8
BLACK
6
CONTINUOUS
10
5.195904330708661
20
-3.1474673622047242
11
5.1937707480314961
21
-3.1506605118110236
0
LINE
8
BLACK
6
CONTINUOUS
10
5.1937707480314961
20
-3.1506605118110236
11
5.1905775984251967
21
-3.1527940944881889
0
LINE
8
BLACK
6
CONTINUOUS
10
5.1905775984251967
20
-3.1527940944881889
11
5.186811023622047
21
-3.1535433070866139
0
LINE
8
BLACK
6
CONTINUOUS
10
5.186811023622047
20
-3.1535433070866139
11
5.1454724409448822
21
-3.1535433070866139
0
LINE
8
BLACK
6
CONTINUOUS
10
5.1454724409448822
20
-3.1535433070866139
11
5.1417058661417325
21
-3.1527940944881889
0
LINE
8
BLACK
6
CONTINUOUS
10
5.1417058661417325
20
-3.1527940944881889
11
5.1385127165354332
21
-3.1506605118110236
0
LINE
8
BLACK
6
CONTINUOUS
10
5.1385127165354332
20
-3.1506605118110236
11
5.1363791338582674
21
-3.1474673622047242
0
LINE
8
BLACK
6
CONTINUOUS
10
5.1363791338582674
20
-3.1474673622047242
11
5.1356299212598424
21
-3.1437007874015745
0
LINE
8
BLACK
6
CONTINUOUS
10
5.1356299212598424
20
-3.1437007874015745
11
5.1356299212598424
21
-3.1122047244094486
0
LINE
8
BLACK
6
CONTINUOUS
10
5.1356299212598424
20
-3.1122047244094486
11
5.1363791338582674
21
-3.1084381496062989
0
LINE
8
BLACK
6
CONTINUOUS
10
5.1363791338582674
20
-3.1084381496062989
11
5.1385127165354332
21
-3.105245
0
LINE
8
BLACK
6
CONTINUOUS
10
5.1385127165354332
20
-3.105245
11
5.1417058661417325
21
-3.1031114173228347
0
LINE
8
BLACK
6
CONTINUOUS
10
5.1417058661417325
20
-3.1031114173228347
11
5.1454724409448822
21
-3.1023622047244093
0
LINE
8
BLACK
6
CONTINUOUS
10
5.1454724409448822
20
-3.1023622047244093
11
5.186811023622047
21
-3.1023622047244093
0
LINE
8
BLACK
6
CONTINUOUS
10
5.186811023622047
20
-3.1023622047244093
11
5.1905775984251967
21
-3.1031114173228347
0
LINE
8
BLACK
6
CONTINUOUS
10
5.5039634251968499
20
-3.1031114173228347
11
5.5071565748031492
21
-3.105245
0
LINE
8
BLACK
6
CONTINUOUS
10
5.5071565748031492
20
-3.105245
11
5.509290157480315
21
-3.1084381496062989
0
LINE
8
BLACK
6
CONTINUOUS
10
5.509290157480315
20
-3.1084381496062989
11
5.51003937007874
21
-3.1122047244094486
0
LINE
8
BLACK
6
CONTINUOUS
10
5.51003937007874
20
-3.1122047244094486
11
5.51003937007874
21
-3.1437007874015745
0
LINE
8
BLACK
6
CONTINUOUS
10
5.51003937007874
20
-3.1437007874015745
11
5.509290157480315
21
-3.1474673622047242
0
LINE
8
BLACK
6
CONTINUOUS
10
5.509290157480315
20
-3.1474673622047242
11
5.5071565748031492
21
-3.1506605118110236
0
LINE
8
BLACK
6
CONTINUOUS
10
5.5071565748031492
20
-3.1506605118110236
11
5.5039634251968499
21
-3.1527940944881889
0
LINE
8
BLACK
6
CONTINUOUS
10
5.5039634251968499
20
-3.1527940944881889
11
5.5001968503937011
21
-3.1535433070866139
0
LINE
8
BLACK
6
CONTINUOUS
10
5.5001968503937011
20
-3.1535433070866139
11
5.4588582677165354
21
-3.1535433070866139
0
LINE
8
BLACK
6
CONTINUOUS
10
5.4588582677165354
20
-3.1535433070866139
11
5.4550916929133857
21
-3.1527940944881889
0
LINE
8
BLACK
6
CONTINUOUS
10
5.4550916929133857
20
-3.1527940944881889
11
5.4518985433070863
21
-3.1506605118110236
0
LINE
8
BLACK
6
CONTINUOUS
10
5.4518985433070863
20
-3.1506605118110236
11
5.4497649606299214
21
-3.1474673622047242
0
LINE
8
BLACK
6
CONTINUOUS
10
5.4497649606299214
20
-3.1474673622047242
11
5.4490157480314956
21
-3.1437007874015745
0
LINE
8
BLACK
6
CONTINUOUS
10
5.4490157480314956
20
-3.1437007874015745
11
5.4490157480314956
21
-3.1122047244094486
0
LINE
8
BLACK
6
CONTINUOUS
10
5.4490157480314956
20
-3.1122047244094486
11
5.4497649606299214
21
-3.1084381496062989
0
LINE
8
BLACK
6
CONTINUOUS
10
5.4497649606299214
20
-3.1084381496062989
11
5.4518985433070863
21
-3.105245
0
LINE
8
BLACK
6
CONTINUOUS
10
5.4518985433070863
20
-3.105245
11
5.4550916929133857
21
-3.1031114173228347
0
LINE
8
BLACK
6
CONTINUOUS
10
5.4550916929133857
20
-3.1031114173228347
11
5.4588582677165354
21
-3.1023622047244093
0
LINE
8
BLACK
6
CONTINUOUS
10
5.4588582677165354
20
-3.1023622047244093
11
5.5001968503937011
21
-3.1023622047244093
0
LINE
8
BLACK
6
CONTINUOUS
10
5.5001968503937011
20
-3.1023622047244093
11
5.5039634251968499
21
-3.1031114173228347
0
LINE
8
BLACK
6
CONTINUOUS
10
4.9674647244094485
20
-3.1129577559055117
11
4.9703385433070864
21
-3.1148779921259844
0
LINE
8
BLACK
6
CONTINUOUS
10
4.9703385433070864
20
-3.1148779921259844
11
4.972258779527559
21
-3.1177518110236218
0
LINE
8
BLACK
6
CONTINUOUS
10
4.972258779527559
20
-3.1177518110236218
11
4.9729330708661417
21
-3.1211417322834647
0
LINE
8
BLACK
6
CONTINUOUS
10
4.9729330708661417
20
-3.1211417322834647
11
4.9729330708661417
21
-3.1388582677165355
0
LINE
8
BLACK
6
CONTINUOUS
10
4.9729330708661417
20
-3.1388582677165355
11
4.972258779527559
21
-3.142248188976378
0
LINE
8
BLACK
6
CONTINUOUS
10
4.972258779527559
20
-3.142248188976378
11
4.9703385433070864
21
-3.1451220078740159
0
LINE
8
BLACK
6
CONTINUOUS
10
4.9703385433070864
20
-3.1451220078740159
11
4.9674647244094485
21
-3.1470422440944881
0
LINE
8
BLACK
6
CONTINUOUS
10
4.9674647244094485
20
-3.1470422440944881
11
4.9640748031496065
21
-3.1477165354330707
0
LINE
8
BLACK
6
CONTINUOUS
10
4.9640748031496065
20
-3.1477165354330707
11
4.9306102362204722
21
-3.1477165354330707
0
LINE
8
BLACK
6
CONTINUOUS
10
4.9306102362204722
20
-3.1477165354330707
11
4.9272203149606302
21
-3.1470422440944881
0
LINE
8
BLACK
6
CONTINUOUS
10
4.9272203149606302
20
-3.1470422440944881
11
4.9243464960629924
21
-3.1451220078740159
0
LINE
8
BLACK
6
CONTINUOUS
10
4.9243464960629924
20
-3.1451220078740159
11
4.9224262598425197
21
-3.142248188976378
0
LINE
8
BLACK
6
CONTINUOUS
10
4.9224262598425197
20
-3.142248188976378
11
4.921751968503937
21
-3.1388582677165355
0
LINE
8
BLACK
6
CONTINUOUS
10
4.921751968503937
20
-3.1388582677165355
11
4.921751968503937
21
-3.1211417322834647
0
LINE
8
BLACK
6
CONTINUOUS
10
4.921751968503937
20
-3.1211417322834647
11
4.9224262598425197
21
-3.1177518110236218
0
LINE
8
BLACK
6
CONTINUOUS
10
4.9224262598425197
20
-3.1177518110236218
11
4.9243464960629924
21
-3.1148779921259844
0
LINE
8
BLACK
6
CONTINUOUS
10
4.9243464960629924
20
-3.1148779921259844
11
4.9272203149606302
21
-3.1129577559055117
0
LINE
8
BLACK
6
CONTINUOUS
10
4.9272203149606302
20
-3.1129577559055117
11
4.9306102362204722
21
-3.1122834645669291
0
LINE
8
BLACK
6
CONTINUOUS
10
4.9306102362204722
20
-3.1122834645669291
11
4.9640748031496065
21
-3.1122834645669291
0
LINE
8
BLACK
6
CONTINUOUS
10
4.9640748031496065
20
-3.1122834645669291
11
4.9674647244094485
21
-3.1129577559055117
0
LINE
8
BLACK
6
CONTINUOUS
10
5.1028543307086611
20
-3.1050590551181103
11
4.9798228346456694
21
-3.1050590551181103
0
LINE
8
BLACK
6
CONTINUOUS
10
4.9798228346456694
20
-3.1050590551181103
11
4.9798228346456694
21
-3.0886614173228346
0
LINE
8
BLACK
6
CONTINUOUS
10
4.9798228346456694
20
-3.0886614173228346
11
4.921751968503937
21
-3.0886614173228346
0
LINE
8
BLACK
6
CONTINUOUS
10
4.921751968503937
20
-3.0886614173228346
11
4.921751968503937
21
-3.0532283464566929
0
LINE
8
BLACK
6
CONTINUOUS
10
4.921751968503937
20
-3.0532283464566929
11
4.9798228346456694
21
-3.0532283464566929
0
LINE
8
BLACK
6
CONTINUOUS
10
4.9798228346456694
20
-3.0532283464566929
11
4.9798228346456694
21
-3.0368307086614172
0
LINE
8
BLACK
6
CONTINUOUS
10
4.9798228346456694
20
-3.0368307086614172
11
5.1028543307086611
21
-3.0368307086614172
0
LINE
8
BLACK
6
CONTINUOUS
10
5.1028543307086611
20
-3.0368307086614172
11
5.1028543307086611
21
-3.1050590551181103
0
LINE
8
BLACK
6
CONTINUOUS
10
4.7557048425196848
20
-3.065410157480315
11
4.7576207086614168
21
-3.0666903149606299
0
LINE
8
BLACK
6
CONTINUOUS
10
4.7576207086614168
20
-3.0666903149606299
11
4.7589008661417322
21
-3.0686061811023619
0
LINE
8
BLACK
6
CONTINUOUS
10
4.7589008661417322
20
-3.0686061811023619
11
4.7593503937007871
21
-3.0708661417322833
0
LINE
8
BLACK
6
CONTINUOUS
10
4.7593503937007871
20
-3.0708661417322833
11
4.7593503937007871
21
-3.0826771653543306
0
LINE
8
BLACK
6
CONTINUOUS
10
4.7593503937007871
20
-3.0826771653543306
11
4.7589008661417322
21
-3.084937125984252
0
LINE
8
BLACK
6
CONTINUOUS
10
4.7589008661417322
20
-3.084937125984252
11
4.7576207086614168
21
-3.086852992125984
0
LINE
8
BLACK
6
CONTINUOUS
10
4.7576207086614168
20
-3.086852992125984
11
4.7557048425196848
21
-3.0881331496062989
0
LINE
8
BLACK
6
CONTINUOUS
10
4.7557048425196848
20
-3.0881331496062989
11
4.7534448818897639
21
-3.0885826771653542
0
LINE
8
BLACK
6
CONTINUOUS
10
4.7534448818897639
20
-3.0885826771653542
11
4.7130905511811019
21
-3.0885826771653542
0
LINE
8
BLACK
6
CONTINUOUS
10
4.7130905511811019
20
-3.0885826771653542
11
4.7108305905511809
21
-3.0881331496062989
0
LINE
8
BLACK
6
CONTINUOUS
10
4.7108305905511809
20
-3.0881331496062989
11
4.7089147244094489
21
-3.086852992125984
0
LINE
8
BLACK
6
CONTINUOUS
10
4.7089147244094489
20
-3.086852992125984
11
4.7076345669291335
21
-3.084937125984252
0
LINE
8
BLACK
6
CONTINUOUS
10
4.7076345669291335
20
-3.084937125984252
11
4.7071850393700787
21
-3.0826771653543306
0
LINE
8
BLACK
6
CONTINUOUS
10
4.7071850393700787
20
-3.0826771653543306
11
4.7071850393700787
21
-3.0708661417322833
0
LINE
8
BLACK
6
CONTINUOUS
10
4.7071850393700787
20
-3.0708661417322833
11
4.7076345669291335
21
-3.0686061811023619
0
LINE
8
BLACK
6
CONTINUOUS
10
4.7076345669291335
20
-3.0686061811023619
11
4.7089147244094489
21
-3.0666903149606299
0
LINE
8
BLACK
6
CONTINUOUS
10
4.7089147244094489
20
-3.0666903149606299
11
4.7108305905511809
21
-3.065410157480315
0
LINE
8
BLACK
6
CONTINUOUS
10
4.7108305905511809
20
-3.065410157480315
11
4.7130905511811019
21
-3.0649606299212597
0
LINE
8
BLACK
6
CONTINUOUS
10
4.7130905511811019
20
-3.0649606299212597
11
4.7534448818897639
21
-3.0649606299212597
0
LINE
8
BLACK
6
CONTINUOUS
10
4.7534448818897639
20
-3.0649606299212597
11
4.7557048425196848
21
-3.065410157480315
0
LINE
8
BLACK
6
CONTINUOUS
10
4.8452717716535432
20
-3.065410157480315
11
4.8471876377952752
21
-3.0666903149606299
0
LINE
8
BLACK
6
CONTINUOUS
10
4.8471876377952752
20
-3.0666903149606299
11
4.8484677952755906
21
-3.0686061811023619
0
LINE
8
BLACK
6
CONTINUOUS
10
4.8484677952755906
20
-3.0686061811023619
11
4.8489173228346454
21
-3.0708661417322833
0
LINE
8
BLACK
6
CONTINUOUS
10
4.8489173228346454
20
-3.0708661417322833
11
4.8489173228346454
21
-3.0826771653543306
0
LINE
8
BLACK
6
CONTINUOUS
10
4.8489173228346454
20
-3.0826771653543306
11
4.8484677952755906
21
-3.084937125984252
0
LINE
8
BLACK
6
CONTINUOUS
10
4.8484677952755906
20
-3.084937125984252
11
4.8471876377952752
21
-3.086852992125984
0
LINE
8
BLACK
6
CONTINUOUS
10
4.8471876377952752
20
-3.086852992125984
11
4.8452717716535432
21
-3.0881331496062989
0
LINE
8
BLACK
6
CONTINUOUS
10
4.8452717716535432
20
-3.0881331496062989
11
4.8430118110236222
21
-3.0885826771653542
0
LINE
8
BLACK
6
CONTINUOUS
10
4.8430118110236222
20
-3.0885826771653542
11
4.8026574803149602
21
-3.0885826771653542
0
LINE
8
BLACK
6
CONTINUOUS
10
4.8026574803149602
20
-3.0885826771653542
11
4.8003975196850392
21
-3.0881331496062989
0
LINE
8
BLACK
6
CONTINUOUS
10
4.8003975196850392
20
-3.0881331496062989
11
4.7984816535433072
21
-3.086852992125984
0
LINE
8
BLACK
6
CONTINUOUS
10
4.7984816535433072
20
-3.086852992125984
11
4.7972014960629918
21
-3.084937125984252
0
LINE
8
BLACK
6
CONTINUOUS
10
4.7972014960629918
20
-3.084937125984252
11
4.796751968503937
21
-3.0826771653543306
0
LINE
8
BLACK
6
CONTINUOUS
10
4.796751968503937
20
-3.0826771653543306
11
4.796751968503937
21
-3.0708661417322833
0
LINE
8
BLACK
6
CONTINUOUS
10
4.796751968503937
20
-3.0708661417322833
11
4.7972014960629918
21
-3.0686061811023619
0
LINE
8
BLACK
6
CONTINUOUS
10
4.7972014960629918
20
-3.0686061811023619
11
4.7984816535433072
21
-3.0666903149606299
0
LINE
8
BLACK
6
CONTINUOUS
10
4.7984816535433072
20
-3.0666903149606299
11
4.8003975196850392
21
-3.065410157480315
0
LINE
8
BLACK
6
CONTINUOUS
10
4.8003975196850392
20
-3.065410157480315
11
4.8026574803149602
21
-3.0649606299212597
0
LINE
8
BLACK
6
CONTINUOUS
10
4.8026574803149602
20
-3.0649606299212597
11
4.8430118110236222
21
-3.0649606299212597
0
LINE
8
BLACK
6
CONTINUOUS
10
4.8430118110236222
20
-3.0649606299212597
11
4.8452717716535432
21
-3.065410157480315
0
LINE
8
BLACK
6
CONTINUOUS
10
4.7557048425196848
20
-3.0280085826771654
11
4.7576207086614168
21
-3.0292887401574804
0
LINE
8
BLACK
6
CONTINUOUS
10
4.7576207086614168
20
-3.0292887401574804
11
4.7589008661417322
21
-3.0312046062992124
0
LINE
8
BLACK
6
CONTINUOUS
10
4.7589008661417322
20
-3.0312046062992124
11
4.7593503937007871
21
-3.0334645669291338
0
LINE
8
BLACK
6
CONTINUOUS
10
4.7593503937007871
20
-3.0334645669291338
11
4.7593503937007871
21
-3.045275590551181
0
LINE
8
BLACK
6
CONTINUOUS
10
4.7593503937007871
20
-3.045275590551181
11
4.7589008661417322
21
-3.0475355511811024
0
LINE
8
BLACK
6
CONTINUOUS
10
4.7589008661417322
20
-3.0475355511811024
11
4.7576207086614168
21
-3.0494514173228344
0
LINE
8
BLACK
6
CONTINUOUS
10
4.7576207086614168
20
-3.0494514173228344
11
4.7557048425196848
21
-3.0507315748031494
0
LINE
8
BLACK
6
CONTINUOUS
10
4.7557048425196848
20
-3.0507315748031494
11
4.7534448818897639
21
-3.0511811023622046
0
LINE
8
BLACK
6
CONTINUOUS
10
4.7534448818897639
20
-3.0511811023622046
11
4.7130905511811019
21
-3.0511811023622046
0
LINE
8
BLACK
6
CONTINUOUS
10
4.7130905511811019
20
-3.0511811023622046
11
4.7108305905511809
21
-3.0507315748031494
0
LINE
8
BLACK
6
CONTINUOUS
10
4.7108305905511809
20
-3.0507315748031494
11
4.7089147244094489
21
-3.0494514173228344
0
LINE
8
BLACK
6
CONTINUOUS
10
4.7089147244094489
20
-3.0494514173228344
11
4.7076345669291335
21
-3.0475355511811024
0
LINE
8
BLACK
6
CONTINUOUS
10
4.7076345669291335
20
-3.0475355511811024
11
4.7071850393700787
21
-3.045275590551181
0
LINE
8
BLACK
6
CONTINUOUS
10
4.7071850393700787
20
-3.045275590551181
11
4.7071850393700787
21
-3.0334645669291338
0
LINE
8
BLACK
6
CONTINUOUS
10
4.7071850393700787
20
-3.0334645669291338
11
4.7076345669291335
21
-3.0312046062992124
0
LINE
8
BLACK
6
CONTINUOUS
10
4.7076345669291335
20
-3.0312046062992124
11
4.7089147244094489
21
-3.0292887401574804
0
LINE
8
BLACK
6
CONTINUOUS
10
4.7089147244094489
20
-3.0292887401574804
11
4.7108305905511809
21
-3.0280085826771654
0
LINE
8
BLACK
6
CONTINUOUS
10
4.7108305905511809
20
-3.0280085826771654
11
4.7130905511811019
21
-3.0275590551181102
0
LINE
8
BLACK
6
CONTINUOUS
10
4.7130905511811019
20
-3.0275590551181102
11
4.7534448818897639
21
-3.0275590551181102
0
LINE
8
BLACK
6
CONTINUOUS
10
4.7534448818897639
20
-3.0275590551181102
11
4.7557048425196848
21
-3.0280085826771654
0
LINE
8
BLACK
6
CONTINUOUS
10
4.8452717716535432
20
-3.0280085826771654
11
4.8471876377952752
21
-3.0292887401574804
0
LINE
8
BLACK
6
CONTINUOUS
10
4.8471876377952752
20
-3.0292887401574804
11
4.8484677952755906
21
-3.0312046062992124
0
LINE
8
BLACK
6
CONTINUOUS
10
4.8484677952755906
20
-3.0312046062992124
11
4.8489173228346454
21
-3.0334645669291338
0
LINE
8
BLACK
6
CONTINUOUS
10
4.8489173228346454
20
-3.0334645669291338
11
4.8489173228346454
21
-3.045275590551181
0
LINE
8
BLACK
6
CONTINUOUS
10
4.8489173228346454
20
-3.045275590551181
11
4.8484677952755906
21
-3.0475355511811024
0
LINE
8
BLACK
6
CONTINUOUS
10
4.8484677952755906
20
-3.0475355511811024
11
4.8471876377952752
21
-3.0494514173228344
0
LINE
8
BLACK
6
CONTINUOUS
10
4.8471876377952752
20
-3.0494514173228344
11
4.8452717716535432
21
-3.0507315748031494
0
LINE
8
BLACK
6
CONTINUOUS
10
4.8452717716535432
20
-3.0507315748031494
11
4.8430118110236222
21
-3.0511811023622046
0
LINE
8
BLACK
6
CONTINUOUS
10
4.8430118110236222
20
-3.0511811023622046
11
4.8026574803149602
21
-3.0511811023622046
0
LINE
8
BLACK
6
CONTINUOUS
10
4.8026574803149602
20
-3.0511811023622046
11
4.8003975196850392
21
-3.0507315748031494
0
LINE
8
BLACK
6
CONTINUOUS
10
4.8003975196850392
20
-3.0507315748031494
11
4.7984816535433072
21
-3.0494514173228344
0
LINE
8
BLACK
6
CONTINUOUS
10
4.7984816535433072
20
-3.0494514173228344
11
4.7972014960629918
21
-3.0475355511811024
0
LINE
8
BLACK
6
CONTINUOUS
10
4.7972014960629918
20
-3.0475355511811024
11
4.796751968503937
21
-3.045275590551181
0
LINE
8
BLACK
6
CONTINUOUS
10
4.796751968503937
20
-3.045275590551181
11
4.796751968503937
21
-3.0334645669291338
0
LINE
8
BLACK
6
CONTINUOUS
10
4.796751968503937
20
-3.0334645669291338
11
4.7972014960629918
21
-3.0312046062992124
0
LINE
8
BLACK
6
CONTINUOUS
10
4.7972014960629918
20
-3.0312046062992124
11
4.7984816535433072
21
-3.0292887401574804
0
LINE
8
BLACK
6
CONTINUOUS
10
4.7984816535433072
20
-3.0292887401574804
11
4.8003975196850392
21
-3.0280085826771654
0
LINE
8
BLACK
6
CONTINUOUS
10
4.8003975196850392
20
-3.0280085826771654
11
4.8026574803149602
21
-3.0275590551181102
0
LINE
8
BLACK
6
CONTINUOUS
10
4.8026574803149602
20
-3.0275590551181102
11
4.8430118110236222
21
-3.0275590551181102
0
LINE
8
BLACK
6
CONTINUOUS
10
4.8430118110236222
20
-3.0275590551181102
11
4.8452717716535432
21
-3.0280085826771654
0
LINE
8
BLACK
6
CONTINUOUS
10
4.9674647244094485
20
-2.9948475196850395
11
4.9703385433070864
21
-2.9967677559055117
0
LINE
8
BLACK
6
CONTINUOUS
10
4.9703385433070864
20
-2.9967677559055117
11
4.972258779527559
21
-2.9996415748031495
0
LINE
8
BLACK
6
CONTINUOUS
10
4.972258779527559
20
-2.9996415748031495
11
4.9729330708661417
21
-3.003031496062992
0
LINE
8
BLACK
6
CONTINUOUS
10
4.9729330708661417
20
-3.003031496062992
11
4.9729330708661417
21
-3.0207480314960629
0
LINE
8
BLACK
6
CONTINUOUS
10
4.9729330708661417
20
-3.0207480314960629
11
4.972258779527559
21
-3.0241379527559054
0
LINE
8
BLACK
6
CONTINUOUS
10
4.972258779527559
20
-3.0241379527559054
11
4.9703385433070864
21
-3.0270117716535432
0
LINE
8
BLACK
6
CONTINUOUS
10
4.9703385433070864
20
-3.0270117716535432
11
4.9674647244094485
21
-3.0289320078740158
0
LINE
8
BLACK
6
CONTINUOUS
10
4.9674647244094485
20
-3.0289320078740158
11
4.9640748031496065
21
-3.0296062992125985
0
LINE
8
BLACK
6
CONTINUOUS
10
4.9640748031496065
20
-3.0296062992125985
11
4.9306102362204722
21
-3.0296062992125985
0
LINE
8
BLACK
6
CONTINUOUS
10
4.9306102362204722
20
-3.0296062992125985
11
4.9272203149606302
21
-3.0289320078740158
0
LINE
8
BLACK
6
CONTINUOUS
10
4.9272203149606302
20
-3.0289320078740158
11
4.9243464960629924
21
-3.0270117716535432
0
LINE
8
BLACK
6
CONTINUOUS
10
4.9243464960629924
20
-3.0270117716535432
11
4.9224262598425197
21
-3.0241379527559054
0
LINE
8
BLACK
6
CONTINUOUS
10
4.9224262598425197
20
-3.0241379527559054
11
4.921751968503937
21
-3.0207480314960629
0
LINE
8
BLACK
6
CONTINUOUS
10
4.921751968503937
20
-3.0207480314960629
11
4.921751968503937
21
-3.003031496062992
0
LINE
8
BLACK
6
CONTINUOUS
10
4.921751968503937
20
-3.003031496062992
11
4.9224262598425197
21
-2.9996415748031495
0
LINE
8
BLACK
6
CONTINUOUS
10
4.9224262598425197
20
-2.9996415748031495
11
4.9243464960629924
21
-2.9967677559055117
0
LINE
8
BLACK
6
CONTINUOUS
10
4.9243464960629924
20
-2.9967677559055117
11
4.9272203149606302
21
-2.9948475196850395
0
LINE
8
BLACK
6
CONTINUOUS
10
4.9272203149606302
20
-2.9948475196850395
11
4.9306102362204722
21
-2.9941732283464568
0
LINE
8
BLACK
6
CONTINUOUS
10
4.9306102362204722
20
-2.9941732283464568
11
4.9640748031496065
21
-2.9941732283464568
0
LINE
8
BLACK
6
CONTINUOUS
10
4.9640748031496065
20
-2.9941732283464568
11
4.9674647244094485
21
-2.9948475196850395
0
LINE
8
BLACK
6
CONTINUOUS
10
4.7557048425196848
20
-2.9906070078740159
11
4.7576207086614168
21
-2.9918871653543309
0
LINE
8
BLACK
6
CONTINUOUS
10
4.7576207086614168
20
-2.9918871653543309
11
4.7589008661417322
21
-2.9938030314960629
0
LINE
8
BLACK
6
CONTINUOUS
10
4.7589008661417322
20
-2.9938030314960629
11
4.7593503937007871
21
-2.9960629921259843
0
LINE
8
BLACK
6
CONTINUOUS
10
4.7593503937007871
20
-2.9960629921259843
11
4.7593503937007871
21
-3.0078740157480315
0
LINE
8
BLACK
6
CONTINUOUS
10
4.7593503937007871
20
-3.0078740157480315
11
4.7589008661417322
21
-3.0101339763779529
0
LINE
8
BLACK
6
CONTINUOUS
10
4.7589008661417322
20
-3.0101339763779529
11
4.7576207086614168
21
-3.0120498425196849
0
LINE
8
BLACK
6
CONTINUOUS
10
4.7576207086614168
20
-3.0120498425196849
11
4.7557048425196848
21
-3.0133299999999998
0
LINE
8
BLACK
6
CONTINUOUS
10
4.7557048425196848
20
-3.0133299999999998
11
4.7534448818897639
21
-3.0137795275590551
0
LINE
8
BLACK
6
CONTINUOUS
10
4.7534448818897639
20
-3.0137795275590551
11
4.7130905511811019
21
-3.0137795275590551
0
LINE
8
BLACK
6
CONTINUOUS
10
4.7130905511811019
20
-3.0137795275590551
11
4.7108305905511809
21
-3.0133299999999998
0
LINE
8
BLACK
6
CONTINUOUS
10
4.7108305905511809
20
-3.0133299999999998
11
4.7089147244094489
21
-3.0120498425196849
0
LINE
8
BLACK
6
CONTINUOUS
10
4.7089147244094489
20
-3.0120498425196849
11
4.7076345669291335
21
-3.0101339763779529
0
LINE
8
BLACK
6
CONTINUOUS
10
4.7076345669291335
20
-3.0101339763779529
11
4.7071850393700787
21
-3.0078740157480315
0
LINE
8
BLACK
6
CONTINUOUS
10
4.7071850393700787
20
-3.0078740157480315
11
4.7071850393700787
21
-2.9960629921259843
0
LINE
8
BLACK
6
CONTINUOUS
10
4.7071850393700787
20
-2.9960629921259843
11
4.7076345669291335
21
-2.9938030314960629
0
LINE
8
BLACK
6
CONTINUOUS
10
4.7076345669291335
20
-2.9938030314960629
11
4.7089147244094489
21
-2.9918871653543309
0
LINE
8
BLACK
6
CONTINUOUS
10
4.7089147244094489
20
-2.9918871653543309
11
4.7108305905511809
21
-2.9906070078740159
0
LINE
8
BLACK
6
CONTINUOUS
10
4.7108305905511809
20
-2.9906070078740159
11
4.7130905511811019
21
-2.9901574803149606
0
LINE
8
BLACK
6
CONTINUOUS
10
4.7130905511811019
20
-2.9901574803149606
11
4.7534448818897639
21
-2.9901574803149606
0
LINE
8
BLACK
6
CONTINUOUS
10
4.7534448818897639
20
-2.9901574803149606
11
4.7557048425196848
21
-2.9906070078740159
0
LINE
8
BLACK
6
CONTINUOUS
10
4.8452717716535432
20
-2.9906070078740159
11
4.8471876377952752
21
-2.9918871653543309
0
LINE
8
BLACK
6
CONTINUOUS
10
4.8471876377952752
20
-2.9918871653543309
11
4.8484677952755906
21
-2.9938030314960629
0
LINE
8
BLACK
6
CONTINUOUS
10
4.8484677952755906
20
-2.9938030314960629
11
4.8489173228346454
21
-2.9960629921259843
0
LINE
8
BLACK
6
CONTINUOUS
10
4.8489173228346454
20
-2.9960629921259843
11
4.8489173228346454
21
-3.0078740157480315
0
LINE
8
BLACK
6
CONTINUOUS
10
4.8489173228346454
20
-3.0078740157480315
11
4.8484677952755906
21
-3.0101339763779529
0
LINE
8
BLACK
6
CONTINUOUS
10
4.8484677952755906
20
-3.0101339763779529
11
4.8471876377952752
21
-3.0120498425196849
0
LINE
8
BLACK
6
CONTINUOUS
10
4.8471876377952752
20
-3.0120498425196849
11
4.8452717716535432
21
-3.0133299999999998
0
LINE
8
BLACK
6
CONTINUOUS
10
4.8452717716535432
20
-3.0133299999999998
11
4.8430118110236222
21
-3.0137795275590551
0
LINE
8
BLACK
6
CONTINUOUS
10
4.8430118110236222
20
-3.0137795275590551
11
4.8026574803149602
21
-3.0137795275590551
0
LINE
8
BLACK
6
CONTINUOUS
10
4.8026574803149602
20
-3.0137795275590551
11
4.8003975196850392
21
-3.0133299999999998
0
LINE
8
BLACK
6
CONTINUOUS
10
4.8003975196850392
20
-3.0133299999999998
11
4.7984816535433072
21
-3.0120498425196849
0
LINE
8
BLACK
6
CONTINUOUS
10
4.7984816535433072
20
-3.0120498425196849
11
4.7972014960629918
21
-3.0101339763779529
0
LINE
8
BLACK
6
CONTINUOUS
10
4.7972014960629918
20
-3.0101339763779529
11
4.796751968503937
21
-3.0078740157480315
0
LINE
8
BLACK
6
CONTINUOUS
10
4.796751968503937
20
-3.0078740157480315
11
4.796751968503937
21
-2.9960629921259843
0
LINE
8
BLACK
6
CONTINUOUS
10
4.796751968503937
20
-2.9960629921259843
11
4.7972014960629918
21
-2.9938030314960629
0
LINE
8
BLACK
6
CONTINUOUS
10
4.7972014960629918
20
-2.9938030314960629
11
4.7984816535433072
21
-2.9918871653543309
0
LINE
8
BLACK
6
CONTINUOUS
10
4.7984816535433072
20
-2.9918871653543309
11
4.8003975196850392
21
-2.9906070078740159
0
LINE
8
BLACK
6
CONTINUOUS
10
4.8003975196850392
20
-2.9906070078740159
11
4.8026574803149602
21
-2.9901574803149606
0
LINE
8
BLACK
6
CONTINUOUS
10
4.8026574803149602
20
-2.9901574803149606
11
4.8430118110236222
21
-2.9901574803149606
0
LINE
8
BLACK
6
CONTINUOUS
10
4.8430118110236222
20
-2.9901574803149606
11
4.8452717716535432
21
-2.9906070078740159
0
LINE
8
BLACK
6
CONTINUOUS
10
4.5937953937007876
20
-2.9787959842519682
11
4.5957112598425196
21
-2.9800761417322832
0
LINE
8
BLACK
6
CONTINUOUS
10
4.5957112598425196
20
-2.9800761417322832
11
4.5969914173228341
21
-2.9819920078740156
0
LINE
8
BLACK
6
CONTINUOUS
10
4.5969914173228341
20
-2.9819920078740156
11
4.5974409448818898
21
-2.984251968503937
0
LINE
8
BLACK
6
CONTINUOUS
10
4.5974409448818898
20
-2.984251968503937
11
4.5974409448818898
21
-2.9960629921259843
0
LINE
8
BLACK
6
CONTINUOUS
10
4.5974409448818898
20
-2.9960629921259843
11
4.5969914173228341
21
-2.9983229527559057
0
LINE
8
BLACK
6
CONTINUOUS
10
4.5969914173228341
20
-2.9983229527559057
11
4.5957112598425196
21
-3.0002388188976377
0
LINE
8
BLACK
6
CONTINUOUS
10
4.5957112598425196
20
-3.0002388188976377
11
4.5937953937007876
21
-3.0015189763779526
0
LINE
8
BLACK
6
CONTINUOUS
10
4.5937953937007876
20
-3.0015189763779526
11
4.5915354330708658
21
-3.0019685039370079
0
LINE
8
BLACK
6
CONTINUOUS
10
4.5915354330708658
20
-3.0019685039370079
11
4.5511811023622046
21
-3.0019685039370079
0
LINE
8
BLACK
6
CONTINUOUS
10
4.5511811023622046
20
-3.0019685039370079
11
4.5489211417322837
21
-3.0015189763779526
0
LINE
8
BLACK
6
CONTINUOUS
10
4.5489211417322837
20
-3.0015189763779526
11
4.5470052755905508
21
-3.0002388188976377
0
LINE
8
BLACK
6
CONTINUOUS
10
4.5470052755905508
20
-3.0002388188976377
11
4.5457251181102363
21
-2.9983229527559057
0
LINE
8
BLACK
6
CONTINUOUS
10
4.5457251181102363
20
-2.9983229527559057
11
4.5452755905511806
21
-2.9960629921259843
0
LINE
8
BLACK
6
CONTINUOUS
10
4.5452755905511806
20
-2.9960629921259843
11
4.5452755905511806
21
-2.984251968503937
0
LINE
8
BLACK
6
CONTINUOUS
10
4.5452755905511806
20
-2.984251968503937
11
4.5457251181102363
21
-2.9819920078740156
0
LINE
8
BLACK
6
CONTINUOUS
10
4.5457251181102363
20
-2.9819920078740156
11
4.5470052755905508
21
-2.9800761417322832
0
LINE
8
BLACK
6
CONTINUOUS
10
4.5470052755905508
20
-2.9800761417322832
11
4.5489211417322837
21
-2.9787959842519682
0
LINE
8
BLACK
6
CONTINUOUS
10
4.5489211417322837
20
-2.9787959842519682
11
4.5511811023622046
21
-2.9783464566929134
0
LINE
8
BLACK
6
CONTINUOUS
10
4.5511811023622046
20
-2.9783464566929134
11
4.5915354330708658
21
-2.9783464566929134
0
LINE
8
BLACK
6
CONTINUOUS
10
4.5915354330708658
20
-2.9783464566929134
11
4.5937953937007876
21
-2.9787959842519682
0
LINE
8
BLACK
6
CONTINUOUS
10
4.6833623228346459
20
-2.9787959842519682
11
4.6852781889763779
21
-2.9800761417322832
0
LINE
8
BLACK
6
CONTINUOUS
10
4.6852781889763779
20
-2.9800761417322832
11
4.6865583464566924
21
-2.9819920078740156
0
LINE
8
BLACK
6
CONTINUOUS
10
4.6865583464566924
20
-2.9819920078740156
11
4.6870078740157481
21
-2.984251968503937
0
LINE
8
BLACK
6
CONTINUOUS
10
4.6870078740157481
20
-2.984251968503937
11
4.6870078740157481
21
-2.9960629921259843
0
LINE
8
BLACK
6
CONTINUOUS
10
4.6870078740157481
20
-2.9960629921259843
11
4.6865583464566924
21
-2.9983229527559057
0
LINE
8
BLACK
6
CONTINUOUS
10
4.6865583464566924
20
-2.9983229527559057
11
4.6852781889763779
21
-3.0002388188976377
0
LINE
8
BLACK
6
CONTINUOUS
10
4.6852781889763779
20
-3.0002388188976377
11
4.6833623228346459
21
-3.0015189763779526
0
LINE
8
BLACK
6
CONTINUOUS
10
4.6833623228346459
20
-3.0015189763779526
11
4.6811023622047241
21
-3.0019685039370079
0
LINE
8
BLACK
6
CONTINUOUS
10
4.6811023622047241
20
-3.0019685039370079
11
4.640748031496063
21
-3.0019685039370079
0
LINE
8
BLACK
6
CONTINUOUS
10
4.640748031496063
20
-3.0019685039370079
11
4.638488070866142
21
-3.0015189763779526
0
LINE
8
BLACK
6
CONTINUOUS
10
4.638488070866142
20
-3.0015189763779526
11
4.6365722047244091
21
-3.0002388188976377
0
LINE
8
BLACK
6
CONTINUOUS
10
4.6365722047244091
20
-3.0002388188976377
11
4.6352920472440946
21
-2.9983229527559057
0
LINE
8
BLACK
6
CONTINUOUS
10
4.6352920472440946
20
-2.9983229527559057
11
4.6348425196850389
21
-2.9960629921259843
0
LINE
8
BLACK
6
CONTINUOUS
10
4.6348425196850389
20
-2.9960629921259843
11
4.6348425196850389
21
-2.984251968503937
0
LINE
8
BLACK
6
CONTINUOUS
10
4.6348425196850389
20
-2.984251968503937
11
4.6352920472440946
21
-2.9819920078740156
0
LINE
8
BLACK
6
CONTINUOUS
10
4.6352920472440946
20
-2.9819920078740156
11
4.6365722047244091
21
-2.9800761417322832
0
LINE
8
BLACK
6
CONTINUOUS
10
4.6365722047244091
20
-2.9800761417322832
11
4.638488070866142
21
-2.9787959842519682
0
LINE
8
BLACK
6
CONTINUOUS
10
4.638488070866142
20
-2.9787959842519682
11
4.640748031496063
21
-2.9783464566929134
0
LINE
8
BLACK
6
CONTINUOUS
10
4.640748031496063
20
-2.9783464566929134
11
4.6811023622047241
21
-2.9783464566929134
0
LINE
8
BLACK
6
CONTINUOUS
10
4.6811023622047241
20
-2.9783464566929134
11
4.6833623228346459
21
-2.9787959842519682
0
LINE
8
BLACK
6
CONTINUOUS
10
5.1905775984251967
20
-2.9259460629921259
11
5.1937707480314961
21
-2.9280796456692912
0
LINE
8
BLACK
6
CONTINUOUS
10
5.1937707480314961
20
-2.9280796456692912
11
5.195904330708661
21
-2.9312727952755906
0
LINE
8
BLACK
6
CONTINUOUS
10
5.195904330708661
20
-2.9312727952755906
11
5.1966535433070868
21
-2.9350393700787403
0
LINE
8
BLACK
6
CONTINUOUS
10
5.1966535433070868
20
-2.9350393700787403
11
5.1966535433070868
21
-2.9665354330708662
0
LINE
8
BLACK
6
CONTINUOUS
10
5.1966535433070868
20
-2.9665354330708662
11
5.195904330708661
21
-2.9703020078740159
0
LINE
8
BLACK
6
CONTINUOUS
10
5.195904330708661
20
-2.9703020078740159
11
5.1937707480314961
21
-2.9734951574803148
0
LINE
8
BLACK
6
CONTINUOUS
10
5.1937707480314961
20
-2.9734951574803148
11
5.1905775984251967
21
-2.9756287401574801
0
LINE
8
BLACK
6
CONTINUOUS
10
5.1905775984251967
20
-2.9756287401574801
11
5.186811023622047
21
-2.9763779527559056
0
LINE
8
BLACK
6
CONTINUOUS
10
5.186811023622047
20
-2.9763779527559056
11
5.1454724409448822
21
-2.9763779527559056
0
LINE
8
BLACK
6
CONTINUOUS
10
5.1454724409448822
20
-2.9763779527559056
11
5.1417058661417325
21
-2.9756287401574801
0
LINE
8
BLACK
6
CONTINUOUS
10
5.1417058661417325
20
-2.9756287401574801
11
5.1385127165354332
21
-2.9734951574803148
0
LINE
8
BLACK
6
CONTINUOUS
10
5.1385127165354332
20
-2.9734951574803148
11
5.1363791338582674
21
-2.9703020078740159
0
LINE
8
BLACK
6
CONTINUOUS
10
5.1363791338582674
20
-2.9703020078740159
11
5.1356299212598424
21
-2.9665354330708662
0
LINE
8
BLACK
6
CONTINUOUS
10
5.1356299212598424
20
-2.9665354330708662
11
5.1356299212598424
21
-2.9350393700787403
0
LINE
8
BLACK
6
CONTINUOUS
10
5.1356299212598424
20
-2.9350393700787403
11
5.1363791338582674
21
-2.9312727952755906
0
LINE
8
BLACK
6
CONTINUOUS
10
5.1363791338582674
20
-2.9312727952755906
11
5.1385127165354332
21
-2.9280796456692912
0
LINE
8
BLACK
6
CONTINUOUS
10
5.1385127165354332
20
-2.9280796456692912
11
5.1417058661417325
21
-2.9259460629921259
0
LINE
8
BLACK
6
CONTINUOUS
10
5.1417058661417325
20
-2.9259460629921259
11
5.1454724409448822
21
-2.9251968503937009
0
LINE
8
BLACK
6
CONTINUOUS
10
5.1454724409448822
20
-2.9251968503937009
11
5.186811023622047
21
-2.9251968503937009
0
LINE
8
BLACK
6
CONTINUOUS
10
5.186811023622047
20
-2.9251968503937009
11
5.1905775984251967
21
-2.9259460629921259
0
LINE
8
BLACK
6
CONTINUOUS
10
5.5039634251968499
20
-2.9259460629921259
11
5.5071565748031492
21
-2.9280796456692912
0
LINE
8
BLACK
6
CONTINUOUS
10
5.5071565748031492
20
-2.9280796456692912
11
5.509290157480315
21
-2.9312727952755906
0
LINE
8
BLACK
6
CONTINUOUS
10
5.509290157480315
20
-2.9312727952755906
11
5.51003937007874
21
-2.9350393700787403
0
LINE
8
BLACK
6
CONTINUOUS
10
5.51003937007874
20
-2.9350393700787403
11
5.51003937007874
21
-2.9665354330708662
0
LINE
8
BLACK
6
CONTINUOUS
10
5.51003937007874
20
-2.9665354330708662
11
5.509290157480315
21
-2.9703020078740159
0
LINE
8
BLACK
6
CONTINUOUS
10
5.509290157480315
20
-2.9703020078740159
11
5.5071565748031492
21
-2.9734951574803148
0
LINE
8
BLACK
6
CONTINUOUS
10
5.5071565748031492
20
-2.9734951574803148
11
5.5039634251968499
21
-2.9756287401574801
0
LINE
8
BLACK
6
CONTINUOUS
10
5.5039634251968499
20
-2.9756287401574801
11
5.5001968503937011
21
-2.9763779527559056
0
LINE
8
BLACK
6
CONTINUOUS
10
5.5001968503937011
20
-2.9763779527559056
11
5.4588582677165354
21
-2.9763779527559056
0
LINE
8
BLACK
6
CONTINUOUS
10
5.4588582677165354
20
-2.9763779527559056
11
5.4550916929133857
21
-2.9756287401574801
0
LINE
8
BLACK
6
CONTINUOUS
10
5.4550916929133857
20
-2.9756287401574801
11
5.4518985433070863
21
-2.9734951574803148
0
LINE
8
BLACK
6
CONTINUOUS
10
5.4518985433070863
20
-2.9734951574803148
11
5.4497649606299214
21
-2.9703020078740159
0
LINE
8
BLACK
6
CONTINUOUS
10
5.4497649606299214
20
-2.9703020078740159
11
5.4490157480314956
21
-2.9665354330708662
0
LINE
8
BLACK
6
CONTINUOUS
10
5.4490157480314956
20
-2.9665354330708662
11
5.4490157480314956
21
-2.9350393700787403
0
LINE
8
BLACK
6
CONTINUOUS
10
5.4490157480314956
20
-2.9350393700787403
11
5.4497649606299214
21
-2.9312727952755906
0
LINE
8
BLACK
6
CONTINUOUS
10
5.4497649606299214
20
-2.9312727952755906
11
5.4518985433070863
21
-2.9280796456692912
0
LINE
8
BLACK
6
CONTINUOUS
10
5.4518985433070863
20
-2.9280796456692912
11
5.4550916929133857
21
-2.9259460629921259
0
LINE
8
BLACK
6
CONTINUOUS
10
5.4550916929133857
20
-2.9259460629921259
11
5.4588582677165354
21
-2.9251968503937009
0
LINE
8
BLACK
6
CONTINUOUS
10
5.4588582677165354
20
-2.9251968503937009
11
5.5001968503937011
21
-2.9251968503937009
0
LINE
8
BLACK
6
CONTINUOUS
10
5.5001968503937011
20
-2.9251968503937009
11
5.5039634251968499
21
-2.9259460629921259
0
LINE
8
BLACK
6
CONTINUOUS
10
4.5937953937007876
20
-2.9413944094488187
11
4.5957112598425196
21
-2.9426745669291337
0
LINE
8
BLACK
6
CONTINUOUS
10
4.5957112598425196
20
-2.9426745669291337
11
4.5969914173228341
21
-2.9445904330708661
0
LINE
8
BLACK
6
CONTINUOUS
10
4.5969914173228341
20
-2.9445904330708661
11
4.5974409448818898
21
-2.9468503937007875
0
LINE
8
BLACK
6
CONTINUOUS
10
4.5974409448818898
20
-2.9468503937007875
11
4.5974409448818898
21
-2.9586614173228347
0
LINE
8
BLACK
6
CONTINUOUS
10
4.5974409448818898
20
-2.9586614173228347
11
4.5969914173228341
21
-2.9609213779527557
0
LINE
8
BLACK
6
CONTINUOUS
10
4.5969914173228341
20
-2.9609213779527557
11
4.5957112598425196
21
-2.9628372440944881
0
LINE
8
BLACK
6
CONTINUOUS
10
4.5957112598425196
20
-2.9628372440944881
11
4.5937953937007876
21
-2.9641174015748031
0
LINE
8
BLACK
6
CONTINUOUS
10
4.5937953937007876
20
-2.9641174015748031
11
4.5915354330708658
21
-2.9645669291338583
0
LINE
8
BLACK
6
CONTINUOUS
10
4.5915354330708658
20
-2.9645669291338583
11
4.5511811023622046
21
-2.9645669291338583
0
LINE
8
BLACK
6
CONTINUOUS
10
4.5511811023622046
20
-2.9645669291338583
11
4.5489211417322837
21
-2.9641174015748031
0
LINE
8
BLACK
6
CONTINUOUS
10
4.5489211417322837
20
-2.9641174015748031
11
4.5470052755905508
21
-2.9628372440944881
0
LINE
8
BLACK
6
CONTINUOUS
10
4.5470052755905508
20
-2.9628372440944881
11
4.5457251181102363
21
-2.9609213779527557
0
LINE
8
BLACK
6
CONTINUOUS
10
4.5457251181102363
20
-2.9609213779527557
11
4.5452755905511806
21
-2.9586614173228347
0
LINE
8
BLACK
6
CONTINUOUS
10
4.5452755905511806
20
-2.9586614173228347
11
4.5452755905511806
21
-2.9468503937007875
0
LINE
8
BLACK
6
CONTINUOUS
10
4.5452755905511806
20
-2.9468503937007875
11
4.5457251181102363
21
-2.9445904330708661
0
LINE
8
BLACK
6
CONTINUOUS
10
4.5457251181102363
20
-2.9445904330708661
11
4.5470052755905508
21
-2.9426745669291337
0
LINE
8
BLACK
6
CONTINUOUS
10
4.5470052755905508
20
-2.9426745669291337
11
4.5489211417322837
21
-2.9413944094488187
0
LINE
8
BLACK
6
CONTINUOUS
10
4.5489211417322837
20
-2.9413944094488187
11
4.5511811023622046
21
-2.9409448818897639
0
LINE
8
BLACK
6
CONTINUOUS
10
4.5511811023622046
20
-2.9409448818897639
11
4.5915354330708658
21
-2.9409448818897639
0
LINE
8
BLACK
6
CONTINUOUS
10
4.5915354330708658
20
-2.9409448818897639
11
4.5937953937007876
21
-2.9413944094488187
0
LINE
8
BLACK
6
CONTINUOUS
10
4.6833623228346459
20
-2.9413944094488187
11
4.6852781889763779
21
-2.9426745669291337
0
LINE
8
BLACK
6
CONTINUOUS
10
4.6852781889763779
20
-2.9426745669291337
11
4.6865583464566924
21
-2.9445904330708661
0
LINE
8
BLACK
6
CONTINUOUS
10
4.6865583464566924
20
-2.9445904330708661
11
4.6870078740157481
21
-2.9468503937007875
0
LINE
8
BLACK
6
CONTINUOUS
10
4.6870078740157481
20
-2.9468503937007875
11
4.6870078740157481
21
-2.9586614173228347
0
LINE
8
BLACK
6
CONTINUOUS
10
4.6870078740157481
20
-2.9586614173228347
11
4.6865583464566924
21
-2.9609213779527557
0
LINE
8
BLACK
6
CONTINUOUS
10
4.6865583464566924
20
-2.9609213779527557
11
4.6852781889763779
21
-2.9628372440944881
0
LINE
8
BLACK
6
CONTINUOUS
10
4.6852781889763779
20
-2.9628372440944881
11
4.6833623228346459
21
-2.9641174015748031
0
LINE
8
BLACK
6
CONTINUOUS
10
4.6833623228346459
20
-2.9641174015748031
11
4.6811023622047241
21
-2.9645669291338583
0
LINE
8
BLACK
6
CONTINUOUS
10
4.6811023622047241
20
-2.9645669291338583
11
4.640748031496063
21
-2.9645669291338583
0
LINE
8
BLACK
6
CONTINUOUS
10
4.640748031496063
20
-2.9645669291338583
11
4.638488070866142
21
-2.9641174015748031
0
LINE
8
BLACK
6
CONTINUOUS
10
4.638488070866142
20
-2.9641174015748031
11
4.6365722047244091
21
-2.9628372440944881
0
LINE
8
BLACK
6
CONTINUOUS
10
4.6365722047244091
20
-2.9628372440944881
11
4.6352920472440946
21
-2.9609213779527557
0
LINE
8
BLACK
6
CONTINUOUS
10
4.6352920472440946
20
-2.9609213779527557
11
4.6348425196850389
21
-2.9586614173228347
0
LINE
8
BLACK
6
CONTINUOUS
10
4.6348425196850389
20
-2.9586614173228347
11
4.6348425196850389
21
-2.9468503937007875
0
LINE
8
BLACK
6
CONTINUOUS
10
4.6348425196850389
20
-2.9468503937007875
11
4.6352920472440946
21
-2.9445904330708661
0
LINE
8
BLACK
6
CONTINUOUS
10
4.6352920472440946
20
-2.9445904330708661
11
4.6365722047244091
21
-2.9426745669291337
0
LINE
8
BLACK
6
CONTINUOUS
10
4.6365722047244091
20
-2.9426745669291337
11
4.638488070866142
21
-2.9413944094488187
0
LINE
8
BLACK
6
CONTINUOUS
10
4.638488070866142
20
-2.9413944094488187
11
4.640748031496063
21
-2.9409448818897639
0
LINE
8
BLACK
6
CONTINUOUS
10
4.640748031496063
20
-2.9409448818897639
11
4.6811023622047241
21
-2.9409448818897639
0
LINE
8
BLACK
6
CONTINUOUS
10
4.6811023622047241
20
-2.9409448818897639
11
4.6833623228346459
21
-2.9413944094488187
0
LINE
8
BLACK
6
CONTINUOUS
10
4.8569752362204719
20
-2.8853161417322832
11
4.8601683858267712
21
-2.8874497244094486
0
LINE
8
BLACK
6
CONTINUOUS
10
4.8601683858267712
20
-2.8874497244094486
11
4.862301968503937
21
-2.8906428740157479
0
LINE
8
BLACK
6
CONTINUOUS
10
4.862301968503937
20
-2.8906428740157479
11
4.863051181102362
21
-2.8944094488188976
0
LINE
8
BLACK
6
CONTINUOUS
10
4.863051181102362
20
-2.8944094488188976
11
4.863051181102362
21
-2.9455905511811022
0
LINE
8
BLACK
6
CONTINUOUS
10
4.863051181102362
20
-2.9455905511811022
11
4.862301968503937
21
-2.9493571259842519
0
LINE
8
BLACK
6
CONTINUOUS
10
4.862301968503937
20
-2.9493571259842519
11
4.8601683858267712
21
-2.9525502755905513
0
LINE
8
BLACK
6
CONTINUOUS
10
4.8601683858267712
20
-2.9525502755905513
11
4.8569752362204719
21
-2.9546838582677166
0
LINE
8
BLACK
6
CONTINUOUS
10
4.8569752362204719
20
-2.9546838582677166
11
4.8532086614173231
21
-2.9554330708661416
0
LINE
8
BLACK
6
CONTINUOUS
10
4.8532086614173231
20
-2.9554330708661416
11
4.8207283464566926
21
-2.9554330708661416
0
LINE
8
BLACK
6
CONTINUOUS
10
4.8207283464566926
20
-2.9554330708661416
11
4.8169617716535429
21
-2.9546838582677166
0
LINE
8
BLACK
6
CONTINUOUS
10
4.8169617716535429
20
-2.9546838582677166
11
4.8137686220472444
21
-2.9525502755905513
0
LINE
8
BLACK
6
CONTINUOUS
10
4.8137686220472444
20
-2.9525502755905513
11
4.8116350393700786
21
-2.9493571259842519
0
LINE
8
BLACK
6
CONTINUOUS
10
4.8116350393700786
20
-2.9493571259842519
11
4.8108858267716537
21
-2.9455905511811022
0
LINE
8
BLACK
6
CONTINUOUS
10
4.8108858267716537
20
-2.9455905511811022
11
4.8108858267716537
21
-2.8944094488188976
0
LINE
8
BLACK
6
CONTINUOUS
10
4.8108858267716537
20
-2.8944094488188976
11
4.8116350393700786
21
-2.8906428740157479
0
LINE
8
BLACK
6
CONTINUOUS
10
4.8116350393700786
20
-2.8906428740157479
11
4.8137686220472444
21
-2.8874497244094486
0
LINE
8
BLACK
6
CONTINUOUS
10
4.8137686220472444
20
-2.8874497244094486
11
4.8169617716535429
21
-2.8853161417322832
0
LINE
8
BLACK
6
CONTINUOUS
10
4.8169617716535429
20
-2.8853161417322832
11
4.8207283464566926
21
-2.8845669291338583
0
LINE
8
BLACK
6
CONTINUOUS
10
4.8207283464566926
20
-2.8845669291338583
11
4.8532086614173231
21
-2.8845669291338583
0
LINE
8
BLACK
6
CONTINUOUS
10
4.8532086614173231
20
-2.8845669291338583
11
4.8569752362204719
21
-2.8853161417322832
0
LINE
8
BLACK
6
CONTINUOUS
10
4.9800067322834645
20
-2.8853161417322832
11
4.9831998818897638
21
-2.8874497244094486
0
LINE
8
BLACK
6
CONTINUOUS
10
4.9831998818897638
20
-2.8874497244094486
11
4.9853334645669287
21
-2.8906428740157479
0
LINE
8
BLACK
6
CONTINUOUS
10
4.9853334645669287
20
-2.8906428740157479
11
4.9860826771653546
21
-2.8944094488188976
0
LINE
8
BLACK
6
CONTINUOUS
10
4.9860826771653546
20
-2.8944094488188976
11
4.9860826771653546
21
-2.9455905511811022
0
LINE
8
BLACK
6
CONTINUOUS
10
4.9860826771653546
20
-2.9455905511811022
11
4.9853334645669287
21
-2.9493571259842519
0
LINE
8
BLACK
6
CONTINUOUS
10
4.9853334645669287
20
-2.9493571259842519
11
4.9831998818897638
21
-2.9525502755905513
0
LINE
8
BLACK
6
CONTINUOUS
10
4.9831998818897638
20
-2.9525502755905513
11
4.9800067322834645
21
-2.9546838582677166
0
LINE
8
BLACK
6
CONTINUOUS
10
4.9800067322834645
20
-2.9546838582677166
11
4.9762401574803148
21
-2.9554330708661416
0
LINE
8
BLACK
6
CONTINUOUS
10
4.9762401574803148
20
-2.9554330708661416
11
4.9437598425196851
21
-2.9554330708661416
0
LINE
8
BLACK
6
CONTINUOUS
10
4.9437598425196851
20
-2.9554330708661416
11
4.9399932677165355
21
-2.9546838582677166
0
LINE
8
BLACK
6
CONTINUOUS
10
4.9399932677165355
20
-2.9546838582677166
11
4.9368001181102361
21
-2.9525502755905513
0
LINE
8
BLACK
6
CONTINUOUS
10
4.9368001181102361
20
-2.9525502755905513
11
4.9346665354330703
21
-2.9493571259842519
0
LINE
8
BLACK
6
CONTINUOUS
10
4.9346665354330703
20
-2.9493571259842519
11
4.9339173228346453
21
-2.9455905511811022
0
LINE
8
BLACK
6
CONTINUOUS
10
4.9339173228346453
20
-2.9455905511811022
11
4.9339173228346453
21
-2.8944094488188976
0
LINE
8
BLACK
6
CONTINUOUS
10
4.9339173228346453
20
-2.8944094488188976
11
4.9346665354330703
21
-2.8906428740157479
0
LINE
8
BLACK
6
CONTINUOUS
10
4.9346665354330703
20
-2.8906428740157479
11
4.9368001181102361
21
-2.8874497244094486
0
LINE
8
BLACK
6
CONTINUOUS
10
4.9368001181102361
20
-2.8874497244094486
11
4.9399932677165355
21
-2.8853161417322832
0
LINE
8
BLACK
6
CONTINUOUS
10
4.9399932677165355
20
-2.8853161417322832
11
4.9437598425196851
21
-2.8845669291338583
0
LINE
8
BLACK
6
CONTINUOUS
10
4.9437598425196851
20
-2.8845669291338583
11
4.9762401574803148
21
-2.8845669291338583
0
LINE
8
BLACK
6
CONTINUOUS
10
4.9762401574803148
20
-2.8845669291338583
11
4.9800067322834645
21
-2.8853161417322832
0
LINE
8
BLACK
6
CONTINUOUS
10
4.5937953937007876
20
-2.9039928346456692
11
4.5957112598425196
21
-2.9052729921259841
0
LINE
8
BLACK
6
CONTINUOUS
10
4.5957112598425196
20
-2.9052729921259841
11
4.5969914173228341
21
-2.9071888582677166
0
LINE
8
BLACK
6
CONTINUOUS
10
4.5969914173228341
20
-2.9071888582677166
11
4.5974409448818898
21
-2.9094488188976375
0
LINE
8
BLACK
6
CONTINUOUS
10
4.5974409448818898
20
-2.9094488188976375
11
4.5974409448818898
21
-2.9212598425196852
0
LINE
8
BLACK
6
CONTINUOUS
10
4.5974409448818898
20
-2.9212598425196852
11
4.5969914173228341
21
-2.9235198031496061
0
LINE
8
BLACK
6
CONTINUOUS
10
4.5969914173228341
20
-2.9235198031496061
11
4.5957112598425196
21
-2.9254356692913386
0
LINE
8
BLACK
6
CONTINUOUS
10
4.5957112598425196
20
-2.9254356692913386
11
4.5937953937007876
21
-2.9267158267716535
0
LINE
8
BLACK
6
CONTINUOUS
10
4.5937953937007876
20
-2.9267158267716535
11
4.5915354330708658
21
-2.9271653543307088
0
LINE
8
BLACK
6
CONTINUOUS
10
4.5915354330708658
20
-2.9271653543307088
11
4.5511811023622046
21
-2.9271653543307088
0
LINE
8
BLACK
6
CONTINUOUS
10
4.5511811023622046
20
-2.9271653543307088
11
4.5489211417322837
21
-2.9267158267716535
0
LINE
8
BLACK
6
CONTINUOUS
10
4.5489211417322837
20
-2.9267158267716535
11
4.5470052755905508
21
-2.9254356692913386
0
LINE
8
BLACK
6
CONTINUOUS
10
4.5470052755905508
20
-2.9254356692913386
11
4.5457251181102363
21
-2.9235198031496061
0
LINE
8
BLACK
6
CONTINUOUS
10
4.5457251181102363
20
-2.9235198031496061
11
4.5452755905511806
21
-2.9212598425196852
0
LINE
8
BLACK
6
CONTINUOUS
10
4.5452755905511806
20
-2.9212598425196852
11
4.5452755905511806
21
-2.9094488188976375
0
LINE
8
BLACK
6
CONTINUOUS
10
4.5452755905511806
20
-2.9094488188976375
11
4.5457251181102363
21
-2.9071888582677166
0
LINE
8
BLACK
6
CONTINUOUS
10
4.5457251181102363
20
-2.9071888582677166
11
4.5470052755905508
21
-2.9052729921259841
0
LINE
8
BLACK
6
CONTINUOUS
10
4.5470052755905508
20
-2.9052729921259841
11
4.5489211417322837
21
-2.9039928346456692
0
LINE
8
BLACK
6
CONTINUOUS
10
4.5489211417322837
20
-2.9039928346456692
11
4.5511811023622046
21
-2.9035433070866139
0
LINE
8
BLACK
6
CONTINUOUS
10
4.5511811023622046
20
-2.9035433070866139
11
4.5915354330708658
21
-2.9035433070866139
0
LINE
8
BLACK
6
CONTINUOUS
10
4.5915354330708658
20
-2.9035433070866139
11
4.5937953937007876
21
-2.9039928346456692
0
LINE
8
BLACK
6
CONTINUOUS
10
4.6833623228346459
20
-2.9039928346456692
11
4.6852781889763779
21
-2.9052729921259841
0
LINE
8
BLACK
6
CONTINUOUS
10
4.6852781889763779
20
-2.9052729921259841
11
4.6865583464566924
21
-2.9071888582677166
0
LINE
8
BLACK
6
CONTINUOUS
10
4.6865583464566924
20
-2.9071888582677166
11
4.6870078740157481
21
-2.9094488188976375
0
LINE
8
BLACK
6
CONTINUOUS
10
4.6870078740157481
20
-2.9094488188976375
11
4.6870078740157481
21
-2.9212598425196852
0
LINE
8
BLACK
6
CONTINUOUS
10
4.6870078740157481
20
-2.9212598425196852
11
4.6865583464566924
21
-2.9235198031496061
0
LINE
8
BLACK
6
CONTINUOUS
10
4.6865583464566924
20
-2.9235198031496061
11
4.6852781889763779
21
-2.9254356692913386
0
LINE
8
BLACK
6
CONTINUOUS
10
4.6852781889763779
20
-2.9254356692913386
11
4.6833623228346459
21
-2.9267158267716535
0
LINE
8
BLACK
6
CONTINUOUS
10
4.6833623228346459
20
-2.9267158267716535
11
4.6811023622047241
21
-2.9271653543307088
0
LINE
8
BLACK
6
CONTINUOUS
10
4.6811023622047241
20
-2.9271653543307088
11
4.640748031496063
21
-2.9271653543307088
0
LINE
8
BLACK
6
CONTINUOUS
10
4.640748031496063
20
-2.9271653543307088
11
4.638488070866142
21
-2.9267158267716535
0
LINE
8
BLACK
6
CONTINUOUS
10
4.638488070866142
20
-2.9267158267716535
11
4.6365722047244091
21
-2.9254356692913386
0
LINE
8
BLACK
6
CONTINUOUS
10
4.6365722047244091
20
-2.9254356692913386
11
4.6352920472440946
21
-2.9235198031496061
0
LINE
8
BLACK
6
CONTINUOUS
10
4.6352920472440946
20
-2.9235198031496061
11
4.6348425196850389
21
-2.9212598425196852
0
LINE
8
BLACK
6
CONTINUOUS
10
4.6348425196850389
20
-2.9212598425196852
11
4.6348425196850389
21
-2.9094488188976375
0
LINE
8
BLACK
6
CONTINUOUS
10
4.6348425196850389
20
-2.9094488188976375
11
4.6352920472440946
21
-2.9071888582677166
0
LINE
8
BLACK
6
CONTINUOUS
10
4.6352920472440946
20
-2.9071888582677166
11
4.6365722047244091
21
-2.9052729921259841
0
LINE
8
BLACK
6
CONTINUOUS
10
4.6365722047244091
20
-2.9052729921259841
11
4.638488070866142
21
-2.9039928346456692
0
LINE
8
BLACK
6
CONTINUOUS
10
4.638488070866142
20
-2.9039928346456692
11
4.640748031496063
21
-2.9035433070866139
0
LINE
8
BLACK
6
CONTINUOUS
10
4.640748031496063
20
-2.9035433070866139
11
4.6811023622047241
21
-2.9035433070866139
0
LINE
8
BLACK
6
CONTINUOUS
10
4.6811023622047241
20
-2.9035433070866139
11
4.6833623228346459
21
-2.9039928346456692
0
LINE
8
BLACK
6
CONTINUOUS
10
5.0992390157480312
20
-2.8708279921259843
11
5.1024321653543305
21
-2.8729615748031496
0
LINE
8
BLACK
6
CONTINUOUS
10
5.1024321653543305
20
-2.8729615748031496
11
5.1045657480314963
21
-2.876154724409449
0
LINE
8
BLACK
6
CONTINUOUS
10
5.1045657480314963
20
-2.876154724409449
11
5.1053149606299213
21
-2.8799212992125982
0
LINE
8
BLACK
6
CONTINUOUS
10
5.1053149606299213
20
-2.8799212992125982
11
5.1053149606299213
21
-2.9114173622047241
0
LINE
8
BLACK
6
CONTINUOUS
10
5.1053149606299213
20
-2.9114173622047241
11
5.1045657480314963
21
-2.9151839370078738
0
LINE
8
BLACK
6
CONTINUOUS
10
5.1045657480314963
20
-2.9151839370078738
11
5.1024321653543305
21
-2.9183770866141732
0
LINE
8
BLACK
6
CONTINUOUS
10
5.1024321653543305
20
-2.9183770866141732
11
5.0992390157480312
21
-2.9205106692913385
0
LINE
8
BLACK
6
CONTINUOUS
10
5.0992390157480312
20
-2.9205106692913385
11
5.0954724409448815
21
-2.9212598818897639
0
LINE
8
BLACK
6
CONTINUOUS
10
5.0954724409448815
20
-2.9212598818897639
11
5.0462598425196852
21
-2.9212598818897639
0
LINE
8
BLACK
6
CONTINUOUS
10
5.0462598425196852
20
-2.9212598818897639
11
5.0424932677165355
21
-2.9205106692913385
0
LINE
8
BLACK
6
CONTINUOUS
10
5.0424932677165355
20
-2.9205106692913385
11
5.0393001181102361
21
-2.9183770866141732
0
LINE
8
BLACK
6
CONTINUOUS
10
5.0393001181102361
20
-2.9183770866141732
11
5.0371665354330704
21
-2.9151839370078738
0
LINE
8
BLACK
6
CONTINUOUS
10
5.0371665354330704
20
-2.9151839370078738
11
5.0364173228346454
21
-2.9114173622047241
0
LINE
8
BLACK
6
CONTINUOUS
10
5.0364173228346454
20
-2.9114173622047241
11
5.0364173228346454
21
-2.8799212992125982
0
LINE
8
BLACK
6
CONTINUOUS
10
5.0364173228346454
20
-2.8799212992125982
11
5.0371665354330704
21
-2.876154724409449
0
LINE
8
BLACK
6
CONTINUOUS
10
5.0371665354330704
20
-2.876154724409449
11
5.0393001181102361
21
-2.8729615748031496
0
LINE
8
BLACK
6
CONTINUOUS
10
5.0393001181102361
20
-2.8729615748031496
11
5.0424932677165355
21
-2.8708279921259843
0
LINE
8
BLACK
6
CONTINUOUS
10
5.0424932677165355
20
-2.8708279921259843
11
5.0462598425196852
21
-2.8700787795275589
0
LINE
8
BLACK
6
CONTINUOUS
10
5.0462598425196852
20
-2.8700787795275589
11
5.0954724409448815
21
-2.8700787795275589
0
LINE
8
BLACK
6
CONTINUOUS
10
5.0954724409448815
20
-2.8700787795275589
11
5.0992390157480312
21
-2.8708279921259843
0
LINE
8
BLACK
6
CONTINUOUS
10
4.5470736614173228
20
-2.8314578740157481
11
4.5502668110236222
21
-2.8335914566929135
0
LINE
8
BLACK
6
CONTINUOUS
10
4.5502668110236222
20
-2.8335914566929135
11
4.5524003937007871
21
-2.8367846062992124
0
LINE
8
BLACK
6
CONTINUOUS
10
4.5524003937007871
20
-2.8367846062992124
11
4.5531496062992121
21
-2.840551181102362
0
LINE
8
BLACK
6
CONTINUOUS
10
4.5531496062992121
20
-2.840551181102362
11
4.5531496062992121
21
-2.8730314960629921
0
LINE
8
BLACK
6
CONTINUOUS
10
4.5531496062992121
20
-2.8730314960629921
11
4.5524003937007871
21
-2.8767980708661418
0
LINE
8
BLACK
6
CONTINUOUS
10
4.5524003937007871
20
-2.8767980708661418
11
4.5502668110236222
21
-2.8799912204724407
0
LINE
8
BLACK
6
CONTINUOUS
10
4.5502668110236222
20
-2.8799912204724407
11
4.5470736614173228
21
-2.8821248031496061
0
LINE
8
BLACK
6
CONTINUOUS
10
4.5470736614173228
20
-2.8821248031496061
11
4.5433070866141732
21
-2.8828740157480315
0
LINE
8
BLACK
6
CONTINUOUS
10
4.5433070866141732
20
-2.8828740157480315
11
4.4921259842519685
21
-2.8828740157480315
0
LINE
8
BLACK
6
CONTINUOUS
10
4.4921259842519685
20
-2.8828740157480315
11
4.4883594094488188
21
-2.8821248031496061
0
LINE
8
BLACK
6
CONTINUOUS
10
4.4883594094488188
20
-2.8821248031496061
11
4.4851662598425195
21
-2.8799912204724407
0
LINE
8
BLACK
6
CONTINUOUS
10
4.4851662598425195
20
-2.8799912204724407
11
4.4830326771653546
21
-2.8767980708661418
0
LINE
8
BLACK
6
CONTINUOUS
10
4.4830326771653546
20
-2.8767980708661418
11
4.4822834645669287
21
-2.8730314960629921
0
LINE
8
BLACK
6
CONTINUOUS
10
4.4822834645669287
20
-2.8730314960629921
11
4.4822834645669287
21
-2.840551181102362
0
LINE
8
BLACK
6
CONTINUOUS
10
4.4822834645669287
20
-2.840551181102362
11
4.4830326771653546
21
-2.8367846062992124
0
LINE
8
BLACK
6
CONTINUOUS
10
4.4830326771653546
20
-2.8367846062992124
11
4.4851662598425195
21
-2.8335914566929135
0
LINE
8
BLACK
6
CONTINUOUS
10
4.4851662598425195
20
-2.8335914566929135
11
4.4883594094488188
21
-2.8314578740157481
0
LINE
8
BLACK
6
CONTINUOUS
10
4.4883594094488188
20
-2.8314578740157481
11
4.4921259842519685
21
-2.8307086614173227
0
LINE
8
BLACK
6
CONTINUOUS
10
4.4921259842519685
20
-2.8307086614173227
11
4.5433070866141732
21
-2.8307086614173227
0
LINE
8
BLACK
6
CONTINUOUS
10
4.5433070866141732
20
-2.8307086614173227
11
4.5470736614173228
21
-2.8314578740157481
0
LINE
8
BLACK
6
CONTINUOUS
10
5.1713203543307085
20
-2.8519773228346454
11
5.1738748425196848
21
-2.853684212598425
0
LINE
8
BLACK
6
CONTINUOUS
10
5.1738748425196848
20
-2.853684212598425
11
5.1755817322834643
21
-2.8562387007874017
0
LINE
8
BLACK
6
CONTINUOUS
10
5.1755817322834643
20
-2.8562387007874017
11
5.1761811023622046
21
-2.859251968503937
0
LINE
8
BLACK
6
CONTINUOUS
10
5.1761811023622046
20
-2.859251968503937
11
5.1761811023622046
21
-2.875
0
LINE
8
BLACK
6
CONTINUOUS
10
5.1761811023622046
20
-2.875
11
5.1755817322834643
21
-2.8780132677165353
0
LINE
8
BLACK
6
CONTINUOUS
10
5.1755817322834643
20
-2.8780132677165353
11
5.1738748425196848
21
-2.8805677559055116
0
LINE
8
BLACK
6
CONTINUOUS
10
5.1738748425196848
20
-2.8805677559055116
11
5.1713203543307085
21
-2.8822746456692911
0
LINE
8
BLACK
6
CONTINUOUS
10
5.1713203543307085
20
-2.8822746456692911
11
5.1683070866141732
21
-2.8828740157480315
0
LINE
8
BLACK
6
CONTINUOUS
10
5.1683070866141732
20
-2.8828740157480315
11
5.1466535433070861
21
-2.8828740157480315
0
LINE
8
BLACK
6
CONTINUOUS
10
5.1466535433070861
20
-2.8828740157480315
11
5.1436402755905508
21
-2.8822746456692911
0
LINE
8
BLACK
6
CONTINUOUS
10
5.1436402755905508
20
-2.8822746456692911
11
5.1410857874015745
21
-2.8805677559055116
0
LINE
8
BLACK
6
CONTINUOUS
10
5.1410857874015745
20
-2.8805677559055116
11
5.139378897637795
21
-2.8780132677165353
0
LINE
8
BLACK
6
CONTINUOUS
10
5.139378897637795
20
-2.8780132677165353
11
5.1387795275590546
21
-2.875
0
LINE
8
BLACK
6
CONTINUOUS
10
5.1387795275590546
20
-2.875
11
5.1387795275590546
21
-2.859251968503937
0
LINE
8
BLACK
6
CONTINUOUS
10
5.1387795275590546
20
-2.859251968503937
11
5.139378897637795
21
-2.8562387007874017
0
LINE
8
BLACK
6
CONTINUOUS
10
5.139378897637795
20
-2.8562387007874017
11
5.1410857874015745
21
-2.853684212598425
0
LINE
8
BLACK
6
CONTINUOUS
10
5.1410857874015745
20
-2.853684212598425
11
5.1436402755905508
21
-2.8519773228346454
0
LINE
8
BLACK
6
CONTINUOUS
10
5.1436402755905508
20
-2.8519773228346454
11
5.1466535433070861
21
-2.8513779527559056
0
LINE
8
BLACK
6
CONTINUOUS
10
5.1466535433070861
20
-2.8513779527559056
11
5.1683070866141732
21
-2.8513779527559056
0
LINE
8
BLACK
6
CONTINUOUS
10
5.1683070866141732
20
-2.8513779527559056
11
5.1713203543307085
21
-2.8519773228346454
0
LINE
8
BLACK
6
CONTINUOUS
10
5.2498295275590552
20
-2.8088200787401574
11
5.2530226771653545
21
-2.8109536614173227
0
LINE
8
BLACK
6
CONTINUOUS
10
5.2530226771653545
20
-2.8109536614173227
11
5.2551562598425194
21
-2.8141468110236221
0
LINE
8
BLACK
6
CONTINUOUS
10
5.2551562598425194
20
-2.8141468110236221
11
5.2559054724409444
21
-2.8179133858267718
0
LINE
8
BLACK
6
CONTINUOUS
10
5.2559054724409444
20
-2.8179133858267718
11
5.2559054724409444
21
-2.8671259842519685
0
LINE
8
BLACK
6
CONTINUOUS
10
5.2559054724409444
20
-2.8671259842519685
11
5.2551562598425194
21
-2.8708925590551182
0
LINE
8
BLACK
6
CONTINUOUS
10
5.2551562598425194
20
-2.8708925590551182
11
5.2530226771653545
21
-2.8740857086614171
0
LINE
8
BLACK
6
CONTINUOUS
10
5.2530226771653545
20
-2.8740857086614171
11
5.2498295275590552
21
-2.8762192913385825
0
LINE
8
BLACK
6
CONTINUOUS
10
5.2498295275590552
20
-2.8762192913385825
11
5.2460629527559055
21
-2.8769685039370079
0
LINE
8
BLACK
6
CONTINUOUS
10
5.2460629527559055
20
-2.8769685039370079
11
5.2145668897637796
21
-2.8769685039370079
0
LINE
8
BLACK
6
CONTINUOUS
10
5.2145668897637796
20
-2.8769685039370079
11
5.2108003149606299
21
-2.8762192913385825
0
LINE
8
BLACK
6
CONTINUOUS
10
5.2108003149606299
20
-2.8762192913385825
11
5.2076071653543305
21
-2.8740857086614171
0
LINE
8
BLACK
6
CONTINUOUS
10
5.2076071653543305
20
-2.8740857086614171
11
5.2054735826771656
21
-2.8708925590551182
0
LINE
8
BLACK
6
CONTINUOUS
10
5.2054735826771656
20
-2.8708925590551182
11
5.2047243700787398
21
-2.8671259842519685
0
LINE
8
BLACK
6
CONTINUOUS
10
5.2047243700787398
20
-2.8671259842519685
11
5.2047243700787398
21
-2.8179133858267718
0
LINE
8
BLACK
6
CONTINUOUS
10
5.2047243700787398
20
-2.8179133858267718
11
5.2054735826771656
21
-2.8141468110236221
0
LINE
8
BLACK
6
CONTINUOUS
10
5.2054735826771656
20
-2.8141468110236221
11
5.2076071653543305
21
-2.8109536614173227
0
LINE
8
BLACK
6
CONTINUOUS
10
5.2076071653543305
20
-2.8109536614173227
11
5.2108003149606299
21
-2.8088200787401574
0
LINE
8
BLACK
6
CONTINUOUS
10
5.2108003149606299
20
-2.8088200787401574
11
5.2145668897637796
21
-2.8080708661417324
0
LINE
8
BLACK
6
CONTINUOUS
10
5.2145668897637796
20
-2.8080708661417324
11
5.2460629527559055
21
-2.8080708661417324
0
LINE
8
BLACK
6
CONTINUOUS
10
5.2460629527559055
20
-2.8080708661417324
11
5.2498295275590552
21
-2.8088200787401574
0
LINE
8
BLACK
6
CONTINUOUS
10
5.3718768503937007
20
-2.8088200787401574
11
5.37507
21
-2.8109536614173227
0
LINE
8
BLACK
6
CONTINUOUS
10
5.37507
20
-2.8109536614173227
11
5.3772035826771649
21
-2.8141468110236221
0
LINE
8
BLACK
6
CONTINUOUS
10
5.3772035826771649
20
-2.8141468110236221
11
5.3779527952755908
21
-2.8179133858267718
0
LINE
8
BLACK
6
CONTINUOUS
10
5.3779527952755908
20
-2.8179133858267718
11
5.3779527952755908
21
-2.8671259842519685
0
LINE
8
BLACK
6
CONTINUOUS
10
5.3779527952755908
20
-2.8671259842519685
11
5.3772035826771649
21
-2.8708925590551182
0
LINE
8
BLACK
6
CONTINUOUS
10
5.3772035826771649
20
-2.8708925590551182
11
5.37507
21
-2.8740857086614171
0
LINE
8
BLACK
6
CONTINUOUS
10
5.37507
20
-2.8740857086614171
11
5.3718768503937007
21
-2.8762192913385825
0
LINE
8
BLACK
6
CONTINUOUS
10
5.3718768503937007
20
-2.8762192913385825
11
5.368110275590551
21
-2.8769685039370079
0
LINE
8
BLACK
6
CONTINUOUS
10
5.368110275590551
20
-2.8769685039370079
11
5.3366142125984251
21
-2.8769685039370079
0
LINE
8
BLACK
6
CONTINUOUS
10
5.3366142125984251
20
-2.8769685039370079
11
5.3328476377952754
21
-2.8762192913385825
0
LINE
8
BLACK
6
CONTINUOUS
10
5.3328476377952754
20
-2.8762192913385825
11
5.329654488188976
21
-2.8740857086614171
0
LINE
8
BLACK
6
CONTINUOUS
10
5.329654488188976
20
-2.8740857086614171
11
5.3275209055118111
21
-2.8708925590551182
0
LINE
8
BLACK
6
CONTINUOUS
10
5.3275209055118111
20
-2.8708925590551182
11
5.3267716929133861
21
-2.8671259842519685
0
LINE
8
BLACK
6
CONTINUOUS
10
5.3267716929133861
20
-2.8671259842519685
11
5.3267716929133861
21
-2.8179133858267718
0
LINE
8
BLACK
6
CONTINUOUS
10
5.3267716929133861
20
-2.8179133858267718
11
5.3275209055118111
21
-2.8141468110236221
0
LINE
8
BLACK
6
CONTINUOUS
10
5.3275209055118111
20
-2.8141468110236221
11
5.329654488188976
21
-2.8109536614173227
0
LINE
8
BLACK
6
CONTINUOUS
10
5.329654488188976
20
-2.8109536614173227
11
5.3328476377952754
21
-2.8088200787401574
0
LINE
8
BLACK
6
CONTINUOUS
10
5.3328476377952754
20
-2.8088200787401574
11
5.3366142125984251
21
-2.8080708661417324
0
LINE
8
BLACK
6
CONTINUOUS
10
5.3366142125984251
20
-2.8080708661417324
11
5.368110275590551
21
-2.8080708661417324
0
LINE
8
BLACK
6
CONTINUOUS
10
5.368110275590551
20
-2.8080708661417324
11
5.3718768503937007
21
-2.8088200787401574
0
LINE
8
BLACK
6
CONTINUOUS
10
4.6136772834645665
20
-2.7947408661417321
11
4.6155931496062994
21
-2.7960210236220471
0
LINE
8
BLACK
6
CONTINUOUS
10
4.6155931496062994
20
-2.7960210236220471
11
4.6168733070866139
21
-2.7979368897637795
0
LINE
8
BLACK
6
CONTINUOUS
10
4.6168733070866139
20
-2.7979368897637795
11
4.6173228346456696
21
-2.8001968503937009
0
LINE
8
BLACK
6
CONTINUOUS
10
4.6173228346456696
20
-2.8001968503937009
11
4.6173228346456696
21
-2.8651574803149606
0
LINE
8
BLACK
6
CONTINUOUS
10
4.6173228346456696
20
-2.8651574803149606
11
4.6168733070866139
21
-2.867417440944882
0
LINE
8
BLACK
6
CONTINUOUS
10
4.6168733070866139
20
-2.867417440944882
11
4.6155931496062994
21
-2.869333307086614
0
LINE
8
BLACK
6
CONTINUOUS
10
4.6155931496062994
20
-2.869333307086614
11
4.6136772834645665
21
-2.870613464566929
0
LINE
8
BLACK
6
CONTINUOUS
10
4.6136772834645665
20
-2.870613464566929
11
4.6114173228346456
21
-2.8710629921259843
0
LINE
8
BLACK
6
CONTINUOUS
10
4.6114173228346456
20
-2.8710629921259843
11
4.5996062992125983
21
-2.8710629921259843
0
LINE
8
BLACK
6
CONTINUOUS
10
4.5996062992125983
20
-2.8710629921259843
11
4.5973463385826774
21
-2.870613464566929
0
LINE
8
BLACK
6
CONTINUOUS
10
4.5973463385826774
20
-2.870613464566929
11
4.5954304724409445
21
-2.869333307086614
0
LINE
8
BLACK
6
CONTINUOUS
10
4.5954304724409445
20
-2.869333307086614
11
4.59415031496063
21
-2.867417440944882
0
LINE
8
BLACK
6
CONTINUOUS
10
4.59415031496063
20
-2.867417440944882
11
4.5937007874015743
21
-2.8651574803149606
0
LINE
8
BLACK
6
CONTINUOUS
10
4.5937007874015743
20
-2.8651574803149606
11
4.5937007874015743
21
-2.8001968503937009
0
LINE
8
BLACK
6
CONTINUOUS
10
4.5937007874015743
20
-2.8001968503937009
11
4.59415031496063
21
-2.7979368897637795
0
LINE
8
BLACK
6
CONTINUOUS
10
4.59415031496063
20
-2.7979368897637795
11
4.5954304724409445
21
-2.7960210236220471
0
LINE
8
BLACK
6
CONTINUOUS
10
4.5954304724409445
20
-2.7960210236220471
11
4.5973463385826774
21
-2.7947408661417321
0
LINE
8
BLACK
6
CONTINUOUS
10
4.5973463385826774
20
-2.7947408661417321
11
4.5996062992125983
21
-2.7942913385826773
0
LINE
8
BLACK
6
CONTINUOUS
10
4.5996062992125983
20
-2.7942913385826773
11
4.6114173228346456
21
-2.7942913385826773
0
LINE
8
BLACK
6
CONTINUOUS
10
4.6114173228346456
20
-2.7942913385826773
11
4.6136772834645665
21
-2.7947408661417321
0
LINE
8
BLACK
6
CONTINUOUS
10
4.6636772834645672
20
-2.7947408661417321
11
4.6655931496062992
21
-2.7960210236220471
0
LINE
8
BLACK
6
CONTINUOUS
10
4.6655931496062992
20
-2.7960210236220471
11
4.6668733070866137
21
-2.7979368897637795
0
LINE
8
BLACK
6
CONTINUOUS
10
4.6668733070866137
20
-2.7979368897637795
11
4.6673228346456694
21
-2.8001968503937009
0
LINE
8
BLACK
6
CONTINUOUS
10
4.6673228346456694
20
-2.8001968503937009
11
4.6673228346456694
21
-2.8651574803149606
0
LINE
8
BLACK
6
CONTINUOUS
10
4.6673228346456694
20
-2.8651574803149606
11
4.6668733070866137
21
-2.867417440944882
0
LINE
8
BLACK
6
CONTINUOUS
10
4.6668733070866137
20
-2.867417440944882
11
4.6655931496062992
21
-2.869333307086614
0
LINE
8
BLACK
6
CONTINUOUS
10
4.6655931496062992
20
-2.869333307086614
11
4.6636772834645672
21
-2.870613464566929
0
LINE
8
BLACK
6
CONTINUOUS
10
4.6636772834645672
20
-2.870613464566929
11
4.6614173228346454
21
-2.8710629921259843
0
LINE
8
BLACK
6
CONTINUOUS
10
4.6614173228346454
20
-2.8710629921259843
11
4.6496062992125982
21
-2.8710629921259843
0
LINE
8
BLACK
6
CONTINUOUS
10
4.6496062992125982
20
-2.8710629921259843
11
4.6473463385826772
21
-2.870613464566929
0
LINE
8
BLACK
6
CONTINUOUS
10
4.6473463385826772
20
-2.870613464566929
11
4.6454304724409452
21
-2.869333307086614
0
LINE
8
BLACK
6
CONTINUOUS
10
4.6454304724409452
20
-2.869333307086614
11
4.6441503149606298
21
-2.867417440944882
0
LINE
8
BLACK
6
CONTINUOUS
10
4.6441503149606298
20
-2.867417440944882
11
4.643700787401575
21
-2.8651574803149606
0
LINE
8
BLACK
6
CONTINUOUS
10
4.643700787401575
20
-2.8651574803149606
11
4.643700787401575
21
-2.8001968503937009
0
LINE
8
BLACK
6
CONTINUOUS
10
4.643700787401575
20
-2.8001968503937009
11
4.6441503149606298
21
-2.7979368897637795
0
LINE
8
BLACK
6
CONTINUOUS
10
4.6441503149606298
20
-2.7979368897637795
11
4.6454304724409452
21
-2.7960210236220471
0
LINE
8
BLACK
6
CONTINUOUS
10
4.6454304724409452
20
-2.7960210236220471
11
4.6473463385826772
21
-2.7947408661417321
0
LINE
8
BLACK
6
CONTINUOUS
10
4.6473463385826772
20
-2.7947408661417321
11
4.6496062992125982
21
-2.7942913385826773
0
LINE
8
BLACK
6
CONTINUOUS
10
4.6496062992125982
20
-2.7942913385826773
11
4.6614173228346454
21
-2.7942913385826773
0
LINE
8
BLACK
6
CONTINUOUS
10
4.6614173228346454
20
-2.7942913385826773
11
4.6636772834645672
21
-2.7947408661417321
0
LINE
8
BLACK
6
CONTINUOUS
10
4.713677283464567
20
-2.7947408661417321
11
4.7155931496062991
21
-2.7960210236220471
0
LINE
8
BLACK
6
CONTINUOUS
10
4.7155931496062991
20
-2.7960210236220471
11
4.7168733070866145
21
-2.7979368897637795
0
LINE
8
BLACK
6
CONTINUOUS
10
4.7168733070866145
20
-2.7979368897637795
11
4.7173228346456693
21
-2.8001968503937009
0
LINE
8
BLACK
6
CONTINUOUS
10
4.7173228346456693
20
-2.8001968503937009
11
4.7173228346456693
21
-2.8651574803149606
0
LINE
8
BLACK
6
CONTINUOUS
10
4.7173228346456693
20
-2.8651574803149606
11
4.7168733070866145
21
-2.867417440944882
0
LINE
8
BLACK
6
CONTINUOUS
10
4.7168733070866145
20
-2.867417440944882
11
4.7155931496062991
21
-2.869333307086614
0
LINE
8
BLACK
6
CONTINUOUS
10
4.7155931496062991
20
-2.869333307086614
11
4.713677283464567
21
-2.870613464566929
0
LINE
8
BLACK
6
CONTINUOUS
10
4.713677283464567
20
-2.870613464566929
11
4.7114173228346452
21
-2.8710629921259843
0
LINE
8
BLACK
6
CONTINUOUS
10
4.7114173228346452
20
-2.8710629921259843
11
4.699606299212598
21
-2.8710629921259843
0
LINE
8
BLACK
6
CONTINUOUS
10
4.699606299212598
20
-2.8710629921259843
11
4.697346338582677
21
-2.870613464566929
0
LINE
8
BLACK
6
CONTINUOUS
10
4.697346338582677
20
-2.870613464566929
11
4.695430472440945
21
-2.869333307086614
0
LINE
8
BLACK
6
CONTINUOUS
10
4.695430472440945
20
-2.869333307086614
11
4.6941503149606296
21
-2.867417440944882
0
LINE
8
BLACK
6
CONTINUOUS
10
4.6941503149606296
20
-2.867417440944882
11
4.6937007874015748
21
-2.8651574803149606
0
LINE
8
BLACK
6
CONTINUOUS
10
4.6937007874015748
20
-2.8651574803149606
11
4.6937007874015748
21
-2.8001968503937009
0
LINE
8
BLACK
6
CONTINUOUS
10
4.6937007874015748
20
-2.8001968503937009
11
4.6941503149606296
21
-2.7979368897637795
0
LINE
8
BLACK
6
CONTINUOUS
10
4.6941503149606296
20
-2.7979368897637795
11
4.695430472440945
21
-2.7960210236220471
0
LINE
8
BLACK
6
CONTINUOUS
10
4.695430472440945
20
-2.7960210236220471
11
4.697346338582677
21
-2.7947408661417321
0
LINE
8
BLACK
6
CONTINUOUS
10
4.697346338582677
20
-2.7947408661417321
11
4.699606299212598
21
-2.7942913385826773
0
LINE
8
BLACK
6
CONTINUOUS
10
4.699606299212598
20
-2.7942913385826773
11
4.7114173228346452
21
-2.7942913385826773
0
LINE
8
BLACK
6
CONTINUOUS
10
4.7114173228346452
20
-2.7942913385826773
11
4.713677283464567
21
-2.7947408661417321
0
LINE
8
BLACK
6
CONTINUOUS
10
4.7636772834645669
20
-2.7947408661417321
11
4.7655931496062989
21
-2.7960210236220471
0
LINE
8
BLACK
6
CONTINUOUS
10
4.7655931496062989
20
-2.7960210236220471
11
4.7668733070866143
21
-2.7979368897637795
0
LINE
8
BLACK
6
CONTINUOUS
10
4.7668733070866143
20
-2.7979368897637795
11
4.7673228346456691
21
-2.8001968503937009
0
LINE
8
BLACK
6
CONTINUOUS
10
4.7673228346456691
20
-2.8001968503937009
11
4.7673228346456691
21
-2.8651574803149606
0
LINE
8
BLACK
6
CONTINUOUS
10
4.7673228346456691
20
-2.8651574803149606
11
4.7668733070866143
21
-2.867417440944882
0
LINE
8
BLACK
6
CONTINUOUS
10
4.7668733070866143
20
-2.867417440944882
11
4.7655931496062989
21
-2.869333307086614
0
LINE
8
BLACK
6
CONTINUOUS
10
4.7655931496062989
20
-2.869333307086614
11
4.7636772834645669
21
-2.870613464566929
0
LINE
8
BLACK
6
CONTINUOUS
10
4.7636772834645669
20
-2.870613464566929
11
4.7614173228346459
21
-2.8710629921259843
0
LINE
8
BLACK
6
CONTINUOUS
10
4.7614173228346459
20
-2.8710629921259843
11
4.7496062992125987
21
-2.8710629921259843
0
LINE
8
BLACK
6
CONTINUOUS
10
4.7496062992125987
20
-2.8710629921259843
11
4.7473463385826769
21
-2.870613464566929
0
LINE
8
BLACK
6
CONTINUOUS
10
4.7473463385826769
20
-2.870613464566929
11
4.7454304724409448
21
-2.869333307086614
0
LINE
8
BLACK
6
CONTINUOUS
10
4.7454304724409448
20
-2.869333307086614
11
4.7441503149606294
21
-2.867417440944882
0
LINE
8
BLACK
6
CONTINUOUS
10
4.7441503149606294
20
-2.867417440944882
11
4.7437007874015746
21
-2.8651574803149606
0
LINE
8
BLACK
6
CONTINUOUS
10
4.7437007874015746
20
-2.8651574803149606
11
4.7437007874015746
21
-2.8001968503937009
0
LINE
8
BLACK
6
CONTINUOUS
10
4.7437007874015746
20
-2.8001968503937009
11
4.7441503149606294
21
-2.7979368897637795
0
LINE
8
BLACK
6
CONTINUOUS
10
4.7441503149606294
20
-2.7979368897637795
11
4.7454304724409448
21
-2.7960210236220471
0
LINE
8
BLACK
6
CONTINUOUS
10
4.7454304724409448
20
-2.7960210236220471
11
4.7473463385826769
21
-2.7947408661417321
0
LINE
8
BLACK
6
CONTINUOUS
10
4.7473463385826769
20
-2.7947408661417321
11
4.7496062992125987
21
-2.7942913385826773
0
LINE
8
BLACK
6
CONTINUOUS
10
4.7496062992125987
20
-2.7942913385826773
11
4.7614173228346459
21
-2.7942913385826773
0
LINE
8
BLACK
6
CONTINUOUS
10
4.7614173228346459
20
-2.7942913385826773
11
4.7636772834645669
21
-2.7947408661417321
0
LINE
8
BLACK
6
CONTINUOUS
10
5.5017980708661414
20
-2.7920877952755907
11
5.5049912204724407
21
-2.794221377952756
0
LINE
8
BLACK
6
CONTINUOUS
10
5.5049912204724407
20
-2.794221377952756
11
5.5071248031496065
21
-2.797414527559055
0
LINE
8
BLACK
6
CONTINUOUS
10
5.5071248031496065
20
-2.797414527559055
11
5.5078740157480315
21
-2.8011811023622046
0
LINE
8
BLACK
6
CONTINUOUS
10
5.5078740157480315
20
-2.8011811023622046
11
5.5078740157480315
21
-2.8336614173228347
0
LINE
8
BLACK
6
CONTINUOUS
10
5.5078740157480315
20
-2.8336614173228347
11
5.5071248031496065
21
-2.8374279921259844
0
LINE
8
BLACK
6
CONTINUOUS
10
5.5071248031496065
20
-2.8374279921259844
11
5.5049912204724407
21
-2.8406211417322833
0
LINE
8
BLACK
6
CONTINUOUS
10
5.5049912204724407
20
-2.8406211417322833
11
5.5017980708661414
21
-2.8427547244094487
0
LINE
8
BLACK
6
CONTINUOUS
10
5.5017980708661414
20
-2.8427547244094487
11
5.4980314960629917
21
-2.8435039370078741
0
LINE
8
BLACK
6
CONTINUOUS
10
5.4980314960629917
20
-2.8435039370078741
11
5.4468503937007871
21
-2.8435039370078741
0
LINE
8
BLACK
6
CONTINUOUS
10
5.4468503937007871
20
-2.8435039370078741
11
5.4430838188976374
21
-2.8427547244094487
0
LINE
8
BLACK
6
CONTINUOUS
10
5.4430838188976374
20
-2.8427547244094487
11
5.439890669291338
21
-2.8406211417322833
0
LINE
8
BLACK
6
CONTINUOUS
10
5.439890669291338
20
-2.8406211417322833
11
5.4377570866141731
21
-2.8374279921259844
0
LINE
8
BLACK
6
CONTINUOUS
10
5.4377570866141731
20
-2.8374279921259844
11
5.4370078740157481
21
-2.8336614173228347
0
LINE
8
BLACK
6
CONTINUOUS
10
5.4370078740157481
20
-2.8336614173228347
11
5.4370078740157481
21
-2.8011811023622046
0
LINE
8
BLACK
6
CONTINUOUS
10
5.4370078740157481
20
-2.8011811023622046
11
5.4377570866141731
21
-2.797414527559055
0
LINE
8
BLACK
6
CONTINUOUS
10
5.4377570866141731
20
-2.797414527559055
11
5.439890669291338
21
-2.794221377952756
0
LINE
8
BLACK
6
CONTINUOUS
10
5.439890669291338
20
-2.794221377952756
11
5.4430838188976374
21
-2.7920877952755907
0
LINE
8
BLACK
6
CONTINUOUS
10
5.4430838188976374
20
-2.7920877952755907
11
5.4468503937007871
21
-2.7913385826771653
0
LINE
8
BLACK
6
CONTINUOUS
10
5.4468503937007871
20
-2.7913385826771653
11
5.4980314960629917
21
-2.7913385826771653
0
LINE
8
BLACK
6
CONTINUOUS
10
5.4980314960629917
20
-2.7913385826771653
11
5.5017980708661414
21
-2.7920877952755907
0
LINE
8
BLACK
6
CONTINUOUS
10
5.1713203543307085
20
-2.7870166929133857
11
5.1738748425196848
21
-2.7887235826771652
0
LINE
8
BLACK
6
CONTINUOUS
10
5.1738748425196848
20
-2.7887235826771652
11
5.1755817322834643
21
-2.7912780708661415
0
LINE
8
BLACK
6
CONTINUOUS
10
5.1755817322834643
20
-2.7912780708661415
11
5.1761811023622046
21
-2.7942913385826773
0
LINE
8
BLACK
6
CONTINUOUS
10
5.1761811023622046
20
-2.7942913385826773
11
5.1761811023622046
21
-2.8100393700787403
0
LINE
8
BLACK
6
CONTINUOUS
10
5.1761811023622046
20
-2.8100393700787403
11
5.1755817322834643
21
-2.8130526377952756
0
LINE
8
BLACK
6
CONTINUOUS
10
5.1755817322834643
20
-2.8130526377952756
11
5.1738748425196848
21
-2.8156071259842519
0
LINE
8
BLACK
6
CONTINUOUS
10
5.1738748425196848
20
-2.8156071259842519
11
5.1713203543307085
21
-2.8173140157480314
0
LINE
8
BLACK
6
CONTINUOUS
10
5.1713203543307085
20
-2.8173140157480314
11
5.1683070866141732
21
-2.8179133858267718
0
LINE
8
BLACK
6
CONTINUOUS
10
5.1683070866141732
20
-2.8179133858267718
11
5.1466535433070861
21
-2.8179133858267718
0
LINE
8
BLACK
6
CONTINUOUS
10
5.1466535433070861
20
-2.8179133858267718
11
5.1436402755905508
21
-2.8173140157480314
0
LINE
8
BLACK
6
CONTINUOUS
10
5.1436402755905508
20
-2.8173140157480314
11
5.1410857874015745
21
-2.8156071259842519
0
LINE
8
BLACK
6
CONTINUOUS
10
5.1410857874015745
20
-2.8156071259842519
11
5.139378897637795
21
-2.8130526377952756
0
LINE
8
BLACK
6
CONTINUOUS
10
5.139378897637795
20
-2.8130526377952756
11
5.1387795275590546
21
-2.8100393700787403
0
LINE
8
BLACK
6
CONTINUOUS
10
5.1387795275590546
20
-2.8100393700787403
11
5.1387795275590546
21
-2.7942913385826773
0
LINE
8
BLACK
6
CONTINUOUS
10
5.1387795275590546
20
-2.7942913385826773
11
5.139378897637795
21
-2.7912780708661415
0
LINE
8
BLACK
6
CONTINUOUS
10
5.139378897637795
20
-2.7912780708661415
11
5.1410857874015745
21
-2.7887235826771652
0
LINE
8
BLACK
6
CONTINUOUS
10
5.1410857874015745
20
-2.7887235826771652
11
5.1436402755905508
21
-2.7870166929133857
0
LINE
8
BLACK
6
CONTINUOUS
10
5.1436402755905508
20
-2.7870166929133857
11
5.1466535433070861
21
-2.7864173228346458
0
LINE
8
BLACK
6
CONTINUOUS
10
5.1466535433070861
20
-2.7864173228346458
11
5.1683070866141732
21
-2.7864173228346458
0
LINE
8
BLACK
6
CONTINUOUS
10
5.1683070866141732
20
-2.7864173228346458
11
5.1713203543307085
21
-2.7870166929133857
0
LINE
8
BLACK
6
CONTINUOUS
10
5.0992390157480312
20
-2.7487806692913384
11
5.1024321653543305
21
-2.7509142519685037
0
LINE
8
BLACK
6
CONTINUOUS
10
5.1024321653543305
20
-2.7509142519685037
11
5.1045657480314963
21
-2.754107401574803
0
LINE
8
BLACK
6
CONTINUOUS
10
5.1045657480314963
20
-2.754107401574803
11
5.1053149606299213
21
-2.7578739763779527
0
LINE
8
BLACK
6
CONTINUOUS
10
5.1053149606299213
20
-2.7578739763779527
11
5.1053149606299213
21
-2.7893700393700787
0
LINE
8
BLACK
6
CONTINUOUS
10
5.1053149606299213
20
-2.7893700393700787
11
5.1045657480314963
21
-2.7931366141732283
0
LINE
8
BLACK
6
CONTINUOUS
10
5.1045657480314963
20
-2.7931366141732283
11
5.1024321653543305
21
-2.7963297637795277
0
LINE
8
BLACK
6
CONTINUOUS
10
5.1024321653543305
20
-2.7963297637795277
11
5.0992390157480312
21
-2.798463346456693
0
LINE
8
BLACK
6
CONTINUOUS
10
5.0992390157480312
20
-2.798463346456693
11
5.0954724409448815
21
-2.799212559055118
0
LINE
8
BLACK
6
CONTINUOUS
10
5.0954724409448815
20
-2.799212559055118
11
5.0462598425196852
21
-2.799212559055118
0
LINE
8
BLACK
6
CONTINUOUS
10
5.0462598425196852
20
-2.799212559055118
11
5.0424932677165355
21
-2.798463346456693
0
LINE
8
BLACK
6
CONTINUOUS
10
5.0424932677165355
20
-2.798463346456693
11
5.0393001181102361
21
-2.7963297637795277
0
LINE
8
BLACK
6
CONTINUOUS
10
5.0393001181102361
20
-2.7963297637795277
11
5.0371665354330704
21
-2.7931366141732283
0
LINE
8
BLACK
6
CONTINUOUS
10
5.0371665354330704
20
-2.7931366141732283
11
5.0364173228346454
21
-2.7893700393700787
0
LINE
8
BLACK
6
CONTINUOUS
10
5.0364173228346454
20
-2.7893700393700787
11
5.0364173228346454
21
-2.7578739763779527
0
LINE
8
BLACK
6
CONTINUOUS
10
5.0364173228346454
20
-2.7578739763779527
11
5.0371665354330704
21
-2.754107401574803
0
LINE
8
BLACK
6
CONTINUOUS
10
5.0371665354330704
20
-2.754107401574803
11
5.0393001181102361
21
-2.7509142519685037
0
LINE
8
BLACK
6
CONTINUOUS
10
5.0393001181102361
20
-2.7509142519685037
11
5.0424932677165355
21
-2.7487806692913384
0
LINE
8
BLACK
6
CONTINUOUS
10
5.0424932677165355
20
-2.7487806692913384
11
5.0462598425196852
21
-2.7480314566929134
0
LINE
8
BLACK
6
CONTINUOUS
10
5.0462598425196852
20
-2.7480314566929134
11
5.0954724409448815
21
-2.7480314566929134
0
LINE
8
BLACK
6
CONTINUOUS
10
5.0954724409448815
20
-2.7480314566929134
11
5.0992390157480312
21
-2.7487806692913384
0
LINE
8
BLACK
6
CONTINUOUS
10
4.9181366535433071
20
-2.7212216929133857
11
4.9213298031496064
21
-2.723355275590551
0
LINE
8
BLACK
6
CONTINUOUS
10
4.9213298031496064
20
-2.723355275590551
11
4.9234633858267713
21
-2.7265484251968504
0
LINE
8
BLACK
6
CONTINUOUS
10
4.9234633858267713
20
-2.7265484251968504
11
4.9242125984251963
21
-2.730315
0
LINE
8
BLACK
6
CONTINUOUS
10
4.9242125984251963
20
-2.730315
11
4.9242125984251963
21
-2.761811062992126
0
LINE
8
BLACK
6
CONTINUOUS
10
4.9242125984251963
20
-2.761811062992126
11
4.9234633858267713
21
-2.7655776377952757
0
LINE
8
BLACK
6
CONTINUOUS
10
4.9234633858267713
20
-2.7655776377952757
11
4.9213298031496064
21
-2.7687707874015746
0
LINE
8
BLACK
6
CONTINUOUS
10
4.9213298031496064
20
-2.7687707874015746
11
4.9181366535433071
21
-2.7709043700787399
0
LINE
8
BLACK
6
CONTINUOUS
10
4.9181366535433071
20
-2.7709043700787399
11
4.9143700787401574
21
-2.7716535826771653
0
LINE
8
BLACK
6
CONTINUOUS
10
4.9143700787401574
20
-2.7716535826771653
11
4.8651574803149602
21
-2.7716535826771653
0
LINE
8
BLACK
6
CONTINUOUS
10
4.8651574803149602
20
-2.7716535826771653
11
4.8613909055118105
21
-2.7709043700787399
0
LINE
8
BLACK
6
CONTINUOUS
10
4.8613909055118105
20
-2.7709043700787399
11
4.8581977559055121
21
-2.7687707874015746
0
LINE
8
BLACK
6
CONTINUOUS
10
4.8581977559055121
20
-2.7687707874015746
11
4.8560641732283463
21
-2.7655776377952757
0
LINE
8
BLACK
6
CONTINUOUS
10
4.8560641732283463
20
-2.7655776377952757
11
4.8553149606299213
21
-2.761811062992126
0
LINE
8
BLACK
6
CONTINUOUS
10
4.8553149606299213
20
-2.761811062992126
11
4.8553149606299213
21
-2.730315
0
LINE
8
BLACK
6
CONTINUOUS
10
4.8553149606299213
20
-2.730315
11
4.8560641732283463
21
-2.7265484251968504
0
LINE
8
BLACK
6
CONTINUOUS
10
4.8560641732283463
20
-2.7265484251968504
11
4.8581977559055121
21
-2.723355275590551
0
LINE
8
BLACK
6
CONTINUOUS
10
4.8581977559055121
20
-2.723355275590551
11
4.8613909055118105
21
-2.7212216929133857
0
LINE
8
BLACK
6
CONTINUOUS
10
4.8613909055118105
20
-2.7212216929133857
11
4.8651574803149602
21
-2.7204724803149607
0
LINE
8
BLACK
6
CONTINUOUS
10
4.8651574803149602
20
-2.7204724803149607
11
4.9143700787401574
21
-2.7204724803149607
0
LINE
8
BLACK
6
CONTINUOUS
10
4.9143700787401574
20
-2.7204724803149607
11
4.9181366535433071
21
-2.7212216929133857
0
LINE
8
BLACK
6
CONTINUOUS
10
4.5470736614173228
20
-2.708426377952756
11
4.5502668110236222
21
-2.7105599606299213
0
LINE
8
BLACK
6
CONTINUOUS
10
4.5502668110236222
20
-2.7105599606299213
11
4.5524003937007871
21
-2.7137531102362202
0
LINE
8
BLACK
6
CONTINUOUS
10
4.5524003937007871
20
-2.7137531102362202
11
4.5531496062992121
21
-2.7175196850393699
0
LINE
8
BLACK
6
CONTINUOUS
10
4.5531496062992121
20
-2.7175196850393699
11
4.5531496062992121
21
-2.75
0
LINE
8
BLACK
6
CONTINUOUS
10
4.5531496062992121
20
-2.75
11
4.5524003937007871
21
-2.7537665748031497
0
LINE
8
BLACK
6
CONTINUOUS
10
4.5524003937007871
20
-2.7537665748031497
11
4.5502668110236222
21
-2.7569597244094486
0
LINE
8
BLACK
6
CONTINUOUS
10
4.5502668110236222
20
-2.7569597244094486
11
4.5470736614173228
21
-2.7590933070866139
0
LINE
8
BLACK
6
CONTINUOUS
10
4.5470736614173228
20
-2.7590933070866139
11
4.5433070866141732
21
-2.7598425196850394
0
LINE
8
BLACK
6
CONTINUOUS
10
4.5433070866141732
20
-2.7598425196850394
11
4.4921259842519685
21
-2.7598425196850394
0
LINE
8
BLACK
6
CONTINUOUS
10
4.4921259842519685
20
-2.7598425196850394
11
4.4883594094488188
21
-2.7590933070866139
0
LINE
8
BLACK
6
CONTINUOUS
10
4.4883594094488188
20
-2.7590933070866139
11
4.4851662598425195
21
-2.7569597244094486
0
LINE
8
BLACK
6
CONTINUOUS
10
4.4851662598425195
20
-2.7569597244094486
11
4.4830326771653546
21
-2.7537665748031497
0
LINE
8
BLACK
6
CONTINUOUS
10
4.4830326771653546
20
-2.7537665748031497
11
4.4822834645669287
21
-2.75
0
LINE
8
BLACK
6
CONTINUOUS
10
4.4822834645669287
20
-2.75
11
4.4822834645669287
21
-2.7175196850393699
0
LINE
8
BLACK
6
CONTINUOUS
10
4.4822834645669287
20
-2.7175196850393699
11
4.4830326771653546
21
-2.7137531102362202
0
LINE
8
BLACK
6
CONTINUOUS
10
4.4830326771653546
20
-2.7137531102362202
11
4.4851662598425195
21
-2.7105599606299213
0
LINE
8
BLACK
6
CONTINUOUS
10
4.4851662598425195
20
-2.7105599606299213
11
4.4883594094488188
21
-2.708426377952756
0
LINE
8
BLACK
6
CONTINUOUS
10
4.4883594094488188
20
-2.708426377952756
11
4.4921259842519685
21
-2.7076771653543306
0
LINE
8
BLACK
6
CONTINUOUS
10
4.4921259842519685
20
-2.7076771653543306
11
4.5433070866141732
21
-2.7076771653543306
0
LINE
8
BLACK
6
CONTINUOUS
10
4.5433070866141732
20
-2.7076771653543306
11
4.5470736614173228
21
-2.708426377952756
0
LINE
8
BLACK
6
CONTINUOUS
10
5.2947667322834642
20
-2.7110353149606299
11
5.2721392913385827
21
-2.7336627559055118
0
LINE
8
BLACK
6
CONTINUOUS
10
5.2721392913385827
20
-2.7336627559055118
11
5.2650682283464567
21
-2.7265916929133858
0
LINE
8
BLACK
6
CONTINUOUS
10
5.2650682283464567
20
-2.7265916929133858
11
5.2876956692913382
21
-2.7039642519685039
0
LINE
8
BLACK
6
CONTINUOUS
10
5.2876956692913382
20
-2.7039642519685039
11
5.2947667322834642
21
-2.7110353149606299
0
LINE
8
BLACK
6
CONTINUOUS
10
5.3333569685039368
20
-2.7265916929133858
11
5.3262859055118108
21
-2.7336627559055118
0
LINE
8
BLACK
6
CONTINUOUS
10
5.3262859055118108
20
-2.7336627559055118
11
5.3036584645669294
21
-2.7110353149606299
0
LINE
8
BLACK
6
CONTINUOUS
10
5.3036584645669294
20
-2.7110353149606299
11
5.3107295275590554
21
-2.7039642519685039
0
LINE
8
BLACK
6
CONTINUOUS
10
5.3107295275590554
20
-2.7039642519685039
11
5.3333569685039368
21
-2.7265916929133858
0
LINE
8
BLACK
6
CONTINUOUS
10
5.5017980708661414
20
-2.6690562992125986
11
5.5049912204724407
21
-2.6711898818897639
0
LINE
8
BLACK
6
CONTINUOUS
10
5.5049912204724407
20
-2.6711898818897639
11
5.5071248031496065
21
-2.6743830314960628
0
LINE
8
BLACK
6
CONTINUOUS
10
5.5071248031496065
20
-2.6743830314960628
11
5.5078740157480315
21
-2.6781496062992125
0
LINE
8
BLACK
6
CONTINUOUS
10
5.5078740157480315
20
-2.6781496062992125
11
5.5078740157480315
21
-2.7106299212598426
0
LINE
8
BLACK
6
CONTINUOUS
10
5.5078740157480315
20
-2.7106299212598426
11
5.5071248031496065
21
-2.7143964960629923
0
LINE
8
BLACK
6
CONTINUOUS
10
5.5071248031496065
20
-2.7143964960629923
11
5.5049912204724407
21
-2.7175896456692912
0
LINE
8
BLACK
6
CONTINUOUS
10
5.5049912204724407
20
-2.7175896456692912
11
5.5017980708661414
21
-2.7197232283464565
0
LINE
8
BLACK
6
CONTINUOUS
10
5.5017980708661414
20
-2.7197232283464565
11
5.4980314960629917
21
-2.7204724409448819
0
LINE
8
BLACK
6
CONTINUOUS
10
5.4980314960629917
20
-2.7204724409448819
11
5.4468503937007871
21
-2.7204724409448819
0
LINE
8
BLACK
6
CONTINUOUS
10
5.4468503937007871
20
-2.7204724409448819
11
5.4430838188976374
21
-2.7197232283464565
0
LINE
8
BLACK
6
CONTINUOUS
10
5.4430838188976374
20
-2.7197232283464565
11
5.439890669291338
21
-2.7175896456692912
0
LINE
8
BLACK
6
CONTINUOUS
10
5.439890669291338
20
-2.7175896456692912
11
5.4377570866141731
21
-2.7143964960629923
0
LINE
8
BLACK
6
CONTINUOUS
10
5.4377570866141731
20
-2.7143964960629923
11
5.4370078740157481
21
-2.7106299212598426
0
LINE
8
BLACK
6
CONTINUOUS
10
5.4370078740157481
20
-2.7106299212598426
11
5.4370078740157481
21
-2.6781496062992125
0
LINE
8
BLACK
6
CONTINUOUS
10
5.4370078740157481
20
-2.6781496062992125
11
5.4377570866141731
21
-2.6743830314960628
0
LINE
8
BLACK
6
CONTINUOUS
10
5.4377570866141731
20
-2.6743830314960628
11
5.439890669291338
21
-2.6711898818897639
0
LINE
8
BLACK
6
CONTINUOUS
10
5.439890669291338
20
-2.6711898818897639
11
5.4430838188976374
21
-2.6690562992125986
0
LINE
8
BLACK
6
CONTINUOUS
10
5.4430838188976374
20
-2.6690562992125986
11
5.4468503937007871
21
-2.6683070866141732
0
LINE
8
BLACK
6
CONTINUOUS
10
5.4468503937007871
20
-2.6683070866141732
11
5.4980314960629917
21
-2.6683070866141732
0
LINE
8
BLACK
6
CONTINUOUS
10
5.4980314960629917
20
-2.6683070866141732
11
5.5017980708661414
21
-2.6690562992125986
0
LINE
8
BLACK
6
CONTINUOUS
10
5.2808473622047245
20
-2.697115905511811
11
5.2582199212598422
21
-2.7197433464566929
0
LINE
8
BLACK
6
CONTINUOUS
10
5.2582199212598422
20
-2.7197433464566929
11
5.2511488582677162
21
-2.7126722834645669
0
LINE
8
BLACK
6
CONTINUOUS
10
5.2511488582677162
20
-2.7126722834645669
11
5.2737762992125985
21
-2.690044842519685
0
LINE
8
BLACK
6
CONTINUOUS
10
5.2737762992125985
20
-2.690044842519685
11
5.2808473622047245
21
-2.697115905511811
0
LINE
8
BLACK
6
CONTINUOUS
10
5.3472763385826774
20
-2.7126722834645669
11
5.3402052755905514
21
-2.7197433464566929
0
LINE
8
BLACK
6
CONTINUOUS
10
5.3402052755905514
20
-2.7197433464566929
11
5.317577834645669
21
-2.697115905511811
0
LINE
8
BLACK
6
CONTINUOUS
10
5.317577834645669
20
-2.697115905511811
11
5.324648897637795
21
-2.690044842519685
0
LINE
8
BLACK
6
CONTINUOUS
10
5.324648897637795
20
-2.690044842519685
11
5.3472763385826774
21
-2.7126722834645669
0
LINE
8
BLACK
6
CONTINUOUS
10
4.9978610236220469
20
-2.6513397637795273
11
5.0010541732283462
21
-2.6534733464566926
0
LINE
8
BLACK
6
CONTINUOUS
10
5.0010541732283462
20
-2.6534733464566926
11
5.003187755905512
21
-2.656666496062992
0
LINE
8
BLACK
6
CONTINUOUS
10
5.003187755905512
20
-2.656666496062992
11
5.003936968503937
21
-2.6604330708661417
0
LINE
8
BLACK
6
CONTINUOUS
10
5.003936968503937
20
-2.6604330708661417
11
5.003936968503937
21
-2.7096456692913384
0
LINE
8
BLACK
6
CONTINUOUS
10
5.003936968503937
20
-2.7096456692913384
11
5.003187755905512
21
-2.7134122440944881
0
LINE
8
BLACK
6
CONTINUOUS
10
5.003187755905512
20
-2.7134122440944881
11
5.0010541732283462
21
-2.7166053937007875
0
LINE
8
BLACK
6
CONTINUOUS
10
5.0010541732283462
20
-2.7166053937007875
11
4.9978610236220469
21
-2.7187389763779528
0
LINE
8
BLACK
6
CONTINUOUS
10
4.9978610236220469
20
-2.7187389763779528
11
4.9940944488188972
21
-2.7194881889763778
0
LINE
8
BLACK
6
CONTINUOUS
10
4.9940944488188972
20
-2.7194881889763778
11
4.9625983858267713
21
-2.7194881889763778
0
LINE
8
BLACK
6
CONTINUOUS
10
4.9625983858267713
20
-2.7194881889763778
11
4.9588318110236216
21
-2.7187389763779528
0
LINE
8
BLACK
6
CONTINUOUS
10
4.9588318110236216
20
-2.7187389763779528
11
4.9556386614173231
21
-2.7166053937007875
0
LINE
8
BLACK
6
CONTINUOUS
10
4.9556386614173231
20
-2.7166053937007875
11
4.9535050787401573
21
-2.7134122440944881
0
LINE
8
BLACK
6
CONTINUOUS
10
4.9535050787401573
20
-2.7134122440944881
11
4.9527558661417324
21
-2.7096456692913384
0
LINE
8
BLACK
6
CONTINUOUS
10
4.9527558661417324
20
-2.7096456692913384
11
4.9527558661417324
21
-2.6604330708661417
0
LINE
8
BLACK
6
CONTINUOUS
10
4.9527558661417324
20
-2.6604330708661417
11
4.9535050787401573
21
-2.656666496062992
0
LINE
8
BLACK
6
CONTINUOUS
10
4.9535050787401573
20
-2.656666496062992
11
4.9556386614173231
21
-2.6534733464566926
0
LINE
8
BLACK
6
CONTINUOUS
10
4.9556386614173231
20
-2.6534733464566926
11
4.9588318110236216
21
-2.6513397637795273
0
LINE
8
BLACK
6
CONTINUOUS
10
4.9588318110236216
20
-2.6513397637795273
11
4.9625983858267713
21
-2.6505905511811023
0
LINE
8
BLACK
6
CONTINUOUS
10
4.9625983858267713
20
-2.6505905511811023
11
4.9940944488188972
21
-2.6505905511811023
0
LINE
8
BLACK
6
CONTINUOUS
10
4.9940944488188972
20
-2.6505905511811023
11
4.9978610236220469
21
-2.6513397637795273
0
LINE
8
BLACK
6
CONTINUOUS
10
5.1199083464566932
20
-2.6513397637795273
11
5.1231014960629917
21
-2.6534733464566926
0
LINE
8
BLACK
6
CONTINUOUS
10
5.1231014960629917
20
-2.6534733464566926
11
5.1252350787401575
21
-2.656666496062992
0
LINE
8
BLACK
6
CONTINUOUS
10
5.1252350787401575
20
-2.656666496062992
11
5.1259842913385825
21
-2.6604330708661417
0
LINE
8
BLACK
6
CONTINUOUS
10
5.1259842913385825
20
-2.6604330708661417
11
5.1259842913385825
21
-2.7096456692913384
0
LINE
8
BLACK
6
CONTINUOUS
10
5.1259842913385825
20
-2.7096456692913384
11
5.1252350787401575
21
-2.7134122440944881
0
LINE
8
BLACK
6
CONTINUOUS
10
5.1252350787401575
20
-2.7134122440944881
11
5.1231014960629917
21
-2.7166053937007875
0
LINE
8
BLACK
6
CONTINUOUS
10
5.1231014960629917
20
-2.7166053937007875
11
5.1199083464566932
21
-2.7187389763779528
0
LINE
8
BLACK
6
CONTINUOUS
10
5.1199083464566932
20
-2.7187389763779528
11
5.1161417716535436
21
-2.7194881889763778
0
LINE
8
BLACK
6
CONTINUOUS
10
5.1161417716535436
20
-2.7194881889763778
11
5.0846457086614176
21
-2.7194881889763778
0
LINE
8
BLACK
6
CONTINUOUS
10
5.0846457086614176
20
-2.7194881889763778
11
5.0808791338582679
21
-2.7187389763779528
0
LINE
8
BLACK
6
CONTINUOUS
10
5.0808791338582679
20
-2.7187389763779528
11
5.0776859842519686
21
-2.7166053937007875
0
LINE
8
BLACK
6
CONTINUOUS
10
5.0776859842519686
20
-2.7166053937007875
11
5.0755524015748028
21
-2.7134122440944881
0
LINE
8
BLACK
6
CONTINUOUS
10
5.0755524015748028
20
-2.7134122440944881
11
5.0748031889763778
21
-2.7096456692913384
0
LINE
8
BLACK
6
CONTINUOUS
10
5.0748031889763778
20
-2.7096456692913384
11
5.0748031889763778
21
-2.6604330708661417
0
LINE
8
BLACK
6
CONTINUOUS
10
5.0748031889763778
20
-2.6604330708661417
11
5.0755524015748028
21
-2.656666496062992
0
LINE
8
BLACK
6
CONTINUOUS
10
5.0755524015748028
20
-2.656666496062992
11
5.0776859842519686
21
-2.6534733464566926
0
LINE
8
BLACK
6
CONTINUOUS
10
5.0776859842519686
20
-2.6534733464566926
11
5.0808791338582679
21
-2.6513397637795273
0
LINE
8
BLACK
6
CONTINUOUS
10
5.0808791338582679
20
-2.6513397637795273
11
5.0846457086614176
21
-2.6505905511811023
0
LINE
8
BLACK
6
CONTINUOUS
10
5.0846457086614176
20
-2.6505905511811023
11
5.1161417716535436
21
-2.6505905511811023
0
LINE
8
BLACK
6
CONTINUOUS
10
5.1161417716535436
20
-2.6505905511811023
11
5.1199083464566932
21
-2.6513397637795273
0
LINE
8
BLACK
6
CONTINUOUS
10
4.3797508267716534
20
-2.6616744094488189
11
4.3829439763779527
21
-2.6638079921259843
0
LINE
8
BLACK
6
CONTINUOUS
10
4.3829439763779527
20
-2.6638079921259843
11
4.3850775590551176
21
-2.6670011417322832
0
LINE
8
BLACK
6
CONTINUOUS
10
4.3850775590551176
20
-2.6670011417322832
11
4.3858267716535435
21
-2.6707677165354329
0
LINE
8
BLACK
6
CONTINUOUS
10
4.3858267716535435
20
-2.6707677165354329
11
4.3858267716535435
21
-2.703248031496063
0
LINE
8
BLACK
6
CONTINUOUS
10
4.3858267716535435
20
-2.703248031496063
11
4.3850775590551176
21
-2.7070146062992126
0
LINE
8
BLACK
6
CONTINUOUS
10
4.3850775590551176
20
-2.7070146062992126
11
4.3829439763779527
21
-2.7102077559055116
0
LINE
8
BLACK
6
CONTINUOUS
10
4.3829439763779527
20
-2.7102077559055116
11
4.3797508267716534
21
-2.7123413385826769
0
LINE
8
BLACK
6
CONTINUOUS
10
4.3797508267716534
20
-2.7123413385826769
11
4.3759842519685037
21
-2.7130905511811023
0
LINE
8
BLACK
6
CONTINUOUS
10
4.3759842519685037
20
-2.7130905511811023
11
4.3248031496062991
21
-2.7130905511811023
0
LINE
8
BLACK
6
CONTINUOUS
10
4.3248031496062991
20
-2.7130905511811023
11
4.3210365748031494
21
-2.7123413385826769
0
LINE
8
BLACK
6
CONTINUOUS
10
4.3210365748031494
20
-2.7123413385826769
11
4.31784342519685
21
-2.7102077559055116
0
LINE
8
BLACK
6
CONTINUOUS
10
4.31784342519685
20
-2.7102077559055116
11
4.3157098425196851
21
-2.7070146062992126
0
LINE
8
BLACK
6
CONTINUOUS
10
4.3157098425196851
20
-2.7070146062992126
11
4.3149606299212602
21
-2.703248031496063
0
LINE
8
BLACK
6
CONTINUOUS
10
4.3149606299212602
20
-2.703248031496063
11
4.3149606299212602
21
-2.6707677165354329
0
LINE
8
BLACK
6
CONTINUOUS
10
4.3149606299212602
20
-2.6707677165354329
11
4.3157098425196851
21
-2.6670011417322832
0
LINE
8
BLACK
6
CONTINUOUS
10
4.3157098425196851
20
-2.6670011417322832
11
4.31784342519685
21
-2.6638079921259843
0
LINE
8
BLACK
6
CONTINUOUS
10
4.31784342519685
20
-2.6638079921259843
11
4.3210365748031494
21
-2.6616744094488189
0
LINE
8
BLACK
6
CONTINUOUS
10
4.3210365748031494
20
-2.6616744094488189
11
4.3248031496062991
21
-2.6609251968503935
0
LINE
8
BLACK
6
CONTINUOUS
10
4.3248031496062991
20
-2.6609251968503935
11
4.3759842519685037
21
-2.6609251968503935
0
LINE
8
BLACK
6
CONTINUOUS
10
4.3759842519685037
20
-2.6609251968503935
11
4.3797508267716534
21
-2.6616744094488189
0
LINE
8
BLACK
6
CONTINUOUS
10
5.2669279133858264
20
-2.6831964566929134
11
5.244300472440945
21
-2.7058238976377953
0
LINE
8
BLACK
6
CONTINUOUS
10
5.244300472440945
20
-2.7058238976377953
11
5.237229409448819
21
-2.6987528346456693
0
LINE
8
BLACK
6
CONTINUOUS
10
5.237229409448819
20
-2.6987528346456693
11
5.2598568503937004
21
-2.6761253937007874
0
LINE
8
BLACK
6
CONTINUOUS
10
5.2598568503937004
20
-2.6761253937007874
11
5.2669279133858264
21
-2.6831964566929134
0
LINE
8
BLACK
6
CONTINUOUS
10
5.3611957874015745
20
-2.6987528346456693
11
5.3541247244094485
21
-2.7058238976377953
0
LINE
8
BLACK
6
CONTINUOUS
10
5.3541247244094485
20
-2.7058238976377953
11
5.3314972834645671
21
-2.6831964566929134
0
LINE
8
BLACK
6
CONTINUOUS
10
5.3314972834645671
20
-2.6831964566929134
11
5.3385683464566931
21
-2.6761253937007874
0
LINE
8
BLACK
6
CONTINUOUS
10
5.3385683464566931
20
-2.6761253937007874
11
5.3611957874015745
21
-2.6987528346456693
0
LINE
8
BLACK
6
CONTINUOUS
10
5.3699232677165352
20
-2.6299212598425195
11
5.2992125984251963
21
-2.7006319291338583
0
LINE
8
BLACK
6
CONTINUOUS
10
5.2992125984251963
20
-2.7006319291338583
11
5.2285019291338584
21
-2.6299212598425195
0
LINE
8
BLACK
6
CONTINUOUS
10
5.2285019291338584
20
-2.6299212598425195
11
5.2992125984251963
21
-2.5592105905511811
0
LINE
8
BLACK
6
CONTINUOUS
10
5.2992125984251963
20
-2.5592105905511811
11
5.3699232677165352
21
-2.6299212598425195
0
LINE
8
BLACK
6
CONTINUOUS
10
5.2530084645669293
20
-2.6692770078740158
11
5.2303810236220469
21
-2.6919044488188977
0
LINE
8
BLACK
6
CONTINUOUS
10
5.2303810236220469
20
-2.6919044488188977
11
5.2233099606299209
21
-2.6848333858267717
0
LINE
8
BLACK
6
CONTINUOUS
10
5.2233099606299209
20
-2.6848333858267717
11
5.2459374015748033
21
-2.6622059448818898
0
LINE
8
BLACK
6
CONTINUOUS
10
5.2459374015748033
20
-2.6622059448818898
11
5.2530084645669293
21
-2.6692770078740158
0
LINE
8
BLACK
6
CONTINUOUS
10
5.3751152362204726
20
-2.6848333858267717
11
5.3680441732283466
21
-2.6919044488188977
0
LINE
8
BLACK
6
CONTINUOUS
10
5.3680441732283466
20
-2.6919044488188977
11
5.3454167322834643
21
-2.6692770078740158
0
LINE
8
BLACK
6
CONTINUOUS
10
5.3454167322834643
20
-2.6692770078740158
11
5.3524877952755903
21
-2.6622059448818898
0
LINE
8
BLACK
6
CONTINUOUS
10
5.3524877952755903
20
-2.6622059448818898
11
5.3751152362204726
21
-2.6848333858267717
0
LINE
8
BLACK
6
CONTINUOUS
10
5.2390890157480312
20
-2.6553575590551182
11
5.2164615748031498
21
-2.6779850000000001
0
LINE
8
BLACK
6
CONTINUOUS
10
5.2164615748031498
20
-2.6779850000000001
11
5.2093905118110237
21
-2.6709139370078741
0
LINE
8
BLACK
6
CONTINUOUS
10
5.2093905118110237
20
-2.6709139370078741
11
5.2320179527559052
21
-2.6482864960629922
0
LINE
8
BLACK
6
CONTINUOUS
10
5.2320179527559052
20
-2.6482864960629922
11
5.2390890157480312
21
-2.6553575590551182
0
LINE
8
BLACK
6
CONTINUOUS
10
5.3890346850393698
20
-2.6709139370078741
11
5.3819636220472438
21
-2.6779850000000001
0
LINE
8
BLACK
6
CONTINUOUS
10
5.3819636220472438
20
-2.6779850000000001
11
5.3593361811023623
21
-2.6553575590551182
0
LINE
8
BLACK
6
CONTINUOUS
10
5.3593361811023623
20
-2.6553575590551182
11
5.3664072440944883
21
-2.6482864960629922
0
LINE
8
BLACK
6
CONTINUOUS
10
5.3664072440944883
20
-2.6482864960629922
11
5.3890346850393698
21
-2.6709139370078741
0
LINE
8
BLACK
6
CONTINUOUS
10
4.6136772834645665
20
-2.5998589763779525
11
4.6155931496062994
21
-2.6011391338582674
0
LINE
8
BLACK
6
CONTINUOUS
10
4.6155931496062994
20
-2.6011391338582674
11
4.6168733070866139
21
-2.6030549999999999
0
LINE
8
BLACK
6
CONTINUOUS
10
4.6168733070866139
20
-2.6030549999999999
11
4.6173228346456696
21
-2.6053149606299213
0
LINE
8
BLACK
6
CONTINUOUS
10
4.6173228346456696
20
-2.6053149606299213
11
4.6173228346456696
21
-2.670275590551181
0
LINE
8
BLACK
6
CONTINUOUS
10
4.6173228346456696
20
-2.670275590551181
11
4.6168733070866139
21
-2.6725355511811024
0
LINE
8
BLACK
6
CONTINUOUS
10
4.6168733070866139
20
-2.6725355511811024
11
4.6155931496062994
21
-2.6744514173228344
0
LINE
8
BLACK
6
CONTINUOUS
10
4.6155931496062994
20
-2.6744514173228344
11
4.6136772834645665
21
-2.6757315748031494
0
LINE
8
BLACK
6
CONTINUOUS
10
4.6136772834645665
20
-2.6757315748031494
11
4.6114173228346456
21
-2.6761811023622046
0
LINE
8
BLACK
6
CONTINUOUS
10
4.6114173228346456
20
-2.6761811023622046
11
4.5996062992125983
21
-2.6761811023622046
0
LINE
8
BLACK
6
CONTINUOUS
10
4.5996062992125983
20
-2.6761811023622046
11
4.5973463385826774
21
-2.6757315748031494
0
LINE
8
BLACK
6
CONTINUOUS
10
4.5973463385826774
20
-2.6757315748031494
11
4.5954304724409445
21
-2.6744514173228344
0
LINE
8
BLACK
6
CONTINUOUS
10
4.5954304724409445
20
-2.6744514173228344
11
4.59415031496063
21
-2.6725355511811024
0
LINE
8
BLACK
6
CONTINUOUS
10
4.59415031496063
20
-2.6725355511811024
11
4.5937007874015743
21
-2.670275590551181
0
LINE
8
BLACK
6
CONTINUOUS
10
4.5937007874015743
20
-2.670275590551181
11
4.5937007874015743
21
-2.6053149606299213
0
LINE
8
BLACK
6
CONTINUOUS
10
4.5937007874015743
20
-2.6053149606299213
11
4.59415031496063
21
-2.6030549999999999
0
LINE
8
BLACK
6
CONTINUOUS
10
4.59415031496063
20
-2.6030549999999999
11
4.5954304724409445
21
-2.6011391338582674
0
LINE
8
BLACK
6
CONTINUOUS
10
4.5954304724409445
20
-2.6011391338582674
11
4.5973463385826774
21
-2.5998589763779525
0
LINE
8
BLACK
6
CONTINUOUS
10
4.5973463385826774
20
-2.5998589763779525
11
4.5996062992125983
21
-2.5994094488188977
0
LINE
8
BLACK
6
CONTINUOUS
10
4.5996062992125983
20
-2.5994094488188977
11
4.6114173228346456
21
-2.5994094488188977
0
LINE
8
BLACK
6
CONTINUOUS
10
4.6114173228346456
20
-2.5994094488188977
11
4.6136772834645665
21
-2.5998589763779525
0
LINE
8
BLACK
6
CONTINUOUS
10
4.6636772834645672
20
-2.5998589763779525
11
4.6655931496062992
21
-2.6011391338582674
0
LINE
8
BLACK
6
CONTINUOUS
10
4.6655931496062992
20
-2.6011391338582674
11
4.6668733070866137
21
-2.6030549999999999
0
LINE
8
BLACK
6
CONTINUOUS
10
4.6668733070866137
20
-2.6030549999999999
11
4.6673228346456694
21
-2.6053149606299213
0
LINE
8
BLACK
6
CONTINUOUS
10
4.6673228346456694
20
-2.6053149606299213
11
4.6673228346456694
21
-2.670275590551181
0
LINE
8
BLACK
6
CONTINUOUS
10
4.6673228346456694
20
-2.670275590551181
11
4.6668733070866137
21
-2.6725355511811024
0
LINE
8
BLACK
6
CONTINUOUS
10
4.6668733070866137
20
-2.6725355511811024
11
4.6655931496062992
21
-2.6744514173228344
0
LINE
8
BLACK
6
CONTINUOUS
10
4.6655931496062992
20
-2.6744514173228344
11
4.6636772834645672
21
-2.6757315748031494
0
LINE
8
BLACK
6
CONTINUOUS
10
4.6636772834645672
20
-2.6757315748031494
11
4.6614173228346454
21
-2.6761811023622046
0
LINE
8
BLACK
6
CONTINUOUS
10
4.6614173228346454
20
-2.6761811023622046
11
4.6496062992125982
21
-2.6761811023622046
0
LINE
8
BLACK
6
CONTINUOUS
10
4.6496062992125982
20
-2.6761811023622046
11
4.6473463385826772
21
-2.6757315748031494
0
LINE
8
BLACK
6
CONTINUOUS
10
4.6473463385826772
20
-2.6757315748031494
11
4.6454304724409452
21
-2.6744514173228344
0
LINE
8
BLACK
6
CONTINUOUS
10
4.6454304724409452
20
-2.6744514173228344
11
4.6441503149606298
21
-2.6725355511811024
0
LINE
8
BLACK
6
CONTINUOUS
10
4.6441503149606298
20
-2.6725355511811024
11
4.643700787401575
21
-2.670275590551181
0
LINE
8
BLACK
6
CONTINUOUS
10
4.643700787401575
20
-2.670275590551181
11
4.643700787401575
21
-2.6053149606299213
0
LINE
8
BLACK
6
CONTINUOUS
10
4.643700787401575
20
-2.6053149606299213
11
4.6441503149606298
21
-2.6030549999999999
0
LINE
8
BLACK
6
CONTINUOUS
10
4.6441503149606298
20
-2.6030549999999999
11
4.6454304724409452
21
-2.6011391338582674
0
LINE
8
BLACK
6
CONTINUOUS
10
4.6454304724409452
20
-2.6011391338582674
11
4.6473463385826772
21
-2.5998589763779525
0
LINE
8
BLACK
6
CONTINUOUS
10
4.6473463385826772
20
-2.5998589763779525
11
4.6496062992125982
21
-2.5994094488188977
0
LINE
8
BLACK
6
CONTINUOUS
10
4.6496062992125982
20
-2.5994094488188977
11
4.6614173228346454
21
-2.5994094488188977
0
LINE
8
BLACK
6
CONTINUOUS
10
4.6614173228346454
20
-2.5994094488188977
11
4.6636772834645672
21
-2.5998589763779525
0
LINE
8
BLACK
6
CONTINUOUS
10
4.713677283464567
20
-2.5998589763779525
11
4.7155931496062991
21
-2.6011391338582674
0
LINE
8
BLACK
6
CONTINUOUS
10
4.7155931496062991
20
-2.6011391338582674
11
4.7168733070866145
21
-2.6030549999999999
0
LINE
8
BLACK
6
CONTINUOUS
10
4.7168733070866145
20
-2.6030549999999999
11
4.7173228346456693
21
-2.6053149606299213
0
LINE
8
BLACK
6
CONTINUOUS
10
4.7173228346456693
20
-2.6053149606299213
11
4.7173228346456693
21
-2.670275590551181
0
LINE
8
BLACK
6
CONTINUOUS
10
4.7173228346456693
20
-2.670275590551181
11
4.7168733070866145
21
-2.6725355511811024
0
LINE
8
BLACK
6
CONTINUOUS
10
4.7168733070866145
20
-2.6725355511811024
11
4.7155931496062991
21
-2.6744514173228344
0
LINE
8
BLACK
6
CONTINUOUS
10
4.7155931496062991
20
-2.6744514173228344
11
4.713677283464567
21
-2.6757315748031494
0
LINE
8
BLACK
6
CONTINUOUS
10
4.713677283464567
20
-2.6757315748031494
11
4.7114173228346452
21
-2.6761811023622046
0
LINE
8
BLACK
6
CONTINUOUS
10
4.7114173228346452
20
-2.6761811023622046
11
4.699606299212598
21
-2.6761811023622046
0
LINE
8
BLACK
6
CONTINUOUS
10
4.699606299212598
20
-2.6761811023622046
11
4.697346338582677
21
-2.6757315748031494
0
LINE
8
BLACK
6
CONTINUOUS
10
4.697346338582677
20
-2.6757315748031494
11
4.695430472440945
21
-2.6744514173228344
0
LINE
8
BLACK
6
CONTINUOUS
10
4.695430472440945
20
-2.6744514173228344
11
4.6941503149606296
21
-2.6725355511811024
0
LINE
8
BLACK
6
CONTINUOUS
10
4.6941503149606296
20
-2.6725355511811024
11
4.6937007874015748
21
-2.670275590551181
0
LINE
8
BLACK
6
CONTINUOUS
10
4.6937007874015748
20
-2.670275590551181
11
4.6937007874015748
21
-2.6053149606299213
0
LINE
8
BLACK
6
CONTINUOUS
10
4.6937007874015748
20
-2.6053149606299213
11
4.6941503149606296
21
-2.6030549999999999
0
LINE
8
BLACK
6
CONTINUOUS
10
4.6941503149606296
20
-2.6030549999999999
11
4.695430472440945
21
-2.6011391338582674
0
LINE
8
BLACK
6
CONTINUOUS
10
4.695430472440945
20
-2.6011391338582674
11
4.697346338582677
21
-2.5998589763779525
0
LINE
8
BLACK
6
CONTINUOUS
10
4.697346338582677
20
-2.5998589763779525
11
4.699606299212598
21
-2.5994094488188977
0
LINE
8
BLACK
6
CONTINUOUS
10
4.699606299212598
20
-2.5994094488188977
11
4.7114173228346452
21
-2.5994094488188977
0
LINE
8
BLACK
6
CONTINUOUS
10
4.7114173228346452
20
-2.5994094488188977
11
4.713677283464567
21
-2.5998589763779525
0
LINE
8
BLACK
6
CONTINUOUS
10
4.7636772834645669
20
-2.5998589763779525
11
4.7655931496062989
21
-2.6011391338582674
0
LINE
8
BLACK
6
CONTINUOUS
10
4.7655931496062989
20
-2.6011391338582674
11
4.7668733070866143
21
-2.6030549999999999
0
LINE
8
BLACK
6
CONTINUOUS
10
4.7668733070866143
20
-2.6030549999999999
11
4.7673228346456691
21
-2.6053149606299213
0
LINE
8
BLACK
6
CONTINUOUS
10
4.7673228346456691
20
-2.6053149606299213
11
4.7673228346456691
21
-2.670275590551181
0
LINE
8
BLACK
6
CONTINUOUS
10
4.7673228346456691
20
-2.670275590551181
11
4.7668733070866143
21
-2.6725355511811024
0
LINE
8
BLACK
6
CONTINUOUS
10
4.7668733070866143
20
-2.6725355511811024
11
4.7655931496062989
21
-2.6744514173228344
0
LINE
8
BLACK
6
CONTINUOUS
10
4.7655931496062989
20
-2.6744514173228344
11
4.7636772834645669
21
-2.6757315748031494
0
LINE
8
BLACK
6
CONTINUOUS
10
4.7636772834645669
20
-2.6757315748031494
11
4.7614173228346459
21
-2.6761811023622046
0
LINE
8
BLACK
6
CONTINUOUS
10
4.7614173228346459
20
-2.6761811023622046
11
4.7496062992125987
21
-2.6761811023622046
0
LINE
8
BLACK
6
CONTINUOUS
10
4.7496062992125987
20
-2.6761811023622046
11
4.7473463385826769
21
-2.6757315748031494
0
LINE
8
BLACK
6
CONTINUOUS
10
4.7473463385826769
20
-2.6757315748031494
11
4.7454304724409448
21
-2.6744514173228344
0
LINE
8
BLACK
6
CONTINUOUS
10
4.7454304724409448
20
-2.6744514173228344
11
4.7441503149606294
21
-2.6725355511811024
0
LINE
8
BLACK
6
CONTINUOUS
10
4.7441503149606294
20
-2.6725355511811024
11
4.7437007874015746
21
-2.670275590551181
0
LINE
8
BLACK
6
CONTINUOUS
10
4.7437007874015746
20
-2.670275590551181
11
4.7437007874015746
21
-2.6053149606299213
0
LINE
8
BLACK
6
CONTINUOUS
10
4.7437007874015746
20
-2.6053149606299213
11
4.7441503149606294
21
-2.6030549999999999
0
LINE
8
BLACK
6
CONTINUOUS
10
4.7441503149606294
20
-2.6030549999999999
11
4.7454304724409448
21
-2.6011391338582674
0
LINE
8
BLACK
6
CONTINUOUS
10
4.7454304724409448
20
-2.6011391338582674
11
4.7473463385826769
21
-2.5998589763779525
0
LINE
8
BLACK
6
CONTINUOUS
10
4.7473463385826769
20
-2.5998589763779525
11
4.7496062992125987
21
-2.5994094488188977
0
LINE
8
BLACK
6
CONTINUOUS
10
4.7496062992125987
20
-2.5994094488188977
11
4.7614173228346459
21
-2.5994094488188977
0
LINE
8
BLACK
6
CONTINUOUS
10
4.7614173228346459
20
-2.5994094488188977
11
4.7636772834645669
21
-2.5998589763779525
0
LINE
8
BLACK
6
CONTINUOUS
10
5.2251696062992128
20
-2.6414381889763781
11
5.2025421653543305
21
-2.6640656299212599
0
LINE
8
BLACK
6
CONTINUOUS
10
5.2025421653543305
20
-2.6640656299212599
11
5.1954711023622044
21
-2.6569945669291339
0
LINE
8
BLACK
6
CONTINUOUS
10
5.1954711023622044
20
-2.6569945669291339
11
5.2180985433070868
21
-2.634367125984252
0
LINE
8
BLACK
6
CONTINUOUS
10
5.2180985433070868
20
-2.634367125984252
11
5.2251696062992128
21
-2.6414381889763781
0
LINE
8
BLACK
6
CONTINUOUS
10
5.4029540944881891
20
-2.6569945669291339
11
5.3958830314960631
21
-2.6640656299212599
0
LINE
8
BLACK
6
CONTINUOUS
10
5.3958830314960631
20
-2.6640656299212599
11
5.3732555905511807
21
-2.6414381889763781
0
LINE
8
BLACK
6
CONTINUOUS
10
5.3732555905511807
20
-2.6414381889763781
11
5.3803266535433067
21
-2.634367125984252
0
LINE
8
BLACK
6
CONTINUOUS
10
5.3803266535433067
20
-2.634367125984252
11
5.4029540944881891
21
-2.6569945669291339
0
LINE
8
BLACK
6
CONTINUOUS
10
4.9181366535433071
20
-2.5991743700787402
11
4.9213298031496064
21
-2.6013079527559055
0
LINE
8
BLACK
6
CONTINUOUS
10
4.9213298031496064
20
-2.6013079527559055
11
4.9234633858267713
21
-2.6045011023622044
0
LINE
8
BLACK
6
CONTINUOUS
10
4.9234633858267713
20
-2.6045011023622044
11
4.9242125984251963
21
-2.6082676771653541
0
LINE
8
BLACK
6
CONTINUOUS
10
4.9242125984251963
20
-2.6082676771653541
11
4.9242125984251963
21
-2.6397637401574801
0
LINE
8
BLACK
6
CONTINUOUS
10
4.9242125984251963
20
-2.6397637401574801
11
4.9234633858267713
21
-2.6435303149606297
0
LINE
8
BLACK
6
CONTINUOUS
10
4.9234633858267713
20
-2.6435303149606297
11
4.9213298031496064
21
-2.6467234645669291
0
LINE
8
BLACK
6
CONTINUOUS
10
4.9213298031496064
20
-2.6467234645669291
11
4.9181366535433071
21
-2.6488570472440944
0
LINE
8
BLACK
6
CONTINUOUS
10
4.9181366535433071
20
-2.6488570472440944
11
4.9143700787401574
21
-2.6496062598425194
0
LINE
8
BLACK
6
CONTINUOUS
10
4.9143700787401574
20
-2.6496062598425194
11
4.8651574803149602
21
-2.6496062598425194
0
LINE
8
BLACK
6
CONTINUOUS
10
4.8651574803149602
20
-2.6496062598425194
11
4.8613909055118105
21
-2.6488570472440944
0
LINE
8
BLACK
6
CONTINUOUS
10
4.8613909055118105
20
-2.6488570472440944
11
4.8581977559055121
21
-2.6467234645669291
0
LINE
8
BLACK
6
CONTINUOUS
10
4.8581977559055121
20
-2.6467234645669291
11
4.8560641732283463
21
-2.6435303149606297
0
LINE
8
BLACK
6
CONTINUOUS
10
4.8560641732283463
20
-2.6435303149606297
11
4.8553149606299213
21
-2.6397637401574801
0
LINE
8
BLACK
6
CONTINUOUS
10
4.8553149606299213
20
-2.6397637401574801
11
4.8553149606299213
21
-2.6082676771653541
0
LINE
8
BLACK
6
CONTINUOUS
10
4.8553149606299213
20
-2.6082676771653541
11
4.8560641732283463
21
-2.6045011023622044
0
LINE
8
BLACK
6
CONTINUOUS
10
4.8560641732283463
20
-2.6045011023622044
11
4.8581977559055121
21
-2.6013079527559055
0
LINE
8
BLACK
6
CONTINUOUS
10
4.8581977559055121
20
-2.6013079527559055
11
4.8613909055118105
21
-2.5991743700787402
0
LINE
8
BLACK
6
CONTINUOUS
10
4.8613909055118105
20
-2.5991743700787402
11
4.8651574803149602
21
-2.5984251574803148
0
LINE
8
BLACK
6
CONTINUOUS
10
4.8651574803149602
20
-2.5984251574803148
11
4.9143700787401574
21
-2.5984251574803148
0
LINE
8
BLACK
6
CONTINUOUS
10
4.9143700787401574
20
-2.5984251574803148
11
4.9181366535433071
21
-2.5991743700787402
0
LINE
8
BLACK
6
CONTINUOUS
10
5.5175461023622043
20
-2.5558673228346458
11
5.5207392519685037
21
-2.5580009055118111
0
LINE
8
BLACK
6
CONTINUOUS
10
5.5207392519685037
20
-2.5580009055118111
11
5.5228728346456695
21
-2.56119405511811
0
LINE
8
BLACK
6
CONTINUOUS
10
5.5228728346456695
20
-2.56119405511811
11
5.5236220472440944
21
-2.5649606299212597
0
LINE
8
BLACK
6
CONTINUOUS
10
5.5236220472440944
20
-2.5649606299212597
11
5.5236220472440944
21
-2.6161417322834644
0
LINE
8
BLACK
6
CONTINUOUS
10
5.5236220472440944
20
-2.6161417322834644
11
5.5228728346456695
21
-2.619908307086614
0
LINE
8
BLACK
6
CONTINUOUS
10
5.5228728346456695
20
-2.619908307086614
11
5.5207392519685037
21
-2.6231014566929134
0
LINE
8
BLACK
6
CONTINUOUS
10
5.5207392519685037
20
-2.6231014566929134
11
5.5175461023622043
21
-2.6252350393700787
0
LINE
8
BLACK
6
CONTINUOUS
10
5.5175461023622043
20
-2.6252350393700787
11
5.5137795275590546
21
-2.6259842519685037
0
LINE
8
BLACK
6
CONTINUOUS
10
5.5137795275590546
20
-2.6259842519685037
11
5.481299212598425
21
-2.6259842519685037
0
LINE
8
BLACK
6
CONTINUOUS
10
5.481299212598425
20
-2.6259842519685037
11
5.4775326377952753
21
-2.6252350393700787
0
LINE
8
BLACK
6
CONTINUOUS
10
5.4775326377952753
20
-2.6252350393700787
11
5.474339488188976
21
-2.6231014566929134
0
LINE
8
BLACK
6
CONTINUOUS
10
5.474339488188976
20
-2.6231014566929134
11
5.4722059055118111
21
-2.619908307086614
0
LINE
8
BLACK
6
CONTINUOUS
10
5.4722059055118111
20
-2.619908307086614
11
5.4714566929133861
21
-2.6161417322834644
0
LINE
8
BLACK
6
CONTINUOUS
10
5.4714566929133861
20
-2.6161417322834644
11
5.4714566929133861
21
-2.5649606299212597
0
LINE
8
BLACK
6
CONTINUOUS
10
5.4714566929133861
20
-2.5649606299212597
11
5.4722059055118111
21
-2.56119405511811
0
LINE
8
BLACK
6
CONTINUOUS
10
5.4722059055118111
20
-2.56119405511811
11
5.474339488188976
21
-2.5580009055118111
0
LINE
8
BLACK
6
CONTINUOUS
10
5.474339488188976
20
-2.5580009055118111
11
5.4775326377952753
21
-2.5558673228346458
0
LINE
8
BLACK
6
CONTINUOUS
10
5.4775326377952753
20
-2.5558673228346458
11
5.481299212598425
21
-2.5551181102362204
0
LINE
8
BLACK
6
CONTINUOUS
10
5.481299212598425
20
-2.5551181102362204
11
5.5137795275590546
21
-2.5551181102362204
0
LINE
8
BLACK
6
CONTINUOUS
10
5.5137795275590546
20
-2.5551181102362204
11
5.5175461023622043
21
-2.5558673228346458
0
LINE
8
BLACK
6
CONTINUOUS
10
5.6405775984251969
20
-2.5558673228346458
11
5.6437707480314963
21
-2.5580009055118111
0
LINE
8
BLACK
6
CONTINUOUS
10
5.6437707480314963
20
-2.5580009055118111
11
5.6459043307086612
21
-2.56119405511811
0
LINE
8
BLACK
6
CONTINUOUS
10
5.6459043307086612
20
-2.56119405511811
11
5.6466535433070861
21
-2.5649606299212597
0
LINE
8
BLACK
6
CONTINUOUS
10
5.6466535433070861
20
-2.5649606299212597
11
5.6466535433070861
21
-2.6161417322834644
0
LINE
8
BLACK
6
CONTINUOUS
10
5.6466535433070861
20
-2.6161417322834644
11
5.6459043307086612
21
-2.619908307086614
0
LINE
8
BLACK
6
CONTINUOUS
10
5.6459043307086612
20
-2.619908307086614
11
5.6437707480314963
21
-2.6231014566929134
0
LINE
8
BLACK
6
CONTINUOUS
10
5.6437707480314963
20
-2.6231014566929134
11
5.6405775984251969
21
-2.6252350393700787
0
LINE
8
BLACK
6
CONTINUOUS
10
5.6405775984251969
20
-2.6252350393700787
11
5.6368110236220472
21
-2.6259842519685037
0
LINE
8
BLACK
6
CONTINUOUS
10
5.6368110236220472
20
-2.6259842519685037
11
5.6043307086614176
21
-2.6259842519685037
0
LINE
8
BLACK
6
CONTINUOUS
10
5.6043307086614176
20
-2.6259842519685037
11
5.6005641338582679
21
-2.6252350393700787
0
LINE
8
BLACK
6
CONTINUOUS
10
5.6005641338582679
20
-2.6252350393700787
11
5.5973709842519686
21
-2.6231014566929134
0
LINE
8
BLACK
6
CONTINUOUS
10
5.5973709842519686
20
-2.6231014566929134
11
5.5952374015748028
21
-2.619908307086614
0
LINE
8
BLACK
6
CONTINUOUS
10
5.5952374015748028
20
-2.619908307086614
11
5.5944881889763778
21
-2.6161417322834644
0
LINE
8
BLACK
6
CONTINUOUS
10
5.5944881889763778
20
-2.6161417322834644
11
5.5944881889763778
21
-2.5649606299212597
0
LINE
8
BLACK
6
CONTINUOUS
10
5.5944881889763778
20
-2.5649606299212597
11
5.5952374015748028
21
-2.56119405511811
0
LINE
8
BLACK
6
CONTINUOUS
10
5.5952374015748028
20
-2.56119405511811
11
5.5973709842519686
21
-2.5580009055118111
0
LINE
8
BLACK
6
CONTINUOUS
10
5.5973709842519686
20
-2.5580009055118111
11
5.6005641338582679
21
-2.5558673228346458
0
LINE
8
BLACK
6
CONTINUOUS
10
5.6005641338582679
20
-2.5558673228346458
11
5.6043307086614176
21
-2.5551181102362204
0
LINE
8
BLACK
6
CONTINUOUS
10
5.6043307086614176
20
-2.5551181102362204
11
5.6368110236220472
21
-2.5551181102362204
0
LINE
8
BLACK
6
CONTINUOUS
10
5.6368110236220472
20
-2.5551181102362204
11
5.6405775984251969
21
-2.5558673228346458
0
LINE
8
BLACK
6
CONTINUOUS
10
5.2251696062992128
20
-2.6184043307086613
11
5.2180985433070868
21
-2.6254753937007873
0
LINE
8
BLACK
6
CONTINUOUS
10
5.2180985433070868
20
-2.6254753937007873
11
5.1954711023622044
21
-2.6028479527559054
0
LINE
8
BLACK
6
CONTINUOUS
10
5.1954711023622044
20
-2.6028479527559054
11
5.2025421653543305
21
-2.5957768897637794
0
LINE
8
BLACK
6
CONTINUOUS
10
5.2025421653543305
20
-2.5957768897637794
11
5.2251696062992128
21
-2.6184043307086613
0
LINE
8
BLACK
6
CONTINUOUS
10
5.4029540944881891
20
-2.6028479527559054
11
5.3803266535433067
21
-2.6254753937007873
0
LINE
8
BLACK
6
CONTINUOUS
10
5.3803266535433067
20
-2.6254753937007873
11
5.3732555905511807
21
-2.6184043307086613
0
LINE
8
BLACK
6
CONTINUOUS
10
5.3732555905511807
20
-2.6184043307086613
11
5.3958830314960631
21
-2.5957768897637794
0
LINE
8
BLACK
6
CONTINUOUS
10
5.3958830314960631
20
-2.5957768897637794
11
5.4029540944881891
21
-2.6028479527559054
0
LINE
8
BLACK
6
CONTINUOUS
10
4.9978610236220469
20
-2.5568515748031495
11
5.0010541732283462
21
-2.5589851574803149
0
LINE
8
BLACK
6
CONTINUOUS
10
5.0010541732283462
20
-2.5589851574803149
11
5.003187755905512
21
-2.5621783070866142
0
LINE
8
BLACK
6
CONTINUOUS
10
5.003187755905512
20
-2.5621783070866142
11
5.003936968503937
21
-2.5659448818897639
0
LINE
8
BLACK
6
CONTINUOUS
10
5.003936968503937
20
-2.5659448818897639
11
5.003936968503937
21
-2.6151574803149606
0
LINE
8
BLACK
6
CONTINUOUS
10
5.003936968503937
20
-2.6151574803149606
11
5.003187755905512
21
-2.6189240551181103
0
LINE
8
BLACK
6
CONTINUOUS
10
5.003187755905512
20
-2.6189240551181103
11
5.0010541732283462
21
-2.6221172047244092
0
LINE
8
BLACK
6
CONTINUOUS
10
5.0010541732283462
20
-2.6221172047244092
11
4.9978610236220469
21
-2.6242507874015746
0
LINE
8
BLACK
6
CONTINUOUS
10
4.9978610236220469
20
-2.6242507874015746
11
4.9940944488188972
21
-2.625
0
LINE
8
BLACK
6
CONTINUOUS
10
4.9940944488188972
20
-2.625
11
4.9625983858267713
21
-2.625
0
LINE
8
BLACK
6
CONTINUOUS
10
4.9625983858267713
20
-2.625
11
4.9588318110236216
21
-2.6242507874015746
0
LINE
8
BLACK
6
CONTINUOUS
10
4.9588318110236216
20
-2.6242507874015746
11
4.9556386614173231
21
-2.6221172047244092
0
LINE
8
BLACK
6
CONTINUOUS
10
4.9556386614173231
20
-2.6221172047244092
11
4.9535050787401573
21
-2.6189240551181103
0
LINE
8
BLACK
6
CONTINUOUS
10
4.9535050787401573
20
-2.6189240551181103
11
4.9527558661417324
21
-2.6151574803149606
0
LINE
8
BLACK
6
CONTINUOUS
10
4.9527558661417324
20
-2.6151574803149606
11
4.9527558661417324
21
-2.5659448818897639
0
LINE
8
BLACK
6
CONTINUOUS
10
4.9527558661417324
20
-2.5659448818897639
11
4.9535050787401573
21
-2.5621783070866142
0
LINE
8
BLACK
6
CONTINUOUS
10
4.9535050787401573
20
-2.5621783070866142
11
4.9556386614173231
21
-2.5589851574803149
0
LINE
8
BLACK
6
CONTINUOUS
10
4.9556386614173231
20
-2.5589851574803149
11
4.9588318110236216
21
-2.5568515748031495
0
LINE
8
BLACK
6
CONTINUOUS
10
4.9588318110236216
20
-2.5568515748031495
11
4.9625983858267713
21
-2.5561023622047245
0
LINE
8
BLACK
6
CONTINUOUS
10
4.9625983858267713
20
-2.5561023622047245
11
4.9940944488188972
21
-2.5561023622047245
0
LINE
8
BLACK
6
CONTINUOUS
10
4.9940944488188972
20
-2.5561023622047245
11
4.9978610236220469
21
-2.5568515748031495
0
LINE
8
BLACK
6
CONTINUOUS
10
5.1199083464566932
20
-2.5568515748031495
11
5.1231014960629917
21
-2.5589851574803149
0
LINE
8
BLACK
6
CONTINUOUS
10
5.1231014960629917
20
-2.5589851574803149
11
5.1252350787401575
21
-2.5621783070866142
0
LINE
8
BLACK
6
CONTINUOUS
10
5.1252350787401575
20
-2.5621783070866142
11
5.1259842913385825
21
-2.5659448818897639
0
LINE
8
BLACK
6
CONTINUOUS
10
5.1259842913385825
20
-2.5659448818897639
11
5.1259842913385825
21
-2.6151574803149606
0
LINE
8
BLACK
6
CONTINUOUS
10
5.1259842913385825
20
-2.6151574803149606
11
5.1252350787401575
21
-2.6189240551181103
0
LINE
8
BLACK
6
CONTINUOUS
10
5.1252350787401575
20
-2.6189240551181103
11
5.1231014960629917
21
-2.6221172047244092
0
LINE
8
BLACK
6
CONTINUOUS
10
5.1231014960629917
20
-2.6221172047244092
11
5.1199083464566932
21
-2.6242507874015746
0
LINE
8
BLACK
6
CONTINUOUS
10
5.1199083464566932
20
-2.6242507874015746
11
5.1161417716535436
21
-2.625
0
LINE
8
BLACK
6
CONTINUOUS
10
5.1161417716535436
20
-2.625
11
5.0846457086614176
21
-2.625
0
LINE
8
BLACK
6
CONTINUOUS
10
5.0846457086614176
20
-2.625
11
5.0808791338582679
21
-2.6242507874015746
0
LINE
8
BLACK
6
CONTINUOUS
10
5.0808791338582679
20
-2.6242507874015746
11
5.0776859842519686
21
-2.6221172047244092
0
LINE
8
BLACK
6
CONTINUOUS
10
5.0776859842519686
20
-2.6221172047244092
11
5.0755524015748028
21
-2.6189240551181103
0
LINE
8
BLACK
6
CONTINUOUS
10
5.0755524015748028
20
-2.6189240551181103
11
5.0748031889763778
21
-2.6151574803149606
0
LINE
8
BLACK
6
CONTINUOUS
10
5.0748031889763778
20
-2.6151574803149606
11
5.0748031889763778
21
-2.5659448818897639
0
LINE
8
BLACK
6
CONTINUOUS
10
5.0748031889763778
20
-2.5659448818897639
11
5.0755524015748028
21
-2.5621783070866142
0
LINE
8
BLACK
6
CONTINUOUS
10
5.0755524015748028
20
-2.5621783070866142
11
5.0776859842519686
21
-2.5589851574803149
0
LINE
8
BLACK
6
CONTINUOUS
10
5.0776859842519686
20
-2.5589851574803149
11
5.0808791338582679
21
-2.5568515748031495
0
LINE
8
BLACK
6
CONTINUOUS
10
5.0808791338582679
20
-2.5568515748031495
11
5.0846457086614176
21
-2.5561023622047245
0
LINE
8
BLACK
6
CONTINUOUS
10
5.0846457086614176
20
-2.5561023622047245
11
5.1161417716535436
21
-2.5561023622047245
0
LINE
8
BLACK
6
CONTINUOUS
10
5.1161417716535436
20
-2.5561023622047245
11
5.1199083464566932
21
-2.5568515748031495
0
LINE
8
BLACK
6
CONTINUOUS
10
5.2390890157480312
20
-2.6044849606299212
11
5.2320179527559052
21
-2.6115560236220472
0
LINE
8
BLACK
6
CONTINUOUS
10
5.2320179527559052
20
-2.6115560236220472
11
5.2093905118110237
21
-2.5889285826771653
0
LINE
8
BLACK
6
CONTINUOUS
10
5.2093905118110237
20
-2.5889285826771653
11
5.2164615748031498
21
-2.5818575196850393
0
LINE
8
BLACK
6
CONTINUOUS
10
5.2164615748031498
20
-2.5818575196850393
11
5.2390890157480312
21
-2.6044849606299212
0
LINE
8
BLACK
6
CONTINUOUS
10
5.3890346850393698
20
-2.5889285826771653
11
5.3664072440944883
21
-2.6115560236220472
0
LINE
8
BLACK
6
CONTINUOUS
10
5.3664072440944883
20
-2.6115560236220472
11
5.3593361811023623
21
-2.6044849606299212
0
LINE
8
BLACK
6
CONTINUOUS
10
5.3593361811023623
20
-2.6044849606299212
11
5.3819636220472438
21
-2.5818575196850393
0
LINE
8
BLACK
6
CONTINUOUS
10
5.3819636220472438
20
-2.5818575196850393
11
5.3890346850393698
21
-2.5889285826771653
0
LINE
8
BLACK
6
CONTINUOUS
10
5.2530084645669293
20
-2.5905655118110236
11
5.2459374015748033
21
-2.5976365748031496
0
LINE
8
BLACK
6
CONTINUOUS
10
5.2459374015748033
20
-2.5976365748031496
11
5.2233099606299209
21
-2.5750091338582677
0
LINE
8
BLACK
6
CONTINUOUS
10
5.2233099606299209
20
-2.5750091338582677
11
5.2303810236220469
21
-2.5679380708661417
0
LINE
8
BLACK
6
CONTINUOUS
10
5.2303810236220469
20
-2.5679380708661417
11
5.2530084645669293
21
-2.5905655118110236
0
LINE
8
BLACK
6
CONTINUOUS
10
5.3751152362204726
20
-2.5750091338582677
11
5.3524877952755903
21
-2.5976365748031496
0
LINE
8
BLACK
6
CONTINUOUS
10
5.3524877952755903
20
-2.5976365748031496
11
5.3454167322834643
21
-2.5905655118110236
0
LINE
8
BLACK
6
CONTINUOUS
10
5.3454167322834643
20
-2.5905655118110236
11
5.3680441732283466
21
-2.5679380708661417
0
LINE
8
BLACK
6
CONTINUOUS
10
5.3680441732283466
20
-2.5679380708661417
11
5.3751152362204726
21
-2.5750091338582677
0
LINE
8
BLACK
6
CONTINUOUS
10
4.3797508267716534
20
-2.5386429133858268
11
4.3829439763779527
21
-2.5407764960629922
0
LINE
8
BLACK
6
CONTINUOUS
10
4.3829439763779527
20
-2.5407764960629922
11
4.3850775590551176
21
-2.5439696456692911
0
LINE
8
BLACK
6
CONTINUOUS
10
4.3850775590551176
20
-2.5439696456692911
11
4.3858267716535435
21
-2.5477362204724407
0
LINE
8
BLACK
6
CONTINUOUS
10
4.3858267716535435
20
-2.5477362204724407
11
4.3858267716535435
21
-2.5802165354330708
0
LINE
8
BLACK
6
CONTINUOUS
10
4.3858267716535435
20
-2.5802165354330708
11
4.3850775590551176
21
-2.5839831102362205
0
LINE
8
BLACK
6
CONTINUOUS
10
4.3850775590551176
20
-2.5839831102362205
11
4.3829439763779527
21
-2.5871762598425194
0
LINE
8
BLACK
6
CONTINUOUS
10
4.3829439763779527
20
-2.5871762598425194
11
4.3797508267716534
21
-2.5893098425196848
0
LINE
8
BLACK
6
CONTINUOUS
10
4.3797508267716534
20
-2.5893098425196848
11
4.3759842519685037
21
-2.5900590551181102
0
LINE
8
BLACK
6
CONTINUOUS
10
4.3759842519685037
20
-2.5900590551181102
11
4.3248031496062991
21
-2.5900590551181102
0
LINE
8
BLACK
6
CONTINUOUS
10
4.3248031496062991
20
-2.5900590551181102
11
4.3210365748031494
21
-2.5893098425196848
0
LINE
8
BLACK
6
CONTINUOUS
10
4.3210365748031494
20
-2.5893098425196848
11
4.31784342519685
21
-2.5871762598425194
0
LINE
8
BLACK
6
CONTINUOUS
10
4.31784342519685
20
-2.5871762598425194
11
4.3157098425196851
21
-2.5839831102362205
0
LINE
8
BLACK
6
CONTINUOUS
10
4.3157098425196851
20
-2.5839831102362205
11
4.3149606299212602
21
-2.5802165354330708
0
LINE
8
BLACK
6
CONTINUOUS
10
4.3149606299212602
20
-2.5802165354330708
11
4.3149606299212602
21
-2.5477362204724407
0
LINE
8
BLACK
6
CONTINUOUS
10
4.3149606299212602
20
-2.5477362204724407
11
4.3157098425196851
21
-2.5439696456692911
0
LINE
8
BLACK
6
CONTINUOUS
10
4.3157098425196851
20
-2.5439696456692911
11
4.31784342519685
21
-2.5407764960629922
0
LINE
8
BLACK
6
CONTINUOUS
10
4.31784342519685
20
-2.5407764960629922
11
4.3210365748031494
21
-2.5386429133858268
0
LINE
8
BLACK
6
CONTINUOUS
10
4.3210365748031494
20
-2.5386429133858268
11
4.3248031496062991
21
-2.5378937007874014
0
LINE
8
BLACK
6
CONTINUOUS
10
4.3248031496062991
20
-2.5378937007874014
11
4.3759842519685037
21
-2.5378937007874014
0
LINE
8
BLACK
6
CONTINUOUS
10
4.3759842519685037
20
-2.5378937007874014
11
4.3797508267716534
21
-2.5386429133858268
0
LINE
8
BLACK
6
CONTINUOUS
10
5.2669279133858264
20
-2.576646062992126
11
5.2598568503937004
21
-2.583717125984252
0
LINE
8
BLACK
6
CONTINUOUS
10
5.2598568503937004
20
-2.583717125984252
11
5.237229409448819
21
-2.5610896850393701
0
LINE
8
BLACK
6
CONTINUOUS
10
5.237229409448819
20
-2.5610896850393701
11
5.244300472440945
21
-2.5540186220472441
0
LINE
8
BLACK
6
CONTINUOUS
10
5.244300472440945
20
-2.5540186220472441
11
5.2669279133858264
21
-2.576646062992126
0
LINE
8
BLACK
6
CONTINUOUS
10
5.3611957874015745
20
-2.5610896850393701
11
5.3385683464566931
21
-2.583717125984252
0
LINE
8
BLACK
6
CONTINUOUS
10
5.3385683464566931
20
-2.583717125984252
11
5.3314972834645671
21
-2.576646062992126
0
LINE
8
BLACK
6
CONTINUOUS
10
5.3314972834645671
20
-2.576646062992126
11
5.3541247244094485
21
-2.5540186220472441
0
LINE
8
BLACK
6
CONTINUOUS
10
5.3541247244094485
20
-2.5540186220472441
11
5.3611957874015745
21
-2.5610896850393701
0
LINE
8
BLACK
6
CONTINUOUS
10
5.2808473622047245
20
-2.5627266141732283
11
5.2737762992125985
21
-2.5697976771653543
0
LINE
8
BLACK
6
CONTINUOUS
10
5.2737762992125985
20
-2.5697976771653543
11
5.2511488582677162
21
-2.5471702362204725
0
LINE
8
BLACK
6
CONTINUOUS
10
5.2511488582677162
20
-2.5471702362204725
11
5.2582199212598422
21
-2.5400991732283464
0
LINE
8
BLACK
6
CONTINUOUS
10
5.2582199212598422
20
-2.5400991732283464
11
5.2808473622047245
21
-2.5627266141732283
0
LINE
8
BLACK
6
CONTINUOUS
10
5.3472763385826774
20
-2.5471702362204725
11
5.324648897637795
21
-2.5697976771653543
0
LINE
8
BLACK
6
CONTINUOUS
10
5.324648897637795
20
-2.5697976771653543
11
5.317577834645669
21
-2.5627266141732283
0
LINE
8
BLACK
6
CONTINUOUS
10
5.317577834645669
20
-2.5627266141732283
11
5.3402052755905514
21
-2.5400991732283464
0
LINE
8
BLACK
6
CONTINUOUS
10
5.3402052755905514
20
-2.5400991732283464
11
5.3472763385826774
21
-2.5471702362204725
0
LINE
8
BLACK
6
CONTINUOUS
10
5.2947667322834642
20
-2.5488072047244095
11
5.2876956692913382
21
-2.5558782677165355
0
LINE
8
BLACK
6
CONTINUOUS
10
5.2876956692913382
20
-2.5558782677165355
11
5.2650682283464567
21
-2.5332508267716536
0
LINE
8
BLACK
6
CONTINUOUS
10
5.2650682283464567
20
-2.5332508267716536
11
5.2721392913385827
21
-2.5261797637795276
0
LINE
8
BLACK
6
CONTINUOUS
10
5.2721392913385827
20
-2.5261797637795276
11
5.2947667322834642
21
-2.5488072047244095
0
LINE
8
BLACK
6
CONTINUOUS
10
5.3333569685039368
20
-2.5332508267716536
11
5.3107295275590554
21
-2.5558782677165355
0
LINE
8
BLACK
6
CONTINUOUS
10
5.3107295275590554
20
-2.5558782677165355
11
5.3036584645669294
21
-2.5488072047244095
0
LINE
8
BLACK
6
CONTINUOUS
10
5.3036584645669294
20
-2.5488072047244095
11
5.3262859055118108
21
-2.5261797637795276
0
LINE
8
BLACK
6
CONTINUOUS
10
5.3262859055118108
20
-2.5261797637795276
11
5.3333569685039368
21
-2.5332508267716536
0
LINE
8
BLACK
6
CONTINUOUS
10
5.5175461023622043
20
-2.4613791338582676
11
5.5207392519685037
21
-2.4635127165354329
0
LINE
8
BLACK
6
CONTINUOUS
10
5.5207392519685037
20
-2.4635127165354329
11
5.5228728346456695
21
-2.4667058661417323
0
LINE
8
BLACK
6
CONTINUOUS
10
5.5228728346456695
20
-2.4667058661417323
11
5.5236220472440944
21
-2.4704724409448819
0
LINE
8
BLACK
6
CONTINUOUS
10
5.5236220472440944
20
-2.4704724409448819
11
5.5236220472440944
21
-2.5216535433070866
0
LINE
8
BLACK
6
CONTINUOUS
10
5.5236220472440944
20
-2.5216535433070866
11
5.5228728346456695
21
-2.5254201181102363
0
LINE
8
BLACK
6
CONTINUOUS
10
5.5228728346456695
20
-2.5254201181102363
11
5.5207392519685037
21
-2.5286132677165352
0
LINE
8
BLACK
6
CONTINUOUS
10
5.5207392519685037
20
-2.5286132677165352
11
5.5175461023622043
21
-2.5307468503937005
0
LINE
8
BLACK
6
CONTINUOUS
10
5.5175461023622043
20
-2.5307468503937005
11
5.5137795275590546
21
-2.5314960629921259
0
LINE
8
BLACK
6
CONTINUOUS
10
5.5137795275590546
20
-2.5314960629921259
11
5.481299212598425
21
-2.5314960629921259
0
LINE
8
BLACK
6
CONTINUOUS
10
5.481299212598425
20
-2.5314960629921259
11
5.4775326377952753
21
-2.5307468503937005
0
LINE
8
BLACK
6
CONTINUOUS
10
5.4775326377952753
20
-2.5307468503937005
11
5.474339488188976
21
-2.5286132677165352
0
LINE
8
BLACK
6
CONTINUOUS
10
5.474339488188976
20
-2.5286132677165352
11
5.4722059055118111
21
-2.5254201181102363
0
LINE
8
BLACK
6
CONTINUOUS
10
5.4722059055118111
20
-2.5254201181102363
11
5.4714566929133861
21
-2.5216535433070866
0
LINE
8
BLACK
6
CONTINUOUS
10
5.4714566929133861
20
-2.5216535433070866
11
5.4714566929133861
21
-2.4704724409448819
0
LINE
8
BLACK
6
CONTINUOUS
10
5.4714566929133861
20
-2.4704724409448819
11
5.4722059055118111
21
-2.4667058661417323
0
LINE
8
BLACK
6
CONTINUOUS
10
5.4722059055118111
20
-2.4667058661417323
11
5.474339488188976
21
-2.4635127165354329
0
LINE
8
BLACK
6
CONTINUOUS
10
5.474339488188976
20
-2.4635127165354329
11
5.4775326377952753
21
-2.4613791338582676
0
LINE
8
BLACK
6
CONTINUOUS
10
5.4775326377952753
20
-2.4613791338582676
11
5.481299212598425
21
-2.4606299212598426
0
LINE
8
BLACK
6
CONTINUOUS
10
5.481299212598425
20
-2.4606299212598426
11
5.5137795275590546
21
-2.4606299212598426
0
LINE
8
BLACK
6
CONTINUOUS
10
5.5137795275590546
20
-2.4606299212598426
11
5.5175461023622043
21
-2.4613791338582676
0
LINE
8
BLACK
6
CONTINUOUS
10
5.6405775984251969
20
-2.4613791338582676
11
5.6437707480314963
21
-2.4635127165354329
0
LINE
8
BLACK
6
CONTINUOUS
10
5.6437707480314963
20
-2.4635127165354329
11
5.6459043307086612
21
-2.4667058661417323
0
LINE
8
BLACK
6
CONTINUOUS
10
5.6459043307086612
20
-2.4667058661417323
11
5.6466535433070861
21
-2.4704724409448819
0
LINE
8
BLACK
6
CONTINUOUS
10
5.6466535433070861
20
-2.4704724409448819
11
5.6466535433070861
21
-2.5216535433070866
0
LINE
8
BLACK
6
CONTINUOUS
10
5.6466535433070861
20
-2.5216535433070866
11
5.6459043307086612
21
-2.5254201181102363
0
LINE
8
BLACK
6
CONTINUOUS
10
5.6459043307086612
20
-2.5254201181102363
11
5.6437707480314963
21
-2.5286132677165352
0
LINE
8
BLACK
6
CONTINUOUS
10
5.6437707480314963
20
-2.5286132677165352
11
5.6405775984251969
21
-2.5307468503937005
0
LINE
8
BLACK
6
CONTINUOUS
10
5.6405775984251969
20
-2.5307468503937005
11
5.6368110236220472
21
-2.5314960629921259
0
LINE
8
BLACK
6
CONTINUOUS
10
5.6368110236220472
20
-2.5314960629921259
11
5.6043307086614176
21
-2.5314960629921259
0
LINE
8
BLACK
6
CONTINUOUS
10
5.6043307086614176
20
-2.5314960629921259
11
5.6005641338582679
21
-2.5307468503937005
0
LINE
8
BLACK
6
CONTINUOUS
10
5.6005641338582679
20
-2.5307468503937005
11
5.5973709842519686
21
-2.5286132677165352
0
LINE
8
BLACK
6
CONTINUOUS
10
5.5973709842519686
20
-2.5286132677165352
11
5.5952374015748028
21
-2.5254201181102363
0
LINE
8
BLACK
6
CONTINUOUS
10
5.5952374015748028
20
-2.5254201181102363
11
5.5944881889763778
21
-2.5216535433070866
0
LINE
8
BLACK
6
CONTINUOUS
10
5.5944881889763778
20
-2.5216535433070866
11
5.5944881889763778
21
-2.4704724409448819
0
LINE
8
BLACK
6
CONTINUOUS
10
5.5944881889763778
20
-2.4704724409448819
11
5.5952374015748028
21
-2.4667058661417323
0
LINE
8
BLACK
6
CONTINUOUS
10
5.5952374015748028
20
-2.4667058661417323
11
5.5973709842519686
21
-2.4635127165354329
0
LINE
8
BLACK
6
CONTINUOUS
10
5.5973709842519686
20
-2.4635127165354329
11
5.6005641338582679
21
-2.4613791338582676
0
LINE
8
BLACK
6
CONTINUOUS
10
5.6005641338582679
20
-2.4613791338582676
11
5.6043307086614176
21
-2.4606299212598426
0
LINE
8
BLACK
6
CONTINUOUS
10
5.6043307086614176
20
-2.4606299212598426
11
5.6368110236220472
21
-2.4606299212598426
0
LINE
8
BLACK
6
CONTINUOUS
10
5.6368110236220472
20
-2.4606299212598426
11
5.6405775984251969
21
-2.4613791338582676
0
LINE
8
BLACK
6
CONTINUOUS
10
4.5077035826771654
20
-2.4751586614173227
11
4.5108967322834648
21
-2.477292244094488
0
LINE
8
BLACK
6
CONTINUOUS
10
4.5108967322834648
20
-2.477292244094488
11
4.5130303149606297
21
-2.4804853937007874
0
LINE
8
BLACK
6
CONTINUOUS
10
4.5130303149606297
20
-2.4804853937007874
11
4.5137795275590546
21
-2.484251968503937
0
LINE
8
BLACK
6
CONTINUOUS
10
4.5137795275590546
20
-2.484251968503937
11
4.5137795275590546
21
-2.5118110236220472
0
LINE
8
BLACK
6
CONTINUOUS
10
4.5137795275590546
20
-2.5118110236220472
11
4.5130303149606297
21
-2.5155775984251969
0
LINE
8
BLACK
6
CONTINUOUS
10
4.5130303149606297
20
-2.5155775984251969
11
4.5108967322834648
21
-2.5187707480314958
0
LINE
8
BLACK
6
CONTINUOUS
10
4.5108967322834648
20
-2.5187707480314958
11
4.5077035826771654
21
-2.5209043307086612
0
LINE
8
BLACK
6
CONTINUOUS
10
4.5077035826771654
20
-2.5209043307086612
11
4.5039370078740157
21
-2.5216535433070866
0
LINE
8
BLACK
6
CONTINUOUS
10
4.5039370078740157
20
-2.5216535433070866
11
4.4685039370078741
21
-2.5216535433070866
0
LINE
8
BLACK
6
CONTINUOUS
10
4.4685039370078741
20
-2.5216535433070866
11
4.4647373622047244
21
-2.5209043307086612
0
LINE
8
BLACK
6
CONTINUOUS
10
4.4647373622047244
20
-2.5209043307086612
11
4.461544212598425
21
-2.5187707480314958
0
LINE
8
BLACK
6
CONTINUOUS
10
4.461544212598425
20
-2.5187707480314958
11
4.4594106299212601
21
-2.5155775984251969
0
LINE
8
BLACK
6
CONTINUOUS
10
4.4594106299212601
20
-2.5155775984251969
11
4.4586614173228343
21
-2.5118110236220472
0
LINE
8
BLACK
6
CONTINUOUS
10
4.4586614173228343
20
-2.5118110236220472
11
4.4586614173228343
21
-2.484251968503937
0
LINE
8
BLACK
6
CONTINUOUS
10
4.4586614173228343
20
-2.484251968503937
11
4.4594106299212601
21
-2.4804853937007874
0
LINE
8
BLACK
6
CONTINUOUS
10
4.4594106299212601
20
-2.4804853937007874
11
4.461544212598425
21
-2.477292244094488
0
LINE
8
BLACK
6
CONTINUOUS
10
4.461544212598425
20
-2.477292244094488
11
4.4647373622047244
21
-2.4751586614173227
0
LINE
8
BLACK
6
CONTINUOUS
10
4.4647373622047244
20
-2.4751586614173227
11
4.4685039370078741
21
-2.4744094488188977
0
LINE
8
BLACK
6
CONTINUOUS
10
4.4685039370078741
20
-2.4744094488188977
11
4.5039370078740157
21
-2.4744094488188977
0
LINE
8
BLACK
6
CONTINUOUS
10
4.5039370078740157
20
-2.4744094488188977
11
4.5077035826771654
21
-2.4751586614173227
0
LINE
8
BLACK
6
CONTINUOUS
10
4.6395933464566932
20
-2.4653161417322833
11
4.6427864960629917
21
-2.4674497244094487
0
LINE
8
BLACK
6
CONTINUOUS
10
4.6427864960629917
20
-2.4674497244094487
11
4.6449200787401574
21
-2.470642874015748
0
LINE
8
BLACK
6
CONTINUOUS
10
4.6449200787401574
20
-2.470642874015748
11
4.6456692913385824
21
-2.4744094488188977
0
LINE
8
BLACK
6
CONTINUOUS
10
4.6456692913385824
20
-2.4744094488188977
11
4.6456692913385824
21
-2.5068897637795273
0
LINE
8
BLACK
6
CONTINUOUS
10
4.6456692913385824
20
-2.5068897637795273
11
4.6449200787401574
21
-2.510656338582677
0
LINE
8
BLACK
6
CONTINUOUS
10
4.6449200787401574
20
-2.510656338582677
11
4.6427864960629917
21
-2.5138494881889764
0
LINE
8
BLACK
6
CONTINUOUS
10
4.6427864960629917
20
-2.5138494881889764
11
4.6395933464566932
21
-2.5159830708661417
0
LINE
8
BLACK
6
CONTINUOUS
10
4.6395933464566932
20
-2.5159830708661417
11
4.6358267716535435
21
-2.5167322834645667
0
LINE
8
BLACK
6
CONTINUOUS
10
4.6358267716535435
20
-2.5167322834645667
11
4.5846456692913389
21
-2.5167322834645667
0
LINE
8
BLACK
6
CONTINUOUS
10
4.5846456692913389
20
-2.5167322834645667
11
4.5808790944881892
21
-2.5159830708661417
0
LINE
8
BLACK
6
CONTINUOUS
10
4.5808790944881892
20
-2.5159830708661417
11
4.5776859448818898
21
-2.5138494881889764
0
LINE
8
BLACK
6
CONTINUOUS
10
4.5776859448818898
20
-2.5138494881889764
11
4.5755523622047241
21
-2.510656338582677
0
LINE
8
BLACK
6
CONTINUOUS
10
4.5755523622047241
20
-2.510656338582677
11
4.5748031496062991
21
-2.5068897637795273
0
LINE
8
BLACK
6
CONTINUOUS
10
4.5748031496062991
20
-2.5068897637795273
11
4.5748031496062991
21
-2.4744094488188977
0
LINE
8
BLACK
6
CONTINUOUS
10
4.5748031496062991
20
-2.4744094488188977
11
4.5755523622047241
21
-2.470642874015748
0
LINE
8
BLACK
6
CONTINUOUS
10
4.5755523622047241
20
-2.470642874015748
11
4.5776859448818898
21
-2.4674497244094487
0
LINE
8
BLACK
6
CONTINUOUS
10
4.5776859448818898
20
-2.4674497244094487
11
4.5808790944881892
21
-2.4653161417322833
0
LINE
8
BLACK
6
CONTINUOUS
10
4.5808790944881892
20
-2.4653161417322833
11
4.5846456692913389
21
-2.4645669291338583
0
LINE
8
BLACK
6
CONTINUOUS
10
4.5846456692913389
20
-2.4645669291338583
11
4.6358267716535435
21
-2.4645669291338583
0
LINE
8
BLACK
6
CONTINUOUS
10
4.6358267716535435
20
-2.4645669291338583
11
4.6395933464566932
21
-2.4653161417322833
0
LINE
8
BLACK
6
CONTINUOUS
10
4.738018503937008
20
-2.4653161417322833
11
4.7412116535433073
21
-2.4674497244094487
0
LINE
8
BLACK
6
CONTINUOUS
10
4.7412116535433073
20
-2.4674497244094487
11
4.7433452362204722
21
-2.470642874015748
0
LINE
8
BLACK
6
CONTINUOUS
10
4.7433452362204722
20
-2.470642874015748
11
4.7440944488188972
21
-2.4744094488188977
0
LINE
8
BLACK
6
CONTINUOUS
10
4.7440944488188972
20
-2.4744094488188977
11
4.7440944488188972
21
-2.5068897637795273
0
LINE
8
BLACK
6
CONTINUOUS
10
4.7440944488188972
20
-2.5068897637795273
11
4.7433452362204722
21
-2.510656338582677
0
LINE
8
BLACK
6
CONTINUOUS
10
4.7433452362204722
20
-2.510656338582677
11
4.7412116535433073
21
-2.5138494881889764
0
LINE
8
BLACK
6
CONTINUOUS
10
4.7412116535433073
20
-2.5138494881889764
11
4.738018503937008
21
-2.5159830708661417
0
LINE
8
BLACK
6
CONTINUOUS
10
4.738018503937008
20
-2.5159830708661417
11
4.7342519291338583
21
-2.5167322834645667
0
LINE
8
BLACK
6
CONTINUOUS
10
4.7342519291338583
20
-2.5167322834645667
11
4.6830708267716536
21
-2.5167322834645667
0
LINE
8
BLACK
6
CONTINUOUS
10
4.6830708267716536
20
-2.5167322834645667
11
4.679304251968504
21
-2.5159830708661417
0
LINE
8
BLACK
6
CONTINUOUS
10
4.679304251968504
20
-2.5159830708661417
11
4.6761111023622046
21
-2.5138494881889764
0
LINE
8
BLACK
6
CONTINUOUS
10
4.6761111023622046
20
-2.5138494881889764
11
4.6739775196850388
21
-2.510656338582677
0
LINE
8
BLACK
6
CONTINUOUS
10
4.6739775196850388
20
-2.510656338582677
11
4.6732283070866139
21
-2.5068897637795273
0
LINE
8
BLACK
6
CONTINUOUS
10
4.6732283070866139
20
-2.5068897637795273
11
4.6732283070866139
21
-2.4744094488188977
0
LINE
8
BLACK
6
CONTINUOUS
10
4.6732283070866139
20
-2.4744094488188977
11
4.6739775196850388
21
-2.470642874015748
0
LINE
8
BLACK
6
CONTINUOUS
10
4.6739775196850388
20
-2.470642874015748
11
4.6761111023622046
21
-2.4674497244094487
0
LINE
8
BLACK
6
CONTINUOUS
10
4.6761111023622046
20
-2.4674497244094487
11
4.679304251968504
21
-2.4653161417322833
0
LINE
8
BLACK
6
CONTINUOUS
10
4.679304251968504
20
-2.4653161417322833
11
4.6830708267716536
21
-2.4645669291338583
0
LINE
8
BLACK
6
CONTINUOUS
10
4.6830708267716536
20
-2.4645669291338583
11
4.7342519291338583
21
-2.4645669291338583
0
LINE
8
BLACK
6
CONTINUOUS
10
4.7342519291338583
20
-2.4645669291338583
11
4.738018503937008
21
-2.4653161417322833
0
LINE
8
BLACK
6
CONTINUOUS
10
4.840380748031496
20
-2.4653161417322833
11
4.8435738976377953
21
-2.4674497244094487
0
LINE
8
BLACK
6
CONTINUOUS
10
4.8435738976377953
20
-2.4674497244094487
11
4.8457074803149602
21
-2.470642874015748
0
LINE
8
BLACK
6
CONTINUOUS
10
4.8457074803149602
20
-2.470642874015748
11
4.8464566929133861
21
-2.4744094488188977
0
LINE
8
BLACK
6
CONTINUOUS
10
4.8464566929133861
20
-2.4744094488188977
11
4.8464566929133861
21
-2.5068897637795273
0
LINE
8
BLACK
6
CONTINUOUS
10
4.8464566929133861
20
-2.5068897637795273
11
4.8457074803149602
21
-2.510656338582677
0
LINE
8
BLACK
6
CONTINUOUS
10
4.8457074803149602
20
-2.510656338582677
11
4.8435738976377953
21
-2.5138494881889764
0
LINE
8
BLACK
6
CONTINUOUS
10
4.8435738976377953
20
-2.5138494881889764
11
4.840380748031496
21
-2.5159830708661417
0
LINE
8
BLACK
6
CONTINUOUS
10
4.840380748031496
20
-2.5159830708661417
11
4.8366141732283463
21
-2.5167322834645667
0
LINE
8
BLACK
6
CONTINUOUS
10
4.8366141732283463
20
-2.5167322834645667
11
4.7854330708661417
21
-2.5167322834645667
0
LINE
8
BLACK
6
CONTINUOUS
10
4.7854330708661417
20
-2.5167322834645667
11
4.781666496062992
21
-2.5159830708661417
0
LINE
8
BLACK
6
CONTINUOUS
10
4.781666496062992
20
-2.5159830708661417
11
4.7784733464566926
21
-2.5138494881889764
0
LINE
8
BLACK
6
CONTINUOUS
10
4.7784733464566926
20
-2.5138494881889764
11
4.7763397637795277
21
-2.510656338582677
0
LINE
8
BLACK
6
CONTINUOUS
10
4.7763397637795277
20
-2.510656338582677
11
4.7755905511811019
21
-2.5068897637795273
0
LINE
8
BLACK
6
CONTINUOUS
10
4.7755905511811019
20
-2.5068897637795273
11
4.7755905511811019
21
-2.4744094488188977
0
LINE
8
BLACK
6
CONTINUOUS
10
4.7755905511811019
20
-2.4744094488188977
11
4.7763397637795277
21
-2.470642874015748
0
LINE
8
BLACK
6
CONTINUOUS
10
4.7763397637795277
20
-2.470642874015748
11
4.7784733464566926
21
-2.4674497244094487
0
LINE
8
BLACK
6
CONTINUOUS
10
4.7784733464566926
20
-2.4674497244094487
11
4.781666496062992
21
-2.4653161417322833
0
LINE
8
BLACK
6
CONTINUOUS
10
4.781666496062992
20
-2.4653161417322833
11
4.7854330708661417
21
-2.4645669291338583
0
LINE
8
BLACK
6
CONTINUOUS
10
4.7854330708661417
20
-2.4645669291338583
11
4.8366141732283463
21
-2.4645669291338583
0
LINE
8
BLACK
6
CONTINUOUS
10
4.8366141732283463
20
-2.4645669291338583
11
4.840380748031496
21
-2.4653161417322833
0
LINE
8
BLACK
6
CONTINUOUS
10
4.3646103937007874
20
-2.4770522440944882
11
4.3674842125984252
21
-2.4789724803149604
0
LINE
8
BLACK
6
CONTINUOUS
10
4.3674842125984252
20
-2.4789724803149604
11
4.3694044488188979
21
-2.4818462992125983
0
LINE
8
BLACK
6
CONTINUOUS
10
4.3694044488188979
20
-2.4818462992125983
11
4.3700787401574805
21
-2.4852362204724407
0
LINE
8
BLACK
6
CONTINUOUS
10
4.3700787401574805
20
-2.4852362204724407
11
4.3700787401574805
21
-2.5029527559055116
0
LINE
8
BLACK
6
CONTINUOUS
10
4.3700787401574805
20
-2.5029527559055116
11
4.3694044488188979
21
-2.5063426771653541
0
LINE
8
BLACK
6
CONTINUOUS
10
4.3694044488188979
20
-2.5063426771653541
11
4.3674842125984252
21
-2.5092164960629919
0
LINE
8
BLACK
6
CONTINUOUS
10
4.3674842125984252
20
-2.5092164960629919
11
4.3646103937007874
21
-2.5111367322834646
0
LINE
8
BLACK
6
CONTINUOUS
10
4.3646103937007874
20
-2.5111367322834646
11
4.3612204724409445
21
-2.5118110236220472
0
LINE
8
BLACK
6
CONTINUOUS
10
4.3612204724409445
20
-2.5118110236220472
11
4.3316929133858268
21
-2.5118110236220472
0
LINE
8
BLACK
6
CONTINUOUS
10
4.3316929133858268
20
-2.5118110236220472
11
4.3283029921259839
21
-2.5111367322834646
0
LINE
8
BLACK
6
CONTINUOUS
10
4.3283029921259839
20
-2.5111367322834646
11
4.3254291732283461
21
-2.5092164960629919
0
LINE
8
BLACK
6
CONTINUOUS
10
4.3254291732283461
20
-2.5092164960629919
11
4.3235089370078743
21
-2.5063426771653541
0
LINE
8
BLACK
6
CONTINUOUS
10
4.3235089370078743
20
-2.5063426771653541
11
4.3228346456692917
21
-2.5029527559055116
0
LINE
8
BLACK
6
CONTINUOUS
10
4.3228346456692917
20
-2.5029527559055116
11
4.3228346456692917
21
-2.4852362204724407
0
LINE
8
BLACK
6
CONTINUOUS
10
4.3228346456692917
20
-2.4852362204724407
11
4.3235089370078743
21
-2.4818462992125983
0
LINE
8
BLACK
6
CONTINUOUS
10
4.3235089370078743
20
-2.4818462992125983
11
4.3254291732283461
21
-2.4789724803149604
0
LINE
8
BLACK
6
CONTINUOUS
10
4.3254291732283461
20
-2.4789724803149604
11
4.3283029921259839
21
-2.4770522440944882
0
LINE
8
BLACK
6
CONTINUOUS
10
4.3283029921259839
20
-2.4770522440944882
11
4.3316929133858268
21
-2.4763779527559056
0
LINE
8
BLACK
6
CONTINUOUS
10
4.3316929133858268
20
-2.4763779527559056
11
4.3612204724409445
21
-2.4763779527559056
0
LINE
8
BLACK
6
CONTINUOUS
10
4.3612204724409445
20
-2.4763779527559056
11
4.3646103937007874
21
-2.4770522440944882
0
LINE
8
BLACK
6
CONTINUOUS
10
5.1866126771653542
20
-2.4475059842519684
11
5.1894066929133853
21
-2.4493728740157481
0
LINE
8
BLACK
6
CONTINUOUS
10
5.1894066929133853
20
-2.4493728740157481
11
5.191273582677165
21
-2.4521668897637796
0
LINE
8
BLACK
6
CONTINUOUS
10
5.191273582677165
20
-2.4521668897637796
11
5.1919291338582676
21
-2.4554626377952755
0
LINE
8
BLACK
6
CONTINUOUS
10
5.1919291338582676
20
-2.4554626377952755
11
5.1919291338582676
21
-2.4726870472440945
0
LINE
8
BLACK
6
CONTINUOUS
10
5.1919291338582676
20
-2.4726870472440945
11
5.191273582677165
21
-2.4759827952755904
0
LINE
8
BLACK
6
CONTINUOUS
10
5.191273582677165
20
-2.4759827952755904
11
5.1894066929133853
21
-2.4787768110236219
0
LINE
8
BLACK
6
CONTINUOUS
10
5.1894066929133853
20
-2.4787768110236219
11
5.1866126771653542
21
-2.4806437007874016
0
LINE
8
BLACK
6
CONTINUOUS
10
5.1866126771653542
20
-2.4806437007874016
11
5.1833169291338583
21
-2.4812992519685038
0
LINE
8
BLACK
6
CONTINUOUS
10
5.1833169291338583
20
-2.4812992519685038
11
5.1631397637795278
21
-2.4812992519685038
0
LINE
8
BLACK
6
CONTINUOUS
10
5.1631397637795278
20
-2.4812992519685038
11
5.159844015748031
21
-2.4806437007874016
0
LINE
8
BLACK
6
CONTINUOUS
10
5.159844015748031
20
-2.4806437007874016
11
5.1570499999999999
21
-2.4787768110236219
0
LINE
8
BLACK
6
CONTINUOUS
10
5.1570499999999999
20
-2.4787768110236219
11
5.1551831102362202
21
-2.4759827952755904
0
LINE
8
BLACK
6
CONTINUOUS
10
5.1551831102362202
20
-2.4759827952755904
11
5.1545275590551176
21
-2.4726870472440945
0
LINE
8
BLACK
6
CONTINUOUS
10
5.1545275590551176
20
-2.4726870472440945
11
5.1545275590551176
21
-2.4554626377952755
0
LINE
8
BLACK
6
CONTINUOUS
10
5.1545275590551176
20
-2.4554626377952755
11
5.1551831102362202
21
-2.4521668897637796
0
LINE
8
BLACK
6
CONTINUOUS
10
5.1551831102362202
20
-2.4521668897637796
11
5.1570499999999999
21
-2.4493728740157481
0
LINE
8
BLACK
6
CONTINUOUS
10
5.1570499999999999
20
-2.4493728740157481
11
5.159844015748031
21
-2.4475059842519684
0
LINE
8
BLACK
6
CONTINUOUS
10
5.159844015748031
20
-2.4475059842519684
11
5.1631397637795278
21
-2.4468504330708662
0
LINE
8
BLACK
6
CONTINUOUS
10
5.1631397637795278
20
-2.4468504330708662
11
5.1833169291338583
21
-2.4468504330708662
0
LINE
8
BLACK
6
CONTINUOUS
10
5.1833169291338583
20
-2.4468504330708662
11
5.1866126771653542
21
-2.4475059842519684
0
LINE
8
BLACK
6
CONTINUOUS
10
4.9582662204724413
20
-2.4396319685039369
11
4.9610602362204723
21
-2.4414988582677166
0
LINE
8
BLACK
6
CONTINUOUS
10
4.9610602362204723
20
-2.4414988582677166
11
4.962927125984252
21
-2.4442928740157481
0
LINE
8
BLACK
6
CONTINUOUS
10
4.962927125984252
20
-2.4442928740157481
11
4.9635826771653546
21
-2.447588622047244
0
LINE
8
BLACK
6
CONTINUOUS
10
4.9635826771653546
20
-2.447588622047244
11
4.9635826771653546
21
-2.464813031496063
0
LINE
8
BLACK
6
CONTINUOUS
10
4.9635826771653546
20
-2.464813031496063
11
4.962927125984252
21
-2.4681087795275589
0
LINE
8
BLACK
6
CONTINUOUS
10
4.962927125984252
20
-2.4681087795275589
11
4.9610602362204723
21
-2.4709027952755904
0
LINE
8
BLACK
6
CONTINUOUS
10
4.9610602362204723
20
-2.4709027952755904
11
4.9582662204724413
21
-2.4727696850393701
0
LINE
8
BLACK
6
CONTINUOUS
10
4.9582662204724413
20
-2.4727696850393701
11
4.9549704724409445
21
-2.4734252362204723
0
LINE
8
BLACK
6
CONTINUOUS
10
4.9549704724409445
20
-2.4734252362204723
11
4.9347933070866139
21
-2.4734252362204723
0
LINE
8
BLACK
6
CONTINUOUS
10
4.9347933070866139
20
-2.4734252362204723
11
4.931497559055118
21
-2.4727696850393701
0
LINE
8
BLACK
6
CONTINUOUS
10
4.931497559055118
20
-2.4727696850393701
11
4.9287035433070869
21
-2.4709027952755904
0
LINE
8
BLACK
6
CONTINUOUS
10
4.9287035433070869
20
-2.4709027952755904
11
4.9268366535433072
21
-2.4681087795275589
0
LINE
8
BLACK
6
CONTINUOUS
10
4.9268366535433072
20
-2.4681087795275589
11
4.9261811023622046
21
-2.464813031496063
0
LINE
8
BLACK
6
CONTINUOUS
10
4.9261811023622046
20
-2.464813031496063
11
4.9261811023622046
21
-2.447588622047244
0
LINE
8
BLACK
6
CONTINUOUS
10
4.9261811023622046
20
-2.447588622047244
11
4.9268366535433072
21
-2.4442928740157481
0
LINE
8
BLACK
6
CONTINUOUS
10
4.9268366535433072
20
-2.4442928740157481
11
4.9287035433070869
21
-2.4414988582677166
0
LINE
8
BLACK
6
CONTINUOUS
10
4.9287035433070869
20
-2.4414988582677166
11
4.931497559055118
21
-2.4396319685039369
0
LINE
8
BLACK
6
CONTINUOUS
10
4.931497559055118
20
-2.4396319685039369
11
4.9347933070866139
21
-2.4389764173228348
0
LINE
8
BLACK
6
CONTINUOUS
10
4.9347933070866139
20
-2.4389764173228348
11
4.9549704724409445
21
-2.4389764173228348
0
LINE
8
BLACK
6
CONTINUOUS
10
4.9549704724409445
20
-2.4389764173228348
11
4.9582662204724413
21
-2.4396319685039369
0
LINE
8
BLACK
6
CONTINUOUS
10
5.2879239370078741
20
-2.4432130708661415
11
5.2892012204724406
21
-2.4440664960629919
0
LINE
8
BLACK
6
CONTINUOUS
10
5.2892012204724406
20
-2.4440664960629919
11
5.290054645669291
21
-2.4453437795275592
0
LINE
8
BLACK
6
CONTINUOUS
10
5.290054645669291
20
-2.4453437795275592
11
5.2903543307086611
21
-2.4468503937007875
0
LINE
8
BLACK
6
CONTINUOUS
10
5.2903543307086611
20
-2.4468503937007875
11
5.2903543307086611
21
-2.454724409448819
0
LINE
8
BLACK
6
CONTINUOUS
10
5.2903543307086611
20
-2.454724409448819
11
5.290054645669291
21
-2.4562310236220473
0
LINE
8
BLACK
6
CONTINUOUS
10
5.290054645669291
20
-2.4562310236220473
11
5.2892012204724406
21
-2.4575083070866142
0
LINE
8
BLACK
6
CONTINUOUS
10
5.2892012204724406
20
-2.4575083070866142
11
5.2879239370078741
21
-2.4583617322834646
0
LINE
8
BLACK
6
CONTINUOUS
10
5.2879239370078741
20
-2.4583617322834646
11
5.2864173228346454
21
-2.4586614173228347
0
LINE
8
BLACK
6
CONTINUOUS
10
5.2864173228346454
20
-2.4586614173228347
11
5.268700787401575
21
-2.4586614173228347
0
LINE
8
BLACK
6
CONTINUOUS
10
5.268700787401575
20
-2.4586614173228347
11
5.2671941732283463
21
-2.4583617322834646
0
LINE
8
BLACK
6
CONTINUOUS
10
5.2671941732283463
20
-2.4583617322834646
11
5.2659168897637798
21
-2.4575083070866142
0
LINE
8
BLACK
6
CONTINUOUS
10
5.2659168897637798
20
-2.4575083070866142
11
5.2650634645669294
21
-2.4562310236220473
0
LINE
8
BLACK
6
CONTINUOUS
10
5.2650634645669294
20
-2.4562310236220473
11
5.2647637795275593
21
-2.454724409448819
0
LINE
8
BLACK
6
CONTINUOUS
10
5.2647637795275593
20
-2.454724409448819
11
5.2647637795275593
21
-2.4468503937007875
0
LINE
8
BLACK
6
CONTINUOUS
10
5.2647637795275593
20
-2.4468503937007875
11
5.2650634645669294
21
-2.4453437795275592
0
LINE
8
BLACK
6
CONTINUOUS
10
5.2650634645669294
20
-2.4453437795275592
11
5.2659168897637798
21
-2.4440664960629919
0
LINE
8
BLACK
6
CONTINUOUS
10
5.2659168897637798
20
-2.4440664960629919
11
5.2671941732283463
21
-2.4432130708661415
0
LINE
8
BLACK
6
CONTINUOUS
10
5.2671941732283463
20
-2.4432130708661415
11
5.268700787401575
21
-2.4429133858267718
0
LINE
8
BLACK
6
CONTINUOUS
10
5.268700787401575
20
-2.4429133858267718
11
5.2864173228346454
21
-2.4429133858267718
0
LINE
8
BLACK
6
CONTINUOUS
10
5.2864173228346454
20
-2.4429133858267718
11
5.2879239370078741
21
-2.4432130708661415
0
LINE
8
BLACK
6
CONTINUOUS
10
5.3627270866141732
20
-2.4432130708661415
11
5.3640043700787396
21
-2.4440664960629919
0
LINE
8
BLACK
6
CONTINUOUS
10
5.3640043700787396
20
-2.4440664960629919
11
5.36485779527559
21
-2.4453437795275592
0
LINE
8
BLACK
6
CONTINUOUS
10
5.36485779527559
20
-2.4453437795275592
11
5.3651574803149602
21
-2.4468503937007875
0
LINE
8
BLACK
6
CONTINUOUS
10
5.3651574803149602
20
-2.4468503937007875
11
5.3651574803149602
21
-2.454724409448819
0
LINE
8
BLACK
6
CONTINUOUS
10
5.3651574803149602
20
-2.454724409448819
11
5.36485779527559
21
-2.4562310236220473
0
LINE
8
BLACK
6
CONTINUOUS
10
5.36485779527559
20
-2.4562310236220473
11
5.3640043700787396
21
-2.4575083070866142
0
LINE
8
BLACK
6
CONTINUOUS
10
5.3640043700787396
20
-2.4575083070866142
11
5.3627270866141732
21
-2.4583617322834646
0
LINE
8
BLACK
6
CONTINUOUS
10
5.3627270866141732
20
-2.4583617322834646
11
5.3612204724409445
21
-2.4586614173228347
0
LINE
8
BLACK
6
CONTINUOUS
10
5.3612204724409445
20
-2.4586614173228347
11
5.3435039370078741
21
-2.4586614173228347
0
LINE
8
BLACK
6
CONTINUOUS
10
5.3435039370078741
20
-2.4586614173228347
11
5.3419973228346453
21
-2.4583617322834646
0
LINE
8
BLACK
6
CONTINUOUS
10
5.3419973228346453
20
-2.4583617322834646
11
5.3407200393700789
21
-2.4575083070866142
0
LINE
8
BLACK
6
CONTINUOUS
10
5.3407200393700789
20
-2.4575083070866142
11
5.3398666141732285
21
-2.4562310236220473
0
LINE
8
BLACK
6
CONTINUOUS
10
5.3398666141732285
20
-2.4562310236220473
11
5.3395669291338583
21
-2.454724409448819
0
LINE
8
BLACK
6
CONTINUOUS
10
5.3395669291338583
20
-2.454724409448819
11
5.3395669291338583
21
-2.4468503937007875
0
LINE
8
BLACK
6
CONTINUOUS
10
5.3395669291338583
20
-2.4468503937007875
11
5.3398666141732285
21
-2.4453437795275592
0
LINE
8
BLACK
6
CONTINUOUS
10
5.3398666141732285
20
-2.4453437795275592
11
5.3407200393700789
21
-2.4440664960629919
0
LINE
8
BLACK
6
CONTINUOUS
10
5.3407200393700789
20
-2.4440664960629919
11
5.3419973228346453
21
-2.4432130708661415
0
LINE
8
BLACK
6
CONTINUOUS
10
5.3419973228346453
20
-2.4432130708661415
11
5.3435039370078741
21
-2.4429133858267718
0
LINE
8
BLACK
6
CONTINUOUS
10
5.3435039370078741
20
-2.4429133858267718
11
5.3612204724409445
21
-2.4429133858267718
0
LINE
8
BLACK
6
CONTINUOUS
10
5.3612204724409445
20
-2.4429133858267718
11
5.3627270866141732
21
-2.4432130708661415
0
LINE
8
BLACK
6
CONTINUOUS
10
5.0217140551181103
20
-2.4189064566929135
11
5.0242685433070866
21
-2.420613346456693
0
LINE
8
BLACK
6
CONTINUOUS
10
5.0242685433070866
20
-2.420613346456693
11
5.0259754330708661
21
-2.4231678346456693
0
LINE
8
BLACK
6
CONTINUOUS
10
5.0259754330708661
20
-2.4231678346456693
11
5.0265748031496065
21
-2.4261811023622046
0
LINE
8
BLACK
6
CONTINUOUS
10
5.0265748031496065
20
-2.4261811023622046
11
5.0265748031496065
21
-2.4419291338582676
0
LINE
8
BLACK
6
CONTINUOUS
10
5.0265748031496065
20
-2.4419291338582676
11
5.0259754330708661
21
-2.4449424015748029
0
LINE
8
BLACK
6
CONTINUOUS
10
5.0259754330708661
20
-2.4449424015748029
11
5.0242685433070866
21
-2.4474968897637797
0
LINE
8
BLACK
6
CONTINUOUS
10
5.0242685433070866
20
-2.4474968897637797
11
5.0217140551181103
21
-2.4492037795275592
0
LINE
8
BLACK
6
CONTINUOUS
10
5.0217140551181103
20
-2.4492037795275592
11
5.018700787401575
21
-2.4498031496062991
0
LINE
8
BLACK
6
CONTINUOUS
10
5.018700787401575
20
-2.4498031496062991
11
4.997047244094488
21
-2.4498031496062991
0
LINE
8
BLACK
6
CONTINUOUS
10
4.997047244094488
20
-2.4498031496062991
11
4.9940339763779527
21
-2.4492037795275592
0
LINE
8
BLACK
6
CONTINUOUS
10
4.9940339763779527
20
-2.4492037795275592
11
4.9914794881889764
21
-2.4474968897637797
0
LINE
8
BLACK
6
CONTINUOUS
10
4.9914794881889764
20
-2.4474968897637797
11
4.9897725984251968
21
-2.4449424015748029
0
LINE
8
BLACK
6
CONTINUOUS
10
4.9897725984251968
20
-2.4449424015748029
11
4.9891732283464565
21
-2.4419291338582676
0
LINE
8
BLACK
6
CONTINUOUS
10
4.9891732283464565
20
-2.4419291338582676
11
4.9891732283464565
21
-2.4261811023622046
0
LINE
8
BLACK
6
CONTINUOUS
10
4.9891732283464565
20
-2.4261811023622046
11
4.9897725984251968
21
-2.4231678346456693
0
LINE
8
BLACK
6
CONTINUOUS
10
4.9897725984251968
20
-2.4231678346456693
11
4.9914794881889764
21
-2.420613346456693
0
LINE
8
BLACK
6
CONTINUOUS
10
4.9914794881889764
20
-2.420613346456693
11
4.9940339763779527
21
-2.4189064566929135
0
LINE
8
BLACK
6
CONTINUOUS
10
4.9940339763779527
20
-2.4189064566929135
11
4.997047244094488
21
-2.4183070866141732
0
LINE
8
BLACK
6
CONTINUOUS
10
4.997047244094488
20
-2.4183070866141732
11
5.018700787401575
21
-2.4183070866141732
0
LINE
8
BLACK
6
CONTINUOUS
10
5.018700787401575
20
-2.4183070866141732
11
5.0217140551181103
21
-2.4189064566929135
0
LINE
8
BLACK
6
CONTINUOUS
10
5.1240762598425196
20
-2.4189064566929135
11
5.1266307480314959
21
-2.420613346456693
0
LINE
8
BLACK
6
CONTINUOUS
10
5.1266307480314959
20
-2.420613346456693
11
5.1283376377952754
21
-2.4231678346456693
0
LINE
8
BLACK
6
CONTINUOUS
10
5.1283376377952754
20
-2.4231678346456693
11
5.1289370078740157
21
-2.4261811023622046
0
LINE
8
BLACK
6
CONTINUOUS
10
5.1289370078740157
20
-2.4261811023622046
11
5.1289370078740157
21
-2.4419291338582676
0
LINE
8
BLACK
6
CONTINUOUS
10
5.1289370078740157
20
-2.4419291338582676
11
5.1283376377952754
21
-2.4449424015748029
0
LINE
8
BLACK
6
CONTINUOUS
10
5.1283376377952754
20
-2.4449424015748029
11
5.1266307480314959
21
-2.4474968897637797
0
LINE
8
BLACK
6
CONTINUOUS
10
5.1266307480314959
20
-2.4474968897637797
11
5.1240762598425196
21
-2.4492037795275592
0
LINE
8
BLACK
6
CONTINUOUS
10
5.1240762598425196
20
-2.4492037795275592
11
5.1210629921259843
21
-2.4498031496062991
0
LINE
8
BLACK
6
CONTINUOUS
10
5.1210629921259843
20
-2.4498031496062991
11
5.0994094488188972
21
-2.4498031496062991
0
LINE
8
BLACK
6
CONTINUOUS
10
5.0994094488188972
20
-2.4498031496062991
11
5.0963961811023619
21
-2.4492037795275592
0
LINE
8
BLACK
6
CONTINUOUS
10
5.0963961811023619
20
-2.4492037795275592
11
5.0938416929133856
21
-2.4474968897637797
0
LINE
8
BLACK
6
CONTINUOUS
10
5.0938416929133856
20
-2.4474968897637797
11
5.0921348031496061
21
-2.4449424015748029
0
LINE
8
BLACK
6
CONTINUOUS
10
5.0921348031496061
20
-2.4449424015748029
11
5.0915354330708658
21
-2.4419291338582676
0
LINE
8
BLACK
6
CONTINUOUS
10
5.0915354330708658
20
-2.4419291338582676
11
5.0915354330708658
21
-2.4261811023622046
0
LINE
8
BLACK
6
CONTINUOUS
10
5.0915354330708658
20
-2.4261811023622046
11
5.0921348031496061
21
-2.4231678346456693
0
LINE
8
BLACK
6
CONTINUOUS
10
5.0921348031496061
20
-2.4231678346456693
11
5.0938416929133856
21
-2.420613346456693
0
LINE
8
BLACK
6
CONTINUOUS
10
5.0938416929133856
20
-2.420613346456693
11
5.0963961811023619
21
-2.4189064566929135
0
LINE
8
BLACK
6
CONTINUOUS
10
5.0963961811023619
20
-2.4189064566929135
11
5.0994094488188972
21
-2.4183070866141732
0
LINE
8
BLACK
6
CONTINUOUS
10
5.0994094488188972
20
-2.4183070866141732
11
5.1210629921259843
21
-2.4183070866141732
0
LINE
8
BLACK
6
CONTINUOUS
10
5.1210629921259843
20
-2.4183070866141732
11
5.1240762598425196
21
-2.4189064566929135
0
LINE
8
BLACK
6
CONTINUOUS
10
4.5077035826771654
20
-2.3964185039370078
11
4.5108967322834648
21
-2.3985520866141732
0
LINE
8
BLACK
6
CONTINUOUS
10
4.5108967322834648
20
-2.3985520866141732
11
4.5130303149606297
21
-2.4017452362204725
0
LINE
8
BLACK
6
CONTINUOUS
10
4.5130303149606297
20
-2.4017452362204725
11
4.5137795275590546
21
-2.4055118110236218
0
LINE
8
BLACK
6
CONTINUOUS
10
4.5137795275590546
20
-2.4055118110236218
11
4.5137795275590546
21
-2.4330708661417324
0
LINE
8
BLACK
6
CONTINUOUS
10
4.5137795275590546
20
-2.4330708661417324
11
4.5130303149606297
21
-2.4368374409448816
0
LINE
8
BLACK
6
CONTINUOUS
10
4.5130303149606297
20
-2.4368374409448816
11
4.5108967322834648
21
-2.440030590551181
0
LINE
8
BLACK
6
CONTINUOUS
10
4.5108967322834648
20
-2.440030590551181
11
4.5077035826771654
21
-2.4421641732283463
0
LINE
8
BLACK
6
CONTINUOUS
10
4.5077035826771654
20
-2.4421641732283463
11
4.5039370078740157
21
-2.4429133858267718
0
LINE
8
BLACK
6
CONTINUOUS
10
4.5039370078740157
20
-2.4429133858267718
11
4.4685039370078741
21
-2.4429133858267718
0
LINE
8
BLACK
6
CONTINUOUS
10
4.4685039370078741
20
-2.4429133858267718
11
4.4647373622047244
21
-2.4421641732283463
0
LINE
8
BLACK
6
CONTINUOUS
10
4.4647373622047244
20
-2.4421641732283463
11
4.461544212598425
21
-2.440030590551181
0
LINE
8
BLACK
6
CONTINUOUS
10
4.461544212598425
20
-2.440030590551181
11
4.4594106299212601
21
-2.4368374409448816
0
LINE
8
BLACK
6
CONTINUOUS
10
4.4594106299212601
20
-2.4368374409448816
11
4.4586614173228343
21
-2.4330708661417324
0
LINE
8
BLACK
6
CONTINUOUS
10
4.4586614173228343
20
-2.4330708661417324
11
4.4586614173228343
21
-2.4055118110236218
0
LINE
8
BLACK
6
CONTINUOUS
10
4.4586614173228343
20
-2.4055118110236218
11
4.4594106299212601
21
-2.4017452362204725
0
LINE
8
BLACK
6
CONTINUOUS
10
4.4594106299212601
20
-2.4017452362204725
11
4.461544212598425
21
-2.3985520866141732
0
LINE
8
BLACK
6
CONTINUOUS
10
4.461544212598425
20
-2.3985520866141732
11
4.4647373622047244
21
-2.3964185039370078
0
LINE
8
BLACK
6
CONTINUOUS
10
4.4647373622047244
20
-2.3964185039370078
11
4.4685039370078741
21
-2.3956692913385824
0
LINE
8
BLACK
6
CONTINUOUS
10
4.4685039370078741
20
-2.3956692913385824
11
4.5039370078740157
21
-2.3956692913385824
0
LINE
8
BLACK
6
CONTINUOUS
10
4.5039370078740157
20
-2.3956692913385824
11
4.5077035826771654
21
-2.3964185039370078
0
LINE
8
BLACK
6
CONTINUOUS
10
5.3627270472440944
20
-2.4176225196850392
11
5.3640043307086609
21
-2.4184759448818895
0
LINE
8
BLACK
6
CONTINUOUS
10
5.3640043307086609
20
-2.4184759448818895
11
5.3648577559055113
21
-2.4197532283464565
0
LINE
8
BLACK
6
CONTINUOUS
10
5.3648577559055113
20
-2.4197532283464565
11
5.3651574409448815
21
-2.4212598425196852
0
LINE
8
BLACK
6
CONTINUOUS
10
5.3651574409448815
20
-2.4212598425196852
11
5.3651574409448815
21
-2.4291338582677167
0
LINE
8
BLACK
6
CONTINUOUS
10
5.3651574409448815
20
-2.4291338582677167
11
5.3648577559055113
21
-2.4306404724409449
0
LINE
8
BLACK
6
CONTINUOUS
10
5.3648577559055113
20
-2.4306404724409449
11
5.3640043307086609
21
-2.4319177559055118
0
LINE
8
BLACK
6
CONTINUOUS
10
5.3640043307086609
20
-2.4319177559055118
11
5.3627270472440944
21
-2.4327711811023622
0
LINE
8
BLACK
6
CONTINUOUS
10
5.3627270472440944
20
-2.4327711811023622
11
5.3612204330708657
21
-2.4330708661417324
0
LINE
8
BLACK
6
CONTINUOUS
10
5.3612204330708657
20
-2.4330708661417324
11
5.3435038976377953
21
-2.4330708661417324
0
LINE
8
BLACK
6
CONTINUOUS
10
5.3435038976377953
20
-2.4330708661417324
11
5.3419972834645666
21
-2.4327711811023622
0
LINE
8
BLACK
6
CONTINUOUS
10
5.3419972834645666
20
-2.4327711811023622
11
5.3407200000000001
21
-2.4319177559055118
0
LINE
8
BLACK
6
CONTINUOUS
10
5.3407200000000001
20
-2.4319177559055118
11
5.3398665748031497
21
-2.4306404724409449
0
LINE
8
BLACK
6
CONTINUOUS
10
5.3398665748031497
20
-2.4306404724409449
11
5.3395668897637796
21
-2.4291338582677167
0
LINE
8
BLACK
6
CONTINUOUS
10
5.3395668897637796
20
-2.4291338582677167
11
5.3395668897637796
21
-2.4212598425196852
0
LINE
8
BLACK
6
CONTINUOUS
10
5.3395668897637796
20
-2.4212598425196852
11
5.3398665748031497
21
-2.4197532283464565
0
LINE
8
BLACK
6
CONTINUOUS
10
5.3398665748031497
20
-2.4197532283464565
11
5.3407200000000001
21
-2.4184759448818895
0
LINE
8
BLACK
6
CONTINUOUS
10
5.3407200000000001
20
-2.4184759448818895
11
5.3419972834645666
21
-2.4176225196850392
0
LINE
8
BLACK
6
CONTINUOUS
10
5.3419972834645666
20
-2.4176225196850392
11
5.3435038976377953
21
-2.4173228346456694
0
LINE
8
BLACK
6
CONTINUOUS
10
5.3435038976377953
20
-2.4173228346456694
11
5.3612204330708657
21
-2.4173228346456694
0
LINE
8
BLACK
6
CONTINUOUS
10
5.3612204330708657
20
-2.4173228346456694
11
5.3627270472440944
21
-2.4176225196850392
0
LINE
8
BLACK
6
CONTINUOUS
10
5.1866126771653542
20
-2.3854980314960628
11
5.1894066929133853
21
-2.3873649212598425
0
LINE
8
BLACK
6
CONTINUOUS
10
5.1894066929133853
20
-2.3873649212598425
11
5.191273582677165
21
-2.390158937007874
0
LINE
8
BLACK
6
CONTINUOUS
10
5.191273582677165
20
-2.390158937007874
11
5.1919291338582676
21
-2.3934546850393699
0
LINE
8
BLACK
6
CONTINUOUS
10
5.1919291338582676
20
-2.3934546850393699
11
5.1919291338582676
21
-2.4106790944881888
0
LINE
8
BLACK
6
CONTINUOUS
10
5.1919291338582676
20
-2.4106790944881888
11
5.191273582677165
21
-2.4139748425196852
0
LINE
8
BLACK
6
CONTINUOUS
10
5.191273582677165
20
-2.4139748425196852
11
5.1894066929133853
21
-2.4167688582677167
0
LINE
8
BLACK
6
CONTINUOUS
10
5.1894066929133853
20
-2.4167688582677167
11
5.1866126771653542
21
-2.4186357480314959
0
LINE
8
BLACK
6
CONTINUOUS
10
5.1866126771653542
20
-2.4186357480314959
11
5.1833169291338583
21
-2.4192912992125986
0
LINE
8
BLACK
6
CONTINUOUS
10
5.1833169291338583
20
-2.4192912992125986
11
5.1631397637795278
21
-2.4192912992125986
0
LINE
8
BLACK
6
CONTINUOUS
10
5.1631397637795278
20
-2.4192912992125986
11
5.159844015748031
21
-2.4186357480314959
0
LINE
8
BLACK
6
CONTINUOUS
10
5.159844015748031
20
-2.4186357480314959
11
5.1570499999999999
21
-2.4167688582677167
0
LINE
8
BLACK
6
CONTINUOUS
10
5.1570499999999999
20
-2.4167688582677167
11
5.1551831102362202
21
-2.4139748425196852
0
LINE
8
BLACK
6
CONTINUOUS
10
5.1551831102362202
20
-2.4139748425196852
11
5.1545275590551176
21
-2.4106790944881888
0
LINE
8
BLACK
6
CONTINUOUS
10
5.1545275590551176
20
-2.4106790944881888
11
5.1545275590551176
21
-2.3934546850393699
0
LINE
8
BLACK
6
CONTINUOUS
10
5.1545275590551176
20
-2.3934546850393699
11
5.1551831102362202
21
-2.390158937007874
0
LINE
8
BLACK
6
CONTINUOUS
10
5.1551831102362202
20
-2.390158937007874
11
5.1570499999999999
21
-2.3873649212598425
0
LINE
8
BLACK
6
CONTINUOUS
10
5.1570499999999999
20
-2.3873649212598425
11
5.159844015748031
21
-2.3854980314960628
0
LINE
8
BLACK
6
CONTINUOUS
10
5.159844015748031
20
-2.3854980314960628
11
5.1631397637795278
21
-2.3848424803149606
0
LINE
8
BLACK
6
CONTINUOUS
10
5.1631397637795278
20
-2.3848424803149606
11
5.1833169291338583
21
-2.3848424803149606
0
LINE
8
BLACK
6
CONTINUOUS
10
5.1833169291338583
20
-2.3848424803149606
11
5.1866126771653542
21
-2.3854980314960628
0
LINE
8
BLACK
6
CONTINUOUS
10
4.9582662204724413
20
-2.3776240157480313
11
4.9610602362204723
21
-2.379490905511811
0
LINE
8
BLACK
6
CONTINUOUS
10
4.9610602362204723
20
-2.379490905511811
11
4.962927125984252
21
-2.3822849212598425
0
LINE
8
BLACK
6
CONTINUOUS
10
4.962927125984252
20
-2.3822849212598425
11
4.9635826771653546
21
-2.3855806692913384
0
LINE
8
BLACK
6
CONTINUOUS
10
4.9635826771653546
20
-2.3855806692913384
11
4.9635826771653546
21
-2.4028050787401574
0
LINE
8
BLACK
6
CONTINUOUS
10
4.9635826771653546
20
-2.4028050787401574
11
4.962927125984252
21
-2.4061008267716533
0
LINE
8
BLACK
6
CONTINUOUS
10
4.962927125984252
20
-2.4061008267716533
11
4.9610602362204723
21
-2.4088948425196848
0
LINE
8
BLACK
6
CONTINUOUS
10
4.9610602362204723
20
-2.4088948425196848
11
4.9582662204724413
21
-2.4107617322834645
0
LINE
8
BLACK
6
CONTINUOUS
10
4.9582662204724413
20
-2.4107617322834645
11
4.9549704724409445
21
-2.4114172834645671
0
LINE
8
BLACK
6
CONTINUOUS
10
4.9549704724409445
20
-2.4114172834645671
11
4.9347933070866139
21
-2.4114172834645671
0
LINE
8
BLACK
6
CONTINUOUS
10
4.9347933070866139
20
-2.4114172834645671
11
4.931497559055118
21
-2.4107617322834645
0
LINE
8
BLACK
6
CONTINUOUS
10
4.931497559055118
20
-2.4107617322834645
11
4.9287035433070869
21
-2.4088948425196848
0
LINE
8
BLACK
6
CONTINUOUS
10
4.9287035433070869
20
-2.4088948425196848
11
4.9268366535433072
21
-2.4061008267716533
0
LINE
8
BLACK
6
CONTINUOUS
10
4.9268366535433072
20
-2.4061008267716533
11
4.9261811023622046
21
-2.4028050787401574
0
LINE
8
BLACK
6
CONTINUOUS
10
4.9261811023622046
20
-2.4028050787401574
11
4.9261811023622046
21
-2.3855806692913384
0
LINE
8
BLACK
6
CONTINUOUS
10
4.9261811023622046
20
-2.3855806692913384
11
4.9268366535433072
21
-2.3822849212598425
0
LINE
8
BLACK
6
CONTINUOUS
10
4.9268366535433072
20
-2.3822849212598425
11
4.9287035433070869
21
-2.379490905511811
0
LINE
8
BLACK
6
CONTINUOUS
10
4.9287035433070869
20
-2.379490905511811
11
4.931497559055118
21
-2.3776240157480313
0
LINE
8
BLACK
6
CONTINUOUS
10
4.931497559055118
20
-2.3776240157480313
11
4.9347933070866139
21
-2.3769684645669291
0
LINE
8
BLACK
6
CONTINUOUS
10
4.9347933070866139
20
-2.3769684645669291
11
4.9549704724409445
21
-2.3769684645669291
0
LINE
8
BLACK
6
CONTINUOUS
10
4.9549704724409445
20
-2.3769684645669291
11
4.9582662204724413
21
-2.3776240157480313
0
LINE
8
BLACK
6
CONTINUOUS
10
5.2879239370078741
20
-2.3920319685039368
11
5.2892012204724406
21
-2.3928853937007872
0
LINE
8
BLACK
6
CONTINUOUS
10
5.2892012204724406
20
-2.3928853937007872
11
5.290054645669291
21
-2.3941626771653541
0
LINE
8
BLACK
6
CONTINUOUS
10
5.290054645669291
20
-2.3941626771653541
11
5.2903543307086611
21
-2.3956692913385824
0
LINE
8
BLACK
6
CONTINUOUS
10
5.2903543307086611
20
-2.3956692913385824
11
5.2903543307086611
21
-2.4035433070866139
0
LINE
8
BLACK
6
CONTINUOUS
10
5.2903543307086611
20
-2.4035433070866139
11
5.290054645669291
21
-2.4050499212598426
0
LINE
8
BLACK
6
CONTINUOUS
10
5.290054645669291
20
-2.4050499212598426
11
5.2892012204724406
21
-2.4063272047244095
0
LINE
8
BLACK
6
CONTINUOUS
10
5.2892012204724406
20
-2.4063272047244095
11
5.2879239370078741
21
-2.4071806299212599
0
LINE
8
BLACK
6
CONTINUOUS
10
5.2879239370078741
20
-2.4071806299212599
11
5.2864173228346454
21
-2.4074803149606301
0
LINE
8
BLACK
6
CONTINUOUS
10
5.2864173228346454
20
-2.4074803149606301
11
5.268700787401575
21
-2.4074803149606301
0
LINE
8
BLACK
6
CONTINUOUS
10
5.268700787401575
20
-2.4074803149606301
11
5.2671941732283463
21
-2.4071806299212599
0
LINE
8
BLACK
6
CONTINUOUS
10
5.2671941732283463
20
-2.4071806299212599
11
5.2659168897637798
21
-2.4063272047244095
0
LINE
8
BLACK
6
CONTINUOUS
10
5.2659168897637798
20
-2.4063272047244095
11
5.2650634645669294
21
-2.4050499212598426
0
LINE
8
BLACK
6
CONTINUOUS
10
5.2650634645669294
20
-2.4050499212598426
11
5.2647637795275593
21
-2.4035433070866139
0
LINE
8
BLACK
6
CONTINUOUS
10
5.2647637795275593
20
-2.4035433070866139
11
5.2647637795275593
21
-2.3956692913385824
0
LINE
8
BLACK
6
CONTINUOUS
10
5.2647637795275593
20
-2.3956692913385824
11
5.2650634645669294
21
-2.3941626771653541
0
LINE
8
BLACK
6
CONTINUOUS
10
5.2650634645669294
20
-2.3941626771653541
11
5.2659168897637798
21
-2.3928853937007872
0
LINE
8
BLACK
6
CONTINUOUS
10
5.2659168897637798
20
-2.3928853937007872
11
5.2671941732283463
21
-2.3920319685039368
0
LINE
8
BLACK
6
CONTINUOUS
10
5.2671941732283463
20
-2.3920319685039368
11
5.268700787401575
21
-2.3917322834645667
0
LINE
8
BLACK
6
CONTINUOUS
10
5.268700787401575
20
-2.3917322834645667
11
5.2864173228346454
21
-2.3917322834645667
0
LINE
8
BLACK
6
CONTINUOUS
10
5.2864173228346454
20
-2.3917322834645667
11
5.2879239370078741
21
-2.3920319685039368
0
LINE
8
BLACK
6
CONTINUOUS
10
5.3627270866141732
20
-2.3920319685039368
11
5.3640043700787396
21
-2.3928853937007872
0
LINE
8
BLACK
6
CONTINUOUS
10
5.3640043700787396
20
-2.3928853937007872
11
5.36485779527559
21
-2.3941626771653541
0
LINE
8
BLACK
6
CONTINUOUS
10
5.36485779527559
20
-2.3941626771653541
11
5.3651574803149602
21
-2.3956692913385824
0
LINE
8
BLACK
6
CONTINUOUS
10
5.3651574803149602
20
-2.3956692913385824
11
5.3651574803149602
21
-2.4035433070866139
0
LINE
8
BLACK
6
CONTINUOUS
10
5.3651574803149602
20
-2.4035433070866139
11
5.36485779527559
21
-2.4050499212598426
0
LINE
8
BLACK
6
CONTINUOUS
10
5.36485779527559
20
-2.4050499212598426
11
5.3640043700787396
21
-2.4063272047244095
0
LINE
8
BLACK
6
CONTINUOUS
10
5.3640043700787396
20
-2.4063272047244095
11
5.3627270866141732
21
-2.4071806299212599
0
LINE
8
BLACK
6
CONTINUOUS
10
5.3627270866141732
20
-2.4071806299212599
11
5.3612204724409445
21
-2.4074803149606301
0
LINE
8
BLACK
6
CONTINUOUS
10
5.3612204724409445
20
-2.4074803149606301
11
5.3435039370078741
21
-2.4074803149606301
0
LINE
8
BLACK
6
CONTINUOUS
10
5.3435039370078741
20
-2.4074803149606301
11
5.3419973228346453
21
-2.4071806299212599
0
LINE
8
BLACK
6
CONTINUOUS
10
5.3419973228346453
20
-2.4071806299212599
11
5.3407200393700789
21
-2.4063272047244095
0
LINE
8
BLACK
6
CONTINUOUS
10
5.3407200393700789
20
-2.4063272047244095
11
5.3398666141732285
21
-2.4050499212598426
0
LINE
8
BLACK
6
CONTINUOUS
10
5.3398666141732285
20
-2.4050499212598426
11
5.3395669291338583
21
-2.4035433070866139
0
LINE
8
BLACK
6
CONTINUOUS
10
5.3395669291338583
20
-2.4035433070866139
11
5.3395669291338583
21
-2.3956692913385824
0
LINE
8
BLACK
6
CONTINUOUS
10
5.3395669291338583
20
-2.3956692913385824
11
5.3398666141732285
21
-2.3941626771653541
0
LINE
8
BLACK
6
CONTINUOUS
10
5.3398666141732285
20
-2.3941626771653541
11
5.3407200393700789
21
-2.3928853937007872
0
LINE
8
BLACK
6
CONTINUOUS
10
5.3407200393700789
20
-2.3928853937007872
11
5.3419973228346453
21
-2.3920319685039368
0
LINE
8
BLACK
6
CONTINUOUS
10
5.3419973228346453
20
-2.3920319685039368
11
5.3435039370078741
21
-2.3917322834645667
0
LINE
8
BLACK
6
CONTINUOUS
10
5.3435039370078741
20
-2.3917322834645667
11
5.3612204724409445
21
-2.3917322834645667
0
LINE
8
BLACK
6
CONTINUOUS
10
5.3612204724409445
20
-2.3917322834645667
11
5.3627270866141732
21
-2.3920319685039368
0
LINE
8
BLACK
6
CONTINUOUS
10
4.6395933464566932
20
-2.3422846456692912
11
4.6427864960629917
21
-2.3444182283464565
0
LINE
8
BLACK
6
CONTINUOUS
10
4.6427864960629917
20
-2.3444182283464565
11
4.6449200787401574
21
-2.3476113779527559
0
LINE
8
BLACK
6
CONTINUOUS
10
4.6449200787401574
20
-2.3476113779527559
11
4.6456692913385824
21
-2.3513779527559056
0
LINE
8
BLACK
6
CONTINUOUS
10
4.6456692913385824
20
-2.3513779527559056
11
4.6456692913385824
21
-2.3838582677165352
0
LINE
8
BLACK
6
CONTINUOUS
10
4.6456692913385824
20
-2.3838582677165352
11
4.6449200787401574
21
-2.3876248425196849
0
LINE
8
BLACK
6
CONTINUOUS
10
4.6449200787401574
20
-2.3876248425196849
11
4.6427864960629917
21
-2.3908179921259842
0
LINE
8
BLACK
6
CONTINUOUS
10
4.6427864960629917
20
-2.3908179921259842
11
4.6395933464566932
21
-2.3929515748031496
0
LINE
8
BLACK
6
CONTINUOUS
10
4.6395933464566932
20
-2.3929515748031496
11
4.6358267716535435
21
-2.3937007874015745
0
LINE
8
BLACK
6
CONTINUOUS
10
4.6358267716535435
20
-2.3937007874015745
11
4.5846456692913389
21
-2.3937007874015745
0
LINE
8
BLACK
6
CONTINUOUS
10
4.5846456692913389
20
-2.3937007874015745
11
4.5808790944881892
21
-2.3929515748031496
0
LINE
8
BLACK
6
CONTINUOUS
10
4.5808790944881892
20
-2.3929515748031496
11
4.5776859448818898
21
-2.3908179921259842
0
LINE
8
BLACK
6
CONTINUOUS
10
4.5776859448818898
20
-2.3908179921259842
11
4.5755523622047241
21
-2.3876248425196849
0
LINE
8
BLACK
6
CONTINUOUS
10
4.5755523622047241
20
-2.3876248425196849
11
4.5748031496062991
21
-2.3838582677165352
0
LINE
8
BLACK
6
CONTINUOUS
10
4.5748031496062991
20
-2.3838582677165352
11
4.5748031496062991
21
-2.3513779527559056
0
LINE
8
BLACK
6
CONTINUOUS
10
4.5748031496062991
20
-2.3513779527559056
11
4.5755523622047241
21
-2.3476113779527559
0
LINE
8
BLACK
6
CONTINUOUS
10
4.5755523622047241
20
-2.3476113779527559
11
4.5776859448818898
21
-2.3444182283464565
0
LINE
8
BLACK
6
CONTINUOUS
10
4.5776859448818898
20
-2.3444182283464565
11
4.5808790944881892
21
-2.3422846456692912
0
LINE
8
BLACK
6
CONTINUOUS
10
4.5808790944881892
20
-2.3422846456692912
11
4.5846456692913389
21
-2.3415354330708662
0
LINE
8
BLACK
6
CONTINUOUS
10
4.5846456692913389
20
-2.3415354330708662
11
4.6358267716535435
21
-2.3415354330708662
0
LINE
8
BLACK
6
CONTINUOUS
10
4.6358267716535435
20
-2.3415354330708662
11
4.6395933464566932
21
-2.3422846456692912
0
LINE
8
BLACK
6
CONTINUOUS
10
4.738018503937008
20
-2.3422846456692912
11
4.7412116535433073
21
-2.3444182283464565
0
LINE
8
BLACK
6
CONTINUOUS
10
4.7412116535433073
20
-2.3444182283464565
11
4.7433452362204722
21
-2.3476113779527559
0
LINE
8
BLACK
6
CONTINUOUS
10
4.7433452362204722
20
-2.3476113779527559
11
4.7440944488188972
21
-2.3513779527559056
0
LINE
8
BLACK
6
CONTINUOUS
10
4.7440944488188972
20
-2.3513779527559056
11
4.7440944488188972
21
-2.3838582677165352
0
LINE
8
BLACK
6
CONTINUOUS
10
4.7440944488188972
20
-2.3838582677165352
11
4.7433452362204722
21
-2.3876248425196849
0
LINE
8
BLACK
6
CONTINUOUS
10
4.7433452362204722
20
-2.3876248425196849
11
4.7412116535433073
21
-2.3908179921259842
0
LINE
8
BLACK
6
CONTINUOUS
10
4.7412116535433073
20
-2.3908179921259842
11
4.738018503937008
21
-2.3929515748031496
0
LINE
8
BLACK
6
CONTINUOUS
10
4.738018503937008
20
-2.3929515748031496
11
4.7342519291338583
21
-2.3937007874015745
0
LINE
8
BLACK
6
CONTINUOUS
10
4.7342519291338583
20
-2.3937007874015745
11
4.6830708267716536
21
-2.3937007874015745
0
LINE
8
BLACK
6
CONTINUOUS
10
4.6830708267716536
20
-2.3937007874015745
11
4.679304251968504
21
-2.3929515748031496
0
LINE
8
BLACK
6
CONTINUOUS
10
4.679304251968504
20
-2.3929515748031496
11
4.6761111023622046
21
-2.3908179921259842
0
LINE
8
BLACK
6
CONTINUOUS
10
4.6761111023622046
20
-2.3908179921259842
11
4.6739775196850388
21
-2.3876248425196849
0
LINE
8
BLACK
6
CONTINUOUS
10
4.6739775196850388
20
-2.3876248425196849
11
4.6732283070866139
21
-2.3838582677165352
0
LINE
8
BLACK
6
CONTINUOUS
10
4.6732283070866139
20
-2.3838582677165352
11
4.6732283070866139
21
-2.3513779527559056
0
LINE
8
BLACK
6
CONTINUOUS
10
4.6732283070866139
20
-2.3513779527559056
11
4.6739775196850388
21
-2.3476113779527559
0
LINE
8
BLACK
6
CONTINUOUS
10
4.6739775196850388
20
-2.3476113779527559
11
4.6761111023622046
21
-2.3444182283464565
0
LINE
8
BLACK
6
CONTINUOUS
10
4.6761111023622046
20
-2.3444182283464565
11
4.679304251968504
21
-2.3422846456692912
0
LINE
8
BLACK
6
CONTINUOUS
10
4.679304251968504
20
-2.3422846456692912
11
4.6830708267716536
21
-2.3415354330708662
0
LINE
8
BLACK
6
CONTINUOUS
10
4.6830708267716536
20
-2.3415354330708662
11
4.7342519291338583
21
-2.3415354330708662
0
LINE
8
BLACK
6
CONTINUOUS
10
4.7342519291338583
20
-2.3415354330708662
11
4.738018503937008
21
-2.3422846456692912
0
LINE
8
BLACK
6
CONTINUOUS
10
4.840380748031496
20
-2.3422846456692912
11
4.8435738976377953
21
-2.3444182283464565
0
LINE
8
BLACK
6
CONTINUOUS
10
4.8435738976377953
20
-2.3444182283464565
11
4.8457074803149602
21
-2.3476113779527559
0
LINE
8
BLACK
6
CONTINUOUS
10
4.8457074803149602
20
-2.3476113779527559
11
4.8464566929133861
21
-2.3513779527559056
0
LINE
8
BLACK
6
CONTINUOUS
10
4.8464566929133861
20
-2.3513779527559056
11
4.8464566929133861
21
-2.3838582677165352
0
LINE
8
BLACK
6
CONTINUOUS
10
4.8464566929133861
20
-2.3838582677165352
11
4.8457074803149602
21
-2.3876248425196849
0
LINE
8
BLACK
6
CONTINUOUS
10
4.8457074803149602
20
-2.3876248425196849
11
4.8435738976377953
21
-2.3908179921259842
0
LINE
8
BLACK
6
CONTINUOUS
10
4.8435738976377953
20
-2.3908179921259842
11
4.840380748031496
21
-2.3929515748031496
0
LINE
8
BLACK
6
CONTINUOUS
10
4.840380748031496
20
-2.3929515748031496
11
4.8366141732283463
21
-2.3937007874015745
0
LINE
8
BLACK
6
CONTINUOUS
10
4.8366141732283463
20
-2.3937007874015745
11
4.7854330708661417
21
-2.3937007874015745
0
LINE
8
BLACK
6
CONTINUOUS
10
4.7854330708661417
20
-2.3937007874015745
11
4.781666496062992
21
-2.3929515748031496
0
LINE
8
BLACK
6
CONTINUOUS
10
4.781666496062992
20
-2.3929515748031496
11
4.7784733464566926
21
-2.3908179921259842
0
LINE
8
BLACK
6
CONTINUOUS
10
4.7784733464566926
20
-2.3908179921259842
11
4.7763397637795277
21
-2.3876248425196849
0
LINE
8
BLACK
6
CONTINUOUS
10
4.7763397637795277
20
-2.3876248425196849
11
4.7755905511811019
21
-2.3838582677165352
0
LINE
8
BLACK
6
CONTINUOUS
10
4.7755905511811019
20
-2.3838582677165352
11
4.7755905511811019
21
-2.3513779527559056
0
LINE
8
BLACK
6
CONTINUOUS
10
4.7755905511811019
20
-2.3513779527559056
11
4.7763397637795277
21
-2.3476113779527559
0
LINE
8
BLACK
6
CONTINUOUS
10
4.7763397637795277
20
-2.3476113779527559
11
4.7784733464566926
21
-2.3444182283464565
0
LINE
8
BLACK
6
CONTINUOUS
10
4.7784733464566926
20
-2.3444182283464565
11
4.781666496062992
21
-2.3422846456692912
0
LINE
8
BLACK
6
CONTINUOUS
10
4.781666496062992
20
-2.3422846456692912
11
4.7854330708661417
21
-2.3415354330708662
0
LINE
8
BLACK
6
CONTINUOUS
10
4.7854330708661417
20
-2.3415354330708662
11
4.8366141732283463
21
-2.3415354330708662
0
LINE
8
BLACK
6
CONTINUOUS
10
4.8366141732283463
20
-2.3415354330708662
11
4.840380748031496
21
-2.3422846456692912
0
LINE
8
BLACK
6
CONTINUOUS
10
5.5273885826771654
20
-2.3216153543307088
11
5.5305817322834647
21
-2.3237489370078741
0
LINE
8
BLACK
6
CONTINUOUS
10
5.5305817322834647
20
-2.3237489370078741
11
5.5327153149606296
21
-2.326942086614173
0
LINE
8
BLACK
6
CONTINUOUS
10
5.5327153149606296
20
-2.326942086614173
11
5.5334645275590546
21
-2.3307086614173227
0
LINE
8
BLACK
6
CONTINUOUS
10
5.5334645275590546
20
-2.3307086614173227
11
5.5334645275590546
21
-2.3818897637795273
0
LINE
8
BLACK
6
CONTINUOUS
10
5.5334645275590546
20
-2.3818897637795273
11
5.5327153149606296
21
-2.385656338582677
0
LINE
8
BLACK
6
CONTINUOUS
10
5.5327153149606296
20
-2.385656338582677
11
5.5305817322834647
21
-2.3888494881889764
0
LINE
8
BLACK
6
CONTINUOUS
10
5.5305817322834647
20
-2.3888494881889764
11
5.5273885826771654
21
-2.3909830708661417
0
LINE
8
BLACK
6
CONTINUOUS
10
5.5273885826771654
20
-2.3909830708661417
11
5.5236220078740157
21
-2.3917322834645667
0
LINE
8
BLACK
6
CONTINUOUS
10
5.5236220078740157
20
-2.3917322834645667
11
5.4911416929133861
21
-2.3917322834645667
0
LINE
8
BLACK
6
CONTINUOUS
10
5.4911416929133861
20
-2.3917322834645667
11
5.4873751181102364
21
-2.3909830708661417
0
LINE
8
BLACK
6
CONTINUOUS
10
5.4873751181102364
20
-2.3909830708661417
11
5.484181968503937
21
-2.3888494881889764
0
LINE
8
BLACK
6
CONTINUOUS
10
5.484181968503937
20
-2.3888494881889764
11
5.4820483858267712
21
-2.385656338582677
0
LINE
8
BLACK
6
CONTINUOUS
10
5.4820483858267712
20
-2.385656338582677
11
5.4812991732283463
21
-2.3818897637795273
0
LINE
8
BLACK
6
CONTINUOUS
10
5.4812991732283463
20
-2.3818897637795273
11
5.4812991732283463
21
-2.3307086614173227
0
LINE
8
BLACK
6
CONTINUOUS
10
5.4812991732283463
20
-2.3307086614173227
11
5.4820483858267712
21
-2.326942086614173
0
LINE
8
BLACK
6
CONTINUOUS
10
5.4820483858267712
20
-2.326942086614173
11
5.484181968503937
21
-2.3237489370078741
0
LINE
8
BLACK
6
CONTINUOUS
10
5.484181968503937
20
-2.3237489370078741
11
5.4873751181102364
21
-2.3216153543307088
0
LINE
8
BLACK
6
CONTINUOUS
10
5.4873751181102364
20
-2.3216153543307088
11
5.4911416929133861
21
-2.3208661417322833
0
LINE
8
BLACK
6
CONTINUOUS
10
5.4911416929133861
20
-2.3208661417322833
11
5.5236220078740157
21
-2.3208661417322833
0
LINE
8
BLACK
6
CONTINUOUS
10
5.5236220078740157
20
-2.3208661417322833
11
5.5273885826771654
21
-2.3216153543307088
0
LINE
8
BLACK
6
CONTINUOUS
10
5.6504201574803146
20
-2.3216153543307088
11
5.6536133070866139
21
-2.3237489370078741
0
LINE
8
BLACK
6
CONTINUOUS
10
5.6536133070866139
20
-2.3237489370078741
11
5.6557468897637797
21
-2.326942086614173
0
LINE
8
BLACK
6
CONTINUOUS
10
5.6557468897637797
20
-2.326942086614173
11
5.6564961023622047
21
-2.3307086614173227
0
LINE
8
BLACK
6
CONTINUOUS
10
5.6564961023622047
20
-2.3307086614173227
11
5.6564961023622047
21
-2.3818897637795273
0
LINE
8
BLACK
6
CONTINUOUS
10
5.6564961023622047
20
-2.3818897637795273
11
5.6557468897637797
21
-2.385656338582677
0
LINE
8
BLACK
6
CONTINUOUS
10
5.6557468897637797
20
-2.385656338582677
11
5.6536133070866139
21
-2.3888494881889764
0
LINE
8
BLACK
6
CONTINUOUS
10
5.6536133070866139
20
-2.3888494881889764
11
5.6504201574803146
21
-2.3909830708661417
0
LINE
8
BLACK
6
CONTINUOUS
10
5.6504201574803146
20
-2.3909830708661417
11
5.6466535826771649
21
-2.3917322834645667
0
LINE
8
BLACK
6
CONTINUOUS
10
5.6466535826771649
20
-2.3917322834645667
11
5.6141732677165352
21
-2.3917322834645667
0
LINE
8
BLACK
6
CONTINUOUS
10
5.6141732677165352
20
-2.3917322834645667
11
5.6104066929133856
21
-2.3909830708661417
0
LINE
8
BLACK
6
CONTINUOUS
10
5.6104066929133856
20
-2.3909830708661417
11
5.6072135433070862
21
-2.3888494881889764
0
LINE
8
BLACK
6
CONTINUOUS
10
5.6072135433070862
20
-2.3888494881889764
11
5.6050799606299213
21
-2.385656338582677
0
LINE
8
BLACK
6
CONTINUOUS
10
5.6050799606299213
20
-2.385656338582677
11
5.6043307480314963
21
-2.3818897637795273
0
LINE
8
BLACK
6
CONTINUOUS
10
5.6043307480314963
20
-2.3818897637795273
11
5.6043307480314963
21
-2.3307086614173227
0
LINE
8
BLACK
6
CONTINUOUS
10
5.6043307480314963
20
-2.3307086614173227
11
5.6050799606299213
21
-2.326942086614173
0
LINE
8
BLACK
6
CONTINUOUS
10
5.6050799606299213
20
-2.326942086614173
11
5.6072135433070862
21
-2.3237489370078741
0
LINE
8
BLACK
6
CONTINUOUS
10
5.6072135433070862
20
-2.3237489370078741
11
5.6104066929133856
21
-2.3216153543307088
0
LINE
8
BLACK
6
CONTINUOUS
10
5.6104066929133856
20
-2.3216153543307088
11
5.6141732677165352
21
-2.3208661417322833
0
LINE
8
BLACK
6
CONTINUOUS
10
5.6141732677165352
20
-2.3208661417322833
11
5.6466535826771649
21
-2.3208661417322833
0
LINE
8
BLACK
6
CONTINUOUS
10
5.6466535826771649
20
-2.3208661417322833
11
5.6504201574803146
21
-2.3216153543307088
0
LINE
8
BLACK
6
CONTINUOUS
10
5.4545539763779525
20
-2.3353949212598426
11
5.4577471259842518
21
-2.337528503937008
0
LINE
8
BLACK
6
CONTINUOUS
10
5.4577471259842518
20
-2.337528503937008
11
5.4598807086614176
21
-2.3407216535433069
0
LINE
8
BLACK
6
CONTINUOUS
10
5.4598807086614176
20
-2.3407216535433069
11
5.4606299212598426
21
-2.3444882283464565
0
LINE
8
BLACK
6
CONTINUOUS
10
5.4606299212598426
20
-2.3444882283464565
11
5.4606299212598426
21
-2.3769685433070866
0
LINE
8
BLACK
6
CONTINUOUS
10
5.4606299212598426
20
-2.3769685433070866
11
5.4598807086614176
21
-2.3807351181102363
0
LINE
8
BLACK
6
CONTINUOUS
10
5.4598807086614176
20
-2.3807351181102363
11
5.4577471259842518
21
-2.3839282677165352
0
LINE
8
BLACK
6
CONTINUOUS
10
5.4577471259842518
20
-2.3839282677165352
11
5.4545539763779525
21
-2.3860618503937006
0
LINE
8
BLACK
6
CONTINUOUS
10
5.4545539763779525
20
-2.3860618503937006
11
5.4507874015748028
21
-2.386811062992126
0
LINE
8
BLACK
6
CONTINUOUS
10
5.4507874015748028
20
-2.386811062992126
11
5.3996062992125982
21
-2.386811062992126
0
LINE
8
BLACK
6
CONTINUOUS
10
5.3996062992125982
20
-2.386811062992126
11
5.3958397244094485
21
-2.3860618503937006
0
LINE
8
BLACK
6
CONTINUOUS
10
5.3958397244094485
20
-2.3860618503937006
11
5.3926465748031491
21
-2.3839282677165352
0
LINE
8
BLACK
6
CONTINUOUS
10
5.3926465748031491
20
-2.3839282677165352
11
5.3905129921259842
21
-2.3807351181102363
0
LINE
8
BLACK
6
CONTINUOUS
10
5.3905129921259842
20
-2.3807351181102363
11
5.3897637795275593
21
-2.3769685433070866
0
LINE
8
BLACK
6
CONTINUOUS
10
5.3897637795275593
20
-2.3769685433070866
11
5.3897637795275593
21
-2.3444882283464565
0
LINE
8
BLACK
6
CONTINUOUS
10
5.3897637795275593
20
-2.3444882283464565
11
5.3905129921259842
21
-2.3407216535433069
0
LINE
8
BLACK
6
CONTINUOUS
10
5.3905129921259842
20
-2.3407216535433069
11
5.3926465748031491
21
-2.337528503937008
0
LINE
8
BLACK
6
CONTINUOUS
10
5.3926465748031491
20
-2.337528503937008
11
5.3958397244094485
21
-2.3353949212598426
0
LINE
8
BLACK
6
CONTINUOUS
10
5.3958397244094485
20
-2.3353949212598426
11
5.3996062992125982
21
-2.3346457086614172
0
LINE
8
BLACK
6
CONTINUOUS
10
5.3996062992125982
20
-2.3346457086614172
11
5.4507874015748028
21
-2.3346457086614172
0
LINE
8
BLACK
6
CONTINUOUS
10
5.4507874015748028
20
-2.3346457086614172
11
5.4545539763779525
21
-2.3353949212598426
0
LINE
8
BLACK
6
CONTINUOUS
10
5.0217140551181103
20
-2.3539458267716533
11
5.0242685433070866
21
-2.3556527165354328
0
LINE
8
BLACK
6
CONTINUOUS
10
5.0242685433070866
20
-2.3556527165354328
11
5.0259754330708661
21
-2.3582072047244096
0
LINE
8
BLACK
6
CONTINUOUS
10
5.0259754330708661
20
-2.3582072047244096
11
5.0265748031496065
21
-2.3612204724409449
0
LINE
8
BLACK
6
CONTINUOUS
10
5.0265748031496065
20
-2.3612204724409449
11
5.0265748031496065
21
-2.3769685039370079
0
LINE
8
BLACK
6
CONTINUOUS
10
5.0265748031496065
20
-2.3769685039370079
11
5.0259754330708661
21
-2.3799817716535432
0
LINE
8
BLACK
6
CONTINUOUS
10
5.0259754330708661
20
-2.3799817716535432
11
5.0242685433070866
21
-2.3825362598425195
0
LINE
8
BLACK
6
CONTINUOUS
10
5.0242685433070866
20
-2.3825362598425195
11
5.0217140551181103
21
-2.384243149606299
0
LINE
8
BLACK
6
CONTINUOUS
10
5.0217140551181103
20
-2.384243149606299
11
5.018700787401575
21
-2.3848425196850394
0
LINE
8
BLACK
6
CONTINUOUS
10
5.018700787401575
20
-2.3848425196850394
11
4.997047244094488
21
-2.3848425196850394
0
LINE
8
BLACK
6
CONTINUOUS
10
4.997047244094488
20
-2.3848425196850394
11
4.9940339763779527
21
-2.384243149606299
0
LINE
8
BLACK
6
CONTINUOUS
10
4.9940339763779527
20
-2.384243149606299
11
4.9914794881889764
21
-2.3825362598425195
0
LINE
8
BLACK
6
CONTINUOUS
10
4.9914794881889764
20
-2.3825362598425195
11
4.9897725984251968
21
-2.3799817716535432
0
LINE
8
BLACK
6
CONTINUOUS
10
4.9897725984251968
20
-2.3799817716535432
11
4.9891732283464565
21
-2.3769685039370079
0
LINE
8
BLACK
6
CONTINUOUS
10
4.9891732283464565
20
-2.3769685039370079
11
4.9891732283464565
21
-2.3612204724409449
0
LINE
8
BLACK
6
CONTINUOUS
10
4.9891732283464565
20
-2.3612204724409449
11
4.9897725984251968
21
-2.3582072047244096
0
LINE
8
BLACK
6
CONTINUOUS
10
4.9897725984251968
20
-2.3582072047244096
11
4.9914794881889764
21
-2.3556527165354328
0
LINE
8
BLACK
6
CONTINUOUS
10
4.9914794881889764
20
-2.3556527165354328
11
4.9940339763779527
21
-2.3539458267716533
0
LINE
8
BLACK
6
CONTINUOUS
10
4.9940339763779527
20
-2.3539458267716533
11
4.997047244094488
21
-2.3533464566929134
0
LINE
8
BLACK
6
CONTINUOUS
10
4.997047244094488
20
-2.3533464566929134
11
5.018700787401575
21
-2.3533464566929134
0
LINE
8
BLACK
6
CONTINUOUS
10
5.018700787401575
20
-2.3533464566929134
11
5.0217140551181103
21
-2.3539458267716533
0
LINE
8
BLACK
6
CONTINUOUS
10
5.1240762598425196
20
-2.3539458267716533
11
5.1266307480314959
21
-2.3556527165354328
0
LINE
8
BLACK
6
CONTINUOUS
10
5.1266307480314959
20
-2.3556527165354328
11
5.1283376377952754
21
-2.3582072047244096
0
LINE
8
BLACK
6
CONTINUOUS
10
5.1283376377952754
20
-2.3582072047244096
11
5.1289370078740157
21
-2.3612204724409449
0
LINE
8
BLACK
6
CONTINUOUS
10
5.1289370078740157
20
-2.3612204724409449
11
5.1289370078740157
21
-2.3769685039370079
0
LINE
8
BLACK
6
CONTINUOUS
10
5.1289370078740157
20
-2.3769685039370079
11
5.1283376377952754
21
-2.3799817716535432
0
LINE
8
BLACK
6
CONTINUOUS
10
5.1283376377952754
20
-2.3799817716535432
11
5.1266307480314959
21
-2.3825362598425195
0
LINE
8
BLACK
6
CONTINUOUS
10
5.1266307480314959
20
-2.3825362598425195
11
5.1240762598425196
21
-2.384243149606299
0
LINE
8
BLACK
6
CONTINUOUS
10
5.1240762598425196
20
-2.384243149606299
11
5.1210629921259843
21
-2.3848425196850394
0
LINE
8
BLACK
6
CONTINUOUS
10
5.1210629921259843
20
-2.3848425196850394
11
5.0994094488188972
21
-2.3848425196850394
0
LINE
8
BLACK
6
CONTINUOUS
10
5.0994094488188972
20
-2.3848425196850394
11
5.0963961811023619
21
-2.384243149606299
0
LINE
8
BLACK
6
CONTINUOUS
10
5.0963961811023619
20
-2.384243149606299
11
5.0938416929133856
21
-2.3825362598425195
0
LINE
8
BLACK
6
CONTINUOUS
10
5.0938416929133856
20
-2.3825362598425195
11
5.0921348031496061
21
-2.3799817716535432
0
LINE
8
BLACK
6
CONTINUOUS
10
5.0921348031496061
20
-2.3799817716535432
11
5.0915354330708658
21
-2.3769685039370079
0
LINE
8
BLACK
6
CONTINUOUS
10
5.0915354330708658
20
-2.3769685039370079
11
5.0915354330708658
21
-2.3612204724409449
0
LINE
8
BLACK
6
CONTINUOUS
10
5.0915354330708658
20
-2.3612204724409449
11
5.0921348031496061
21
-2.3582072047244096
0
LINE
8
BLACK
6
CONTINUOUS
10
5.0921348031496061
20
-2.3582072047244096
11
5.0938416929133856
21
-2.3556527165354328
0
LINE
8
BLACK
6
CONTINUOUS
10
5.0938416929133856
20
-2.3556527165354328
11
5.0963961811023619
21
-2.3539458267716533
0
LINE
8
BLACK
6
CONTINUOUS
10
5.0963961811023619
20
-2.3539458267716533
11
5.0994094488188972
21
-2.3533464566929134
0
LINE
8
BLACK
6
CONTINUOUS
10
5.0994094488188972
20
-2.3533464566929134
11
5.1210629921259843
21
-2.3533464566929134
0
LINE
8
BLACK
6
CONTINUOUS
10
5.1210629921259843
20
-2.3533464566929134
11
5.1240762598425196
21
-2.3539458267716533
0
LINE
8
BLACK
6
CONTINUOUS
10
4.3646103937007874
20
-2.3471309842519683
11
4.3674842125984252
21
-2.349051220472441
0
LINE
8
BLACK
6
CONTINUOUS
10
4.3674842125984252
20
-2.349051220472441
11
4.3694044488188979
21
-2.3519250393700788
0
LINE
8
BLACK
6
CONTINUOUS
10
4.3694044488188979
20
-2.3519250393700788
11
4.3700787401574805
21
-2.3553149606299213
0
LINE
8
BLACK
6
CONTINUOUS
10
4.3700787401574805
20
-2.3553149606299213
11
4.3700787401574805
21
-2.3730314960629921
0
LINE
8
BLACK
6
CONTINUOUS
10
4.3700787401574805
20
-2.3730314960629921
11
4.3694044488188979
21
-2.3764214173228346
0
LINE
8
BLACK
6
CONTINUOUS
10
4.3694044488188979
20
-2.3764214173228346
11
4.3674842125984252
21
-2.3792952362204725
0
LINE
8
BLACK
6
CONTINUOUS
10
4.3674842125984252
20
-2.3792952362204725
11
4.3646103937007874
21
-2.3812154724409447
0
LINE
8
BLACK
6
CONTINUOUS
10
4.3646103937007874
20
-2.3812154724409447
11
4.3612204724409445
21
-2.3818897637795273
0
LINE
8
BLACK
6
CONTINUOUS
10
4.3612204724409445
20
-2.3818897637795273
11
4.3316929133858268
21
-2.3818897637795273
0
LINE
8
BLACK
6
CONTINUOUS
10
4.3316929133858268
20
-2.3818897637795273
11
4.3283029921259839
21
-2.3812154724409447
0
LINE
8
BLACK
6
CONTINUOUS
10
4.3283029921259839
20
-2.3812154724409447
11
4.3254291732283461
21
-2.3792952362204725
0
LINE
8
BLACK
6
CONTINUOUS
10
4.3254291732283461
20
-2.3792952362204725
11
4.3235089370078743
21
-2.3764214173228346
0
LINE
8
BLACK
6
CONTINUOUS
10
4.3235089370078743
20
-2.3764214173228346
11
4.3228346456692917
21
-2.3730314960629921
0
LINE
8
BLACK
6
CONTINUOUS
10
4.3228346456692917
20
-2.3730314960629921
11
4.3228346456692917
21
-2.3553149606299213
0
LINE
8
BLACK
6
CONTINUOUS
10
4.3228346456692917
20
-2.3553149606299213
11
4.3235089370078743
21
-2.3519250393700788
0
LINE
8
BLACK
6
CONTINUOUS
10
4.3235089370078743
20
-2.3519250393700788
11
4.3254291732283461
21
-2.349051220472441
0
LINE
8
BLACK
6
CONTINUOUS
10
4.3254291732283461
20
-2.349051220472441
11
4.3283029921259839
21
-2.3471309842519683
0
LINE
8
BLACK
6
CONTINUOUS
10
4.3283029921259839
20
-2.3471309842519683
11
4.3316929133858268
21
-2.3464566929133857
0
LINE
8
BLACK
6
CONTINUOUS
10
4.3316929133858268
20
-2.3464566929133857
11
4.3612204724409445
21
-2.3464566929133857
0
LINE
8
BLACK
6
CONTINUOUS
10
4.3612204724409445
20
-2.3464566929133857
11
4.3646103937007874
21
-2.3471309842519683
0
LINE
8
BLACK
6
CONTINUOUS
10
5.3512075196850395
20
-2.3038988582677167
11
5.3544006692913388
21
-2.306032440944882
0
LINE
8
BLACK
6
CONTINUOUS
10
5.3544006692913388
20
-2.306032440944882
11
5.3565342519685037
21
-2.3092255905511809
0
LINE
8
BLACK
6
CONTINUOUS
10
5.3565342519685037
20
-2.3092255905511809
11
5.3572834645669287
21
-2.3129921653543306
0
LINE
8
BLACK
6
CONTINUOUS
10
5.3572834645669287
20
-2.3129921653543306
11
5.3572834645669287
21
-2.3444882283464565
0
LINE
8
BLACK
6
CONTINUOUS
10
5.3572834645669287
20
-2.3444882283464565
11
5.3565342519685037
21
-2.3482548031496062
0
LINE
8
BLACK
6
CONTINUOUS
10
5.3565342519685037
20
-2.3482548031496062
11
5.3544006692913388
21
-2.3514479527559056
0
LINE
8
BLACK
6
CONTINUOUS
10
5.3544006692913388
20
-2.3514479527559056
11
5.3512075196850395
21
-2.3535815354330709
0
LINE
8
BLACK
6
CONTINUOUS
10
5.3512075196850395
20
-2.3535815354330709
11
5.3474409448818898
21
-2.3543307480314959
0
LINE
8
BLACK
6
CONTINUOUS
10
5.3474409448818898
20
-2.3543307480314959
11
5.2982283464566926
21
-2.3543307480314959
0
LINE
8
BLACK
6
CONTINUOUS
10
5.2982283464566926
20
-2.3543307480314959
11
5.2944617716535429
21
-2.3535815354330709
0
LINE
8
BLACK
6
CONTINUOUS
10
5.2944617716535429
20
-2.3535815354330709
11
5.2912686220472436
21
-2.3514479527559056
0
LINE
8
BLACK
6
CONTINUOUS
10
5.2912686220472436
20
-2.3514479527559056
11
5.2891350393700787
21
-2.3482548031496062
0
LINE
8
BLACK
6
CONTINUOUS
10
5.2891350393700787
20
-2.3482548031496062
11
5.2883858267716537
21
-2.3444882283464565
0
LINE
8
BLACK
6
CONTINUOUS
10
5.2883858267716537
20
-2.3444882283464565
11
5.2883858267716537
21
-2.3129921653543306
0
LINE
8
BLACK
6
CONTINUOUS
10
5.2883858267716537
20
-2.3129921653543306
11
5.2891350393700787
21
-2.3092255905511809
0
LINE
8
BLACK
6
CONTINUOUS
10
5.2891350393700787
20
-2.3092255905511809
11
5.2912686220472436
21
-2.306032440944882
0
LINE
8
BLACK
6
CONTINUOUS
10
5.2912686220472436
20
-2.306032440944882
11
5.2944617716535429
21
-2.3038988582677167
0
LINE
8
BLACK
6
CONTINUOUS
10
5.2944617716535429
20
-2.3038988582677167
11
5.2982283464566926
21
-2.3031496456692913
0
LINE
8
BLACK
6
CONTINUOUS
10
5.2982283464566926
20
-2.3031496456692913
11
5.3474409448818898
21
-2.3031496456692913
0
LINE
8
BLACK
6
CONTINUOUS
10
5.3474409448818898
20
-2.3031496456692913
11
5.3512075196850395
21
-2.3038988582677167
0
LINE
8
BLACK
6
CONTINUOUS
10
5.0217140551181103
20
-2.2929222047244093
11
5.0242685433070866
21
-2.2946290944881889
0
LINE
8
BLACK
6
CONTINUOUS
10
5.0242685433070866
20
-2.2946290944881889
11
5.0259754330708661
21
-2.2971835826771652
0
LINE
8
BLACK
6
CONTINUOUS
10
5.0259754330708661
20
-2.2971835826771652
11
5.0265748031496065
21
-2.3001968503937009
0
LINE
8
BLACK
6
CONTINUOUS
10
5.0265748031496065
20
-2.3001968503937009
11
5.0265748031496065
21
-2.3159448818897639
0
LINE
8
BLACK
6
CONTINUOUS
10
5.0265748031496065
20
-2.3159448818897639
11
5.0259754330708661
21
-2.3189581496062992
0
LINE
8
BLACK
6
CONTINUOUS
10
5.0259754330708661
20
-2.3189581496062992
11
5.0242685433070866
21
-2.3215126377952755
0
LINE
8
BLACK
6
CONTINUOUS
10
5.0242685433070866
20
-2.3215126377952755
11
5.0217140551181103
21
-2.323219527559055
0
LINE
8
BLACK
6
CONTINUOUS
10
5.0217140551181103
20
-2.323219527559055
11
5.018700787401575
21
-2.3238188976377954
0
LINE
8
BLACK
6
CONTINUOUS
10
5.018700787401575
20
-2.3238188976377954
11
4.997047244094488
21
-2.3238188976377954
0
LINE
8
BLACK
6
CONTINUOUS
10
4.997047244094488
20
-2.3238188976377954
11
4.9940339763779527
21
-2.323219527559055
0
LINE
8
BLACK
6
CONTINUOUS
10
4.9940339763779527
20
-2.323219527559055
11
4.9914794881889764
21
-2.3215126377952755
0
LINE
8
BLACK
6
CONTINUOUS
10
4.9914794881889764
20
-2.3215126377952755
11
4.9897725984251968
21
-2.3189581496062992
0
LINE
8
BLACK
6
CONTINUOUS
10
4.9897725984251968
20
-2.3189581496062992
11
4.9891732283464565
21
-2.3159448818897639
0
LINE
8
BLACK
6
CONTINUOUS
10
4.9891732283464565
20
-2.3159448818897639
11
4.9891732283464565
21
-2.3001968503937009
0
LINE
8
BLACK
6
CONTINUOUS
10
4.9891732283464565
20
-2.3001968503937009
11
4.9897725984251968
21
-2.2971835826771652
0
LINE
8
BLACK
6
CONTINUOUS
10
4.9897725984251968
20
-2.2971835826771652
11
4.9914794881889764
21
-2.2946290944881889
0
LINE
8
BLACK
6
CONTINUOUS
10
4.9914794881889764
20
-2.2946290944881889
11
4.9940339763779527
21
-2.2929222047244093
0
LINE
8
BLACK
6
CONTINUOUS
10
4.9940339763779527
20
-2.2929222047244093
11
4.997047244094488
21
-2.2923228346456694
0
LINE
8
BLACK
6
CONTINUOUS
10
4.997047244094488
20
-2.2923228346456694
11
5.018700787401575
21
-2.2923228346456694
0
LINE
8
BLACK
6
CONTINUOUS
10
5.018700787401575
20
-2.2923228346456694
11
5.0217140551181103
21
-2.2929222047244093
0
LINE
8
BLACK
6
CONTINUOUS
10
5.1240762598425196
20
-2.2929222047244093
11
5.1266307480314959
21
-2.2946290944881889
0
LINE
8
BLACK
6
CONTINUOUS
10
5.1266307480314959
20
-2.2946290944881889
11
5.1283376377952754
21
-2.2971835826771652
0
LINE
8
BLACK
6
CONTINUOUS
10
5.1283376377952754
20
-2.2971835826771652
11
5.1289370078740157
21
-2.3001968503937009
0
LINE
8
BLACK
6
CONTINUOUS
10
5.1289370078740157
20
-2.3001968503937009
11
5.1289370078740157
21
-2.3159448818897639
0
LINE
8
BLACK
6
CONTINUOUS
10
5.1289370078740157
20
-2.3159448818897639
11
5.1283376377952754
21
-2.3189581496062992
0
LINE
8
BLACK
6
CONTINUOUS
10
5.1283376377952754
20
-2.3189581496062992
11
5.1266307480314959
21
-2.3215126377952755
0
LINE
8
BLACK
6
CONTINUOUS
10
5.1266307480314959
20
-2.3215126377952755
11
5.1240762598425196
21
-2.323219527559055
0
LINE
8
BLACK
6
CONTINUOUS
10
5.1240762598425196
20
-2.323219527559055
11
5.1210629921259843
21
-2.3238188976377954
0
LINE
8
BLACK
6
CONTINUOUS
10
5.1210629921259843
20
-2.3238188976377954
11
5.0994094488188972
21
-2.3238188976377954
0
LINE
8
BLACK
6
CONTINUOUS
10
5.0994094488188972
20
-2.3238188976377954
11
5.0963961811023619
21
-2.323219527559055
0
LINE
8
BLACK
6
CONTINUOUS
10
5.0963961811023619
20
-2.323219527559055
11
5.0938416929133856
21
-2.3215126377952755
0
LINE
8
BLACK
6
CONTINUOUS
10
5.0938416929133856
20
-2.3215126377952755
11
5.0921348031496061
21
-2.3189581496062992
0
LINE
8
BLACK
6
CONTINUOUS
10
5.0921348031496061
20
-2.3189581496062992
11
5.0915354330708658
21
-2.3159448818897639
0
LINE
8
BLACK
6
CONTINUOUS
10
5.0915354330708658
20
-2.3159448818897639
11
5.0915354330708658
21
-2.3001968503937009
0
LINE
8
BLACK
6
CONTINUOUS
10
5.0915354330708658
20
-2.3001968503937009
11
5.0921348031496061
21
-2.2971835826771652
0
LINE
8
BLACK
6
CONTINUOUS
10
5.0921348031496061
20
-2.2971835826771652
11
5.0938416929133856
21
-2.2946290944881889
0
LINE
8
BLACK
6
CONTINUOUS
10
5.0938416929133856
20
-2.2946290944881889
11
5.0963961811023619
21
-2.2929222047244093
0
LINE
8
BLACK
6
CONTINUOUS
10
5.0963961811023619
20
-2.2929222047244093
11
5.0994094488188972
21
-2.2923228346456694
0
LINE
8
BLACK
6
CONTINUOUS
10
5.0994094488188972
20
-2.2923228346456694
11
5.1210629921259843
21
-2.2923228346456694
0
LINE
8
BLACK
6
CONTINUOUS
10
5.1210629921259843
20
-2.2923228346456694
11
5.1240762598425196
21
-2.2929222047244093
0
LINE
8
BLACK
6
CONTINUOUS
10
4.3547678740157476
20
-2.2644538188976377
11
4.3576416929133854
21
-2.26637405511811
0
LINE
8
BLACK
6
CONTINUOUS
10
4.3576416929133854
20
-2.26637405511811
11
4.3595619291338581
21
-2.2692478740157478
0
LINE
8
BLACK
6
CONTINUOUS
10
4.3595619291338581
20
-2.2692478740157478
11
4.3602362204724407
21
-2.2726377952755903
0
LINE
8
BLACK
6
CONTINUOUS
10
4.3602362204724407
20
-2.2726377952755903
11
4.3602362204724407
21
-2.3061023622047245
0
LINE
8
BLACK
6
CONTINUOUS
10
4.3602362204724407
20
-2.3061023622047245
11
4.3595619291338581
21
-2.309492283464567
0
LINE
8
BLACK
6
CONTINUOUS
10
4.3595619291338581
20
-2.309492283464567
11
4.3576416929133854
21
-2.3123661023622049
0
LINE
8
BLACK
6
CONTINUOUS
10
4.3576416929133854
20
-2.3123661023622049
11
4.3547678740157476
21
-2.3142863385826771
0
LINE
8
BLACK
6
CONTINUOUS
10
4.3547678740157476
20
-2.3142863385826771
11
4.3513779527559056
21
-2.3149606299212597
0
LINE
8
BLACK
6
CONTINUOUS
10
4.3513779527559056
20
-2.3149606299212597
11
4.3336614173228343
21
-2.3149606299212597
0
LINE
8
BLACK
6
CONTINUOUS
10
4.3336614173228343
20
-2.3149606299212597
11
4.3302714960629922
21
-2.3142863385826771
0
LINE
8
BLACK
6
CONTINUOUS
10
4.3302714960629922
20
-2.3142863385826771
11
4.3273976771653544
21
-2.3123661023622049
0
LINE
8
BLACK
6
CONTINUOUS
10
4.3273976771653544
20
-2.3123661023622049
11
4.3254774409448817
21
-2.309492283464567
0
LINE
8
BLACK
6
CONTINUOUS
10
4.3254774409448817
20
-2.309492283464567
11
4.3248031496062991
21
-2.3061023622047245
0
LINE
8
BLACK
6
CONTINUOUS
10
4.3248031496062991
20
-2.3061023622047245
11
4.3248031496062991
21
-2.2726377952755903
0
LINE
8
BLACK
6
CONTINUOUS
10
4.3248031496062991
20
-2.2726377952755903
11
4.3254774409448817
21
-2.2692478740157478
0
LINE
8
BLACK
6
CONTINUOUS
10
4.3254774409448817
20
-2.2692478740157478
11
4.3273976771653544
21
-2.26637405511811
0
LINE
8
BLACK
6
CONTINUOUS
10
4.3273976771653544
20
-2.26637405511811
11
4.3302714960629922
21
-2.2644538188976377
0
LINE
8
BLACK
6
CONTINUOUS
10
4.3302714960629922
20
-2.2644538188976377
11
4.3336614173228343
21
-2.2637795275590551
0
LINE
8
BLACK
6
CONTINUOUS
10
4.3336614173228343
20
-2.2637795275590551
11
4.3513779527559056
21
-2.2637795275590551
0
LINE
8
BLACK
6
CONTINUOUS
10
4.3513779527559056
20
-2.2637795275590551
11
4.3547678740157476
21
-2.2644538188976377
0
LINE
8
BLACK
6
CONTINUOUS
10
4.4728781102362207
20
-2.2644538188976377
11
4.4757519291338586
21
-2.26637405511811
0
LINE
8
BLACK
6
CONTINUOUS
10
4.4757519291338586
20
-2.26637405511811
11
4.4776721653543303
21
-2.2692478740157478
0
LINE
8
BLACK
6
CONTINUOUS
10
4.4776721653543303
20
-2.2692478740157478
11
4.478346456692913
21
-2.2726377952755903
0
LINE
8
BLACK
6
CONTINUOUS
10
4.478346456692913
20
-2.2726377952755903
11
4.478346456692913
21
-2.3061023622047245
0
LINE
8
BLACK
6
CONTINUOUS
10
4.478346456692913
20
-2.3061023622047245
11
4.4776721653543303
21
-2.309492283464567
0
LINE
8
BLACK
6
CONTINUOUS
10
4.4776721653543303
20
-2.309492283464567
11
4.4757519291338586
21
-2.3123661023622049
0
LINE
8
BLACK
6
CONTINUOUS
10
4.4757519291338586
20
-2.3123661023622049
11
4.4728781102362207
21
-2.3142863385826771
0
LINE
8
BLACK
6
CONTINUOUS
10
4.4728781102362207
20
-2.3142863385826771
11
4.4694881889763778
21
-2.3149606299212597
0
LINE
8
BLACK
6
CONTINUOUS
10
4.4694881889763778
20
-2.3149606299212597
11
4.4517716535433074
21
-2.3149606299212597
0
LINE
8
BLACK
6
CONTINUOUS
10
4.4517716535433074
20
-2.3149606299212597
11
4.4483817322834645
21
-2.3142863385826771
0
LINE
8
BLACK
6
CONTINUOUS
10
4.4483817322834645
20
-2.3142863385826771
11
4.4455079133858266
21
-2.3123661023622049
0
LINE
8
BLACK
6
CONTINUOUS
10
4.4455079133858266
20
-2.3123661023622049
11
4.443587677165354
21
-2.309492283464567
0
LINE
8
BLACK
6
CONTINUOUS
10
4.443587677165354
20
-2.309492283464567
11
4.4429133858267713
21
-2.3061023622047245
0
LINE
8
BLACK
6
CONTINUOUS
10
4.4429133858267713
20
-2.3061023622047245
11
4.4429133858267713
21
-2.2726377952755903
0
LINE
8
BLACK
6
CONTINUOUS
10
4.4429133858267713
20
-2.2726377952755903
11
4.443587677165354
21
-2.2692478740157478
0
LINE
8
BLACK
6
CONTINUOUS
10
4.443587677165354
20
-2.2692478740157478
11
4.4455079133858266
21
-2.26637405511811
0
LINE
8
BLACK
6
CONTINUOUS
10
4.4455079133858266
20
-2.26637405511811
11
4.4483817322834645
21
-2.2644538188976377
0
LINE
8
BLACK
6
CONTINUOUS
10
4.4483817322834645
20
-2.2644538188976377
11
4.4517716535433074
21
-2.2637795275590551
0
LINE
8
BLACK
6
CONTINUOUS
10
4.4517716535433074
20
-2.2637795275590551
11
4.4694881889763778
21
-2.2637795275590551
0
LINE
8
BLACK
6
CONTINUOUS
10
4.4694881889763778
20
-2.2637795275590551
11
4.4728781102362207
21
-2.2644538188976377
0
LINE
8
BLACK
6
CONTINUOUS
10
4.4356889763779526
20
-2.2568897244094486
11
4.4192913385826769
21
-2.2568897244094486
0
LINE
8
BLACK
6
CONTINUOUS
10
4.4192913385826769
20
-2.2568897244094486
11
4.4192913385826769
21
-2.314960590551181
0
LINE
8
BLACK
6
CONTINUOUS
10
4.4192913385826769
20
-2.314960590551181
11
4.3838582677165352
21
-2.314960590551181
0
LINE
8
BLACK
6
CONTINUOUS
10
4.3838582677165352
20
-2.314960590551181
11
4.3838582677165352
21
-2.2568897244094486
0
LINE
8
BLACK
6
CONTINUOUS
10
4.3838582677165352
20
-2.2568897244094486
11
4.3674606299212595
21
-2.2568897244094486
0
LINE
8
BLACK
6
CONTINUOUS
10
4.3674606299212595
20
-2.2568897244094486
11
4.3674606299212595
21
-2.1338582283464564
0
LINE
8
BLACK
6
CONTINUOUS
10
4.3674606299212595
20
-2.1338582283464564
11
4.4356889763779526
21
-2.1338582283464564
0
LINE
8
BLACK
6
CONTINUOUS
10
4.4356889763779526
20
-2.1338582283464564
11
4.4356889763779526
21
-2.2568897244094486
0
LINE
8
BLACK
6
CONTINUOUS
10
5.5198306692913386
20
-2.2595752362204724
11
5.5207886220472444
21
-2.2602153149606297
0
LINE
8
BLACK
6
CONTINUOUS
10
5.5207886220472444
20
-2.2602153149606297
11
5.5214287007874017
21
-2.2611732677165355
0
LINE
8
BLACK
6
CONTINUOUS
10
5.5214287007874017
20
-2.2611732677165355
11
5.5216534645669286
21
-2.2623032283464566
0
LINE
8
BLACK
6
CONTINUOUS
10
5.5216534645669286
20
-2.2623032283464566
11
5.5216534645669286
21
-2.2908465354330709
0
LINE
8
BLACK
6
CONTINUOUS
10
5.5216534645669286
20
-2.2908465354330709
11
5.5214287007874017
21
-2.291976496062992
0
LINE
8
BLACK
6
CONTINUOUS
10
5.5214287007874017
20
-2.291976496062992
11
5.5207886220472444
21
-2.2929344488188974
0
LINE
8
BLACK
6
CONTINUOUS
10
5.5207886220472444
20
-2.2929344488188974
11
5.5198306692913386
21
-2.2935745275590551
0
LINE
8
BLACK
6
CONTINUOUS
10
5.5198306692913386
20
-2.2935745275590551
11
5.5187007086614175
21
-2.2937992913385825
0
LINE
8
BLACK
6
CONTINUOUS
10
5.5187007086614175
20
-2.2937992913385825
11
5.5127951968503934
21
-2.2937992913385825
0
LINE
8
BLACK
6
CONTINUOUS
10
5.5127951968503934
20
-2.2937992913385825
11
5.5116652362204723
21
-2.2935745275590551
0
LINE
8
BLACK
6
CONTINUOUS
10
5.5116652362204723
20
-2.2935745275590551
11
5.5107072834645665
21
-2.2929344488188974
0
LINE
8
BLACK
6
CONTINUOUS
10
5.5107072834645665
20
-2.2929344488188974
11
5.5100672047244093
21
-2.291976496062992
0
LINE
8
BLACK
6
CONTINUOUS
10
5.5100672047244093
20
-2.291976496062992
11
5.5098424409448814
21
-2.2908465354330709
0
LINE
8
BLACK
6
CONTINUOUS
10
5.5098424409448814
20
-2.2908465354330709
11
5.5098424409448814
21
-2.2623032283464566
0
LINE
8
BLACK
6
CONTINUOUS
10
5.5098424409448814
20
-2.2623032283464566
11
5.5100672047244093
21
-2.2611732677165355
0
LINE
8
BLACK
6
CONTINUOUS
10
5.5100672047244093
20
-2.2611732677165355
11
5.5107072834645665
21
-2.2602153149606297
0
LINE
8
BLACK
6
CONTINUOUS
10
5.5107072834645665
20
-2.2602153149606297
11
5.5116652362204723
21
-2.2595752362204724
0
LINE
8
BLACK
6
CONTINUOUS
10
5.5116652362204723
20
-2.2595752362204724
11
5.5127951968503934
21
-2.259350472440945
0
LINE
8
BLACK
6
CONTINUOUS
10
5.5127951968503934
20
-2.259350472440945
11
5.5187007086614175
21
-2.259350472440945
0
LINE
8
BLACK
6
CONTINUOUS
10
5.5187007086614175
20
-2.259350472440945
11
5.5198306692913386
21
-2.2595752362204724
0
LINE
8
BLACK
6
CONTINUOUS
10
5.6143190157480314
20
-2.2595752362204724
11
5.6152769685039372
21
-2.2602153149606297
0
LINE
8
BLACK
6
CONTINUOUS
10
5.6152769685039372
20
-2.2602153149606297
11
5.6159170472440945
21
-2.2611732677165355
0
LINE
8
BLACK
6
CONTINUOUS
10
5.6159170472440945
20
-2.2611732677165355
11
5.6161418110236223
21
-2.2623032283464566
0
LINE
8
BLACK
6
CONTINUOUS
10
5.6161418110236223
20
-2.2623032283464566
11
5.6161418110236223
21
-2.2908465354330709
0
LINE
8
BLACK
6
CONTINUOUS
10
5.6161418110236223
20
-2.2908465354330709
11
5.6159170472440945
21
-2.291976496062992
0
LINE
8
BLACK
6
CONTINUOUS
10
5.6159170472440945
20
-2.291976496062992
11
5.6152769685039372
21
-2.2929344488188974
0
LINE
8
BLACK
6
CONTINUOUS
10
5.6152769685039372
20
-2.2929344488188974
11
5.6143190157480314
21
-2.2935745275590551
0
LINE
8
BLACK
6
CONTINUOUS
10
5.6143190157480314
20
-2.2935745275590551
11
5.6131890551181103
21
-2.2937992913385825
0
LINE
8
BLACK
6
CONTINUOUS
10
5.6131890551181103
20
-2.2937992913385825
11
5.6072835433070862
21
-2.2937992913385825
0
LINE
8
BLACK
6
CONTINUOUS
10
5.6072835433070862
20
-2.2937992913385825
11
5.6061535826771651
21
-2.2935745275590551
0
LINE
8
BLACK
6
CONTINUOUS
10
5.6061535826771651
20
-2.2935745275590551
11
5.6051956299212593
21
-2.2929344488188974
0
LINE
8
BLACK
6
CONTINUOUS
10
5.6051956299212593
20
-2.2929344488188974
11
5.604555551181102
21
-2.291976496062992
0
LINE
8
BLACK
6
CONTINUOUS
10
5.604555551181102
20
-2.291976496062992
11
5.6043307874015751
21
-2.2908465354330709
0
LINE
8
BLACK
6
CONTINUOUS
10
5.6043307874015751
20
-2.2908465354330709
11
5.6043307874015751
21
-2.2623032283464566
0
LINE
8
BLACK
6
CONTINUOUS
10
5.6043307874015751
20
-2.2623032283464566
11
5.604555551181102
21
-2.2611732677165355
0
LINE
8
BLACK
6
CONTINUOUS
10
5.604555551181102
20
-2.2611732677165355
11
5.6051956299212593
21
-2.2602153149606297
0
LINE
8
BLACK
6
CONTINUOUS
10
5.6051956299212593
20
-2.2602153149606297
11
5.6061535826771651
21
-2.2595752362204724
0
LINE
8
BLACK
6
CONTINUOUS
10
5.6061535826771651
20
-2.2595752362204724
11
5.6072835433070862
21
-2.259350472440945
0
LINE
8
BLACK
6
CONTINUOUS
10
5.6072835433070862
20
-2.259350472440945
11
5.6131890551181103
21
-2.259350472440945
0
LINE
8
BLACK
6
CONTINUOUS
10
5.6131890551181103
20
-2.259350472440945
11
5.6143190157480314
21
-2.2595752362204724
0
LINE
8
BLACK
6
CONTINUOUS
10
5.551326811023622
20
-2.2595751574803149
11
5.5522847637795278
21
-2.2602152362204726
0
LINE
8
BLACK
6
CONTINUOUS
10
5.5522847637795278
20
-2.2602152362204726
11
5.5529248425196851
21
-2.261173188976378
0
LINE
8
BLACK
6
CONTINUOUS
10
5.5529248425196851
20
-2.261173188976378
11
5.5531496062992121
21
-2.2623031496062991
0
LINE
8
BLACK
6
CONTINUOUS
10
5.5531496062992121
20
-2.2623031496062991
11
5.5531496062992121
21
-2.2908464566929134
0
LINE
8
BLACK
6
CONTINUOUS
10
5.5531496062992121
20
-2.2908464566929134
11
5.5529248425196851
21
-2.2919764173228345
0
LINE
8
BLACK
6
CONTINUOUS
10
5.5529248425196851
20
-2.2919764173228345
11
5.5522847637795278
21
-2.2929343700787399
0
LINE
8
BLACK
6
CONTINUOUS
10
5.5522847637795278
20
-2.2929343700787399
11
5.551326811023622
21
-2.2935744488188976
0
LINE
8
BLACK
6
CONTINUOUS
10
5.551326811023622
20
-2.2935744488188976
11
5.5501968503937009
21
-2.293799212598425
0
LINE
8
BLACK
6
CONTINUOUS
10
5.5501968503937009
20
-2.293799212598425
11
5.5442913385826769
21
-2.293799212598425
0
LINE
8
BLACK
6
CONTINUOUS
10
5.5442913385826769
20
-2.293799212598425
11
5.5431613779527558
21
-2.2935744488188976
0
LINE
8
BLACK
6
CONTINUOUS
10
5.5431613779527558
20
-2.2935744488188976
11
5.5422034251968499
21
-2.2929343700787399
0
LINE
8
BLACK
6
CONTINUOUS
10
5.5422034251968499
20
-2.2929343700787399
11
5.5415633464566927
21
-2.2919764173228345
0
LINE
8
BLACK
6
CONTINUOUS
10
5.5415633464566927
20
-2.2919764173228345
11
5.5413385826771648
21
-2.2908464566929134
0
LINE
8
BLACK
6
CONTINUOUS
10
5.5413385826771648
20
-2.2908464566929134
11
5.5413385826771648
21
-2.2623031496062991
0
LINE
8
BLACK
6
CONTINUOUS
10
5.5413385826771648
20
-2.2623031496062991
11
5.5415633464566927
21
-2.261173188976378
0
LINE
8
BLACK
6
CONTINUOUS
10
5.5415633464566927
20
-2.261173188976378
11
5.5422034251968499
21
-2.2602152362204726
0
LINE
8
BLACK
6
CONTINUOUS
10
5.5422034251968499
20
-2.2602152362204726
11
5.5431613779527558
21
-2.2595751574803149
0
LINE
8
BLACK
6
CONTINUOUS
10
5.5431613779527558
20
-2.2595751574803149
11
5.5442913385826769
21
-2.2593503937007875
0
LINE
8
BLACK
6
CONTINUOUS
10
5.5442913385826769
20
-2.2593503937007875
11
5.5501968503937009
21
-2.2593503937007875
0
LINE
8
BLACK
6
CONTINUOUS
10
5.5501968503937009
20
-2.2593503937007875
11
5.551326811023622
21
-2.2595751574803149
0
LINE
8
BLACK
6
CONTINUOUS
10
5.5828228740157479
20
-2.2595751574803149
11
5.5837808267716538
21
-2.2602152362204726
0
LINE
8
BLACK
6
CONTINUOUS
10
5.5837808267716538
20
-2.2602152362204726
11
5.584420905511811
21
-2.261173188976378
0
LINE
8
BLACK
6
CONTINUOUS
10
5.584420905511811
20
-2.261173188976378
11
5.5846456692913389
21
-2.2623031496062991
0
LINE
8
BLACK
6
CONTINUOUS
10
5.5846456692913389
20
-2.2623031496062991
11
5.5846456692913389
21
-2.2908464566929134
0
LINE
8
BLACK
6
CONTINUOUS
10
5.5846456692913389
20
-2.2908464566929134
11
5.584420905511811
21
-2.2919764173228345
0
LINE
8
BLACK
6
CONTINUOUS
10
5.584420905511811
20
-2.2919764173228345
11
5.5837808267716538
21
-2.2929343700787399
0
LINE
8
BLACK
6
CONTINUOUS
10
5.5837808267716538
20
-2.2929343700787399
11
5.5828228740157479
21
-2.2935744488188976
0
LINE
8
BLACK
6
CONTINUOUS
10
5.5828228740157479
20
-2.2935744488188976
11
5.5816929133858268
21
-2.293799212598425
0
LINE
8
BLACK
6
CONTINUOUS
10
5.5816929133858268
20
-2.293799212598425
11
5.5757874015748028
21
-2.293799212598425
0
LINE
8
BLACK
6
CONTINUOUS
10
5.5757874015748028
20
-2.293799212598425
11
5.5746574409448817
21
-2.2935744488188976
0
LINE
8
BLACK
6
CONTINUOUS
10
5.5746574409448817
20
-2.2935744488188976
11
5.5736994881889759
21
-2.2929343700787399
0
LINE
8
BLACK
6
CONTINUOUS
10
5.5736994881889759
20
-2.2929343700787399
11
5.5730594094488186
21
-2.2919764173228345
0
LINE
8
BLACK
6
CONTINUOUS
10
5.5730594094488186
20
-2.2919764173228345
11
5.5728346456692917
21
-2.2908464566929134
0
LINE
8
BLACK
6
CONTINUOUS
10
5.5728346456692917
20
-2.2908464566929134
11
5.5728346456692917
21
-2.2623031496062991
0
LINE
8
BLACK
6
CONTINUOUS
10
5.5728346456692917
20
-2.2623031496062991
11
5.5730594094488186
21
-2.261173188976378
0
LINE
8
BLACK
6
CONTINUOUS
10
5.5730594094488186
20
-2.261173188976378
11
5.5736994881889759
21
-2.2602152362204726
0
LINE
8
BLACK
6
CONTINUOUS
10
5.5736994881889759
20
-2.2602152362204726
11
5.5746574409448817
21
-2.2595751574803149
0
LINE
8
BLACK
6
CONTINUOUS
10
5.5746574409448817
20
-2.2595751574803149
11
5.5757874015748028
21
-2.2593503937007875
0
LINE
8
BLACK
6
CONTINUOUS
10
5.5757874015748028
20
-2.2593503937007875
11
5.5816929133858268
21
-2.2593503937007875
0
LINE
8
BLACK
6
CONTINUOUS
10
5.5816929133858268
20
-2.2593503937007875
11
5.5828228740157479
21
-2.2595751574803149
0
LINE
8
BLACK
6
CONTINUOUS
10
4.9582662204724413
20
-2.2506555905511809
11
4.9610602362204723
21
-2.2525224803149606
0
LINE
8
BLACK
6
CONTINUOUS
10
4.9610602362204723
20
-2.2525224803149606
11
4.962927125984252
21
-2.2553164960629921
0
LINE
8
BLACK
6
CONTINUOUS
10
4.962927125984252
20
-2.2553164960629921
11
4.9635826771653546
21
-2.258612244094488
0
LINE
8
BLACK
6
CONTINUOUS
10
4.9635826771653546
20
-2.258612244094488
11
4.9635826771653546
21
-2.275836653543307
0
LINE
8
BLACK
6
CONTINUOUS
10
4.9635826771653546
20
-2.275836653543307
11
4.962927125984252
21
-2.2791324015748029
0
LINE
8
BLACK
6
CONTINUOUS
10
4.962927125984252
20
-2.2791324015748029
11
4.9610602362204723
21
-2.2819264173228344
0
LINE
8
BLACK
6
CONTINUOUS
10
4.9610602362204723
20
-2.2819264173228344
11
4.9582662204724413
21
-2.2837933070866141
0
LINE
8
BLACK
6
CONTINUOUS
10
4.9582662204724413
20
-2.2837933070866141
11
4.9549704724409445
21
-2.2844488582677163
0
LINE
8
BLACK
6
CONTINUOUS
10
4.9549704724409445
20
-2.2844488582677163
11
4.9347933070866139
21
-2.2844488582677163
0
LINE
8
BLACK
6
CONTINUOUS
10
4.9347933070866139
20
-2.2844488582677163
11
4.931497559055118
21
-2.2837933070866141
0
LINE
8
BLACK
6
CONTINUOUS
10
4.931497559055118
20
-2.2837933070866141
11
4.9287035433070869
21
-2.2819264173228344
0
LINE
8
BLACK
6
CONTINUOUS
10
4.9287035433070869
20
-2.2819264173228344
11
4.9268366535433072
21
-2.2791324015748029
0
LINE
8
BLACK
6
CONTINUOUS
10
4.9268366535433072
20
-2.2791324015748029
11
4.9261811023622046
21
-2.275836653543307
0
LINE
8
BLACK
6
CONTINUOUS
10
4.9261811023622046
20
-2.275836653543307
11
4.9261811023622046
21
-2.258612244094488
0
LINE
8
BLACK
6
CONTINUOUS
10
4.9261811023622046
20
-2.258612244094488
11
4.9268366535433072
21
-2.2553164960629921
0
LINE
8
BLACK
6
CONTINUOUS
10
4.9268366535433072
20
-2.2553164960629921
11
4.9287035433070869
21
-2.2525224803149606
0
LINE
8
BLACK
6
CONTINUOUS
10
4.9287035433070869
20
-2.2525224803149606
11
4.931497559055118
21
-2.2506555905511809
0
LINE
8
BLACK
6
CONTINUOUS
10
4.931497559055118
20
-2.2506555905511809
11
4.9347933070866139
21
-2.2500000393700788
0
LINE
8
BLACK
6
CONTINUOUS
10
4.9347933070866139
20
-2.2500000393700788
11
4.9549704724409445
21
-2.2500000393700788
0
LINE
8
BLACK
6
CONTINUOUS
10
4.9549704724409445
20
-2.2500000393700788
11
4.9582662204724413
21
-2.2506555905511809
0
LINE
8
BLACK
6
CONTINUOUS
10
5.1866126771653542
20
-2.2506555905511809
11
5.1894066929133853
21
-2.2525224803149606
0
LINE
8
BLACK
6
CONTINUOUS
10
5.1894066929133853
20
-2.2525224803149606
11
5.191273582677165
21
-2.2553164960629921
0
LINE
8
BLACK
6
CONTINUOUS
10
5.191273582677165
20
-2.2553164960629921
11
5.1919291338582676
21
-2.258612244094488
0
LINE
8
BLACK
6
CONTINUOUS
10
5.1919291338582676
20
-2.258612244094488
11
5.1919291338582676
21
-2.275836653543307
0
LINE
8
BLACK
6
CONTINUOUS
10
5.1919291338582676
20
-2.275836653543307
11
5.191273582677165
21
-2.2791324015748029
0
LINE
8
BLACK
6
CONTINUOUS
10
5.191273582677165
20
-2.2791324015748029
11
5.1894066929133853
21
-2.2819264173228344
0
LINE
8
BLACK
6
CONTINUOUS
10
5.1894066929133853
20
-2.2819264173228344
11
5.1866126771653542
21
-2.2837933070866141
0
LINE
8
BLACK
6
CONTINUOUS
10
5.1866126771653542
20
-2.2837933070866141
11
5.1833169291338583
21
-2.2844488582677163
0
LINE
8
BLACK
6
CONTINUOUS
10
5.1833169291338583
20
-2.2844488582677163
11
5.1631397637795278
21
-2.2844488582677163
0
LINE
8
BLACK
6
CONTINUOUS
10
5.1631397637795278
20
-2.2844488582677163
11
5.159844015748031
21
-2.2837933070866141
0
LINE
8
BLACK
6
CONTINUOUS
10
5.159844015748031
20
-2.2837933070866141
11
5.1570499999999999
21
-2.2819264173228344
0
LINE
8
BLACK
6
CONTINUOUS
10
5.1570499999999999
20
-2.2819264173228344
11
5.1551831102362202
21
-2.2791324015748029
0
LINE
8
BLACK
6
CONTINUOUS
10
5.1551831102362202
20
-2.2791324015748029
11
5.1545275590551176
21
-2.275836653543307
0
LINE
8
BLACK
6
CONTINUOUS
10
5.1545275590551176
20
-2.275836653543307
11
5.1545275590551176
21
-2.258612244094488
0
LINE
8
BLACK
6
CONTINUOUS
10
5.1545275590551176
20
-2.258612244094488
11
5.1551831102362202
21
-2.2553164960629921
0
LINE
8
BLACK
6
CONTINUOUS
10
5.1551831102362202
20
-2.2553164960629921
11
5.1570499999999999
21
-2.2525224803149606
0
LINE
8
BLACK
6
CONTINUOUS
10
5.1570499999999999
20
-2.2525224803149606
11
5.159844015748031
21
-2.2506555905511809
0
LINE
8
BLACK
6
CONTINUOUS
10
5.159844015748031
20
-2.2506555905511809
11
5.1631397637795278
21
-2.2500000393700788
0
LINE
8
BLACK
6
CONTINUOUS
10
5.1631397637795278
20
-2.2500000393700788
11
5.1833169291338583
21
-2.2500000393700788
0
LINE
8
BLACK
6
CONTINUOUS
10
5.1833169291338583
20
-2.2500000393700788
11
5.1866126771653542
21
-2.2506555905511809
0
LINE
8
BLACK
6
CONTINUOUS
10
4.8229633070866145
20
-2.2524256692913385
11
4.8242405905511809
21
-2.2532790944881889
0
LINE
8
BLACK
6
CONTINUOUS
10
4.8242405905511809
20
-2.2532790944881889
11
4.8250940157480313
21
-2.2545563779527558
0
LINE
8
BLACK
6
CONTINUOUS
10
4.8250940157480313
20
-2.2545563779527558
11
4.8253937007874015
21
-2.256062992125984
0
LINE
8
BLACK
6
CONTINUOUS
10
4.8253937007874015
20
-2.256062992125984
11
4.8253937007874015
21
-2.2639370078740155
0
LINE
8
BLACK
6
CONTINUOUS
10
4.8253937007874015
20
-2.2639370078740155
11
4.8250940157480313
21
-2.2654436220472443
0
LINE
8
BLACK
6
CONTINUOUS
10
4.8250940157480313
20
-2.2654436220472443
11
4.8242405905511809
21
-2.2667209055118112
0
LINE
8
BLACK
6
CONTINUOUS
10
4.8242405905511809
20
-2.2667209055118112
11
4.8229633070866145
21
-2.2675743307086615
0
LINE
8
BLACK
6
CONTINUOUS
10
4.8229633070866145
20
-2.2675743307086615
11
4.8214566929133857
21
-2.2678740157480313
0
LINE
8
BLACK
6
CONTINUOUS
10
4.8214566929133857
20
-2.2678740157480313
11
4.8037401574803145
21
-2.2678740157480313
0
LINE
8
BLACK
6
CONTINUOUS
10
4.8037401574803145
20
-2.2678740157480313
11
4.8022335433070866
21
-2.2675743307086615
0
LINE
8
BLACK
6
CONTINUOUS
10
4.8022335433070866
20
-2.2675743307086615
11
4.8009562598425193
21
-2.2667209055118112
0
LINE
8
BLACK
6
CONTINUOUS
10
4.8009562598425193
20
-2.2667209055118112
11
4.8001028346456689
21
-2.2654436220472443
0
LINE
8
BLACK
6
CONTINUOUS
10
4.8001028346456689
20
-2.2654436220472443
11
4.7998031496062987
21
-2.2639370078740155
0
LINE
8
BLACK
6
CONTINUOUS
10
4.7998031496062987
20
-2.2639370078740155
11
4.7998031496062987
21
-2.256062992125984
0
LINE
8
BLACK
6
CONTINUOUS
10
4.7998031496062987
20
-2.256062992125984
11
4.8001028346456689
21
-2.2545563779527558
0
LINE
8
BLACK
6
CONTINUOUS
10
4.8001028346456689
20
-2.2545563779527558
11
4.8009562598425193
21
-2.2532790944881889
0
LINE
8
BLACK
6
CONTINUOUS
10
4.8009562598425193
20
-2.2532790944881889
11
4.8022335433070866
21
-2.2524256692913385
0
LINE
8
BLACK
6
CONTINUOUS
10
4.8022335433070866
20
-2.2524256692913385
11
4.8037401574803145
21
-2.2521259842519683
0
LINE
8
BLACK
6
CONTINUOUS
10
4.8037401574803145
20
-2.2521259842519683
11
4.8214566929133857
21
-2.2521259842519683
0
LINE
8
BLACK
6
CONTINUOUS
10
4.8214566929133857
20
-2.2521259842519683
11
4.8229633070866145
21
-2.2524256692913385
0
LINE
8
BLACK
6
CONTINUOUS
10
4.8977664566929136
20
-2.2524256692913385
11
4.89904374015748
21
-2.2532790944881889
0
LINE
8
BLACK
6
CONTINUOUS
10
4.89904374015748
20
-2.2532790944881889
11
4.8998971653543304
21
-2.2545563779527558
0
LINE
8
BLACK
6
CONTINUOUS
10
4.8998971653543304
20
-2.2545563779527558
11
4.9001968503937006
21
-2.256062992125984
0
LINE
8
BLACK
6
CONTINUOUS
10
4.9001968503937006
20
-2.256062992125984
11
4.9001968503937006
21
-2.2639370078740155
0
LINE
8
BLACK
6
CONTINUOUS
10
4.9001968503937006
20
-2.2639370078740155
11
4.8998971653543304
21
-2.2654436220472443
0
LINE
8
BLACK
6
CONTINUOUS
10
4.8998971653543304
20
-2.2654436220472443
11
4.89904374015748
21
-2.2667209055118112
0
LINE
8
BLACK
6
CONTINUOUS
10
4.89904374015748
20
-2.2667209055118112
11
4.8977664566929136
21
-2.2675743307086615
0
LINE
8
BLACK
6
CONTINUOUS
10
4.8977664566929136
20
-2.2675743307086615
11
4.8962598425196848
21
-2.2678740157480313
0
LINE
8
BLACK
6
CONTINUOUS
10
4.8962598425196848
20
-2.2678740157480313
11
4.8785433070866144
21
-2.2678740157480313
0
LINE
8
BLACK
6
CONTINUOUS
10
4.8785433070866144
20
-2.2678740157480313
11
4.8770366929133857
21
-2.2675743307086615
0
LINE
8
BLACK
6
CONTINUOUS
10
4.8770366929133857
20
-2.2675743307086615
11
4.8757594094488184
21
-2.2667209055118112
0
LINE
8
BLACK
6
CONTINUOUS
10
4.8757594094488184
20
-2.2667209055118112
11
4.874905984251968
21
-2.2654436220472443
0
LINE
8
BLACK
6
CONTINUOUS
10
4.874905984251968
20
-2.2654436220472443
11
4.8746062992125987
21
-2.2639370078740155
0
LINE
8
BLACK
6
CONTINUOUS
10
4.8746062992125987
20
-2.2639370078740155
11
4.8746062992125987
21
-2.256062992125984
0
LINE
8
BLACK
6
CONTINUOUS
10
4.8746062992125987
20
-2.256062992125984
11
4.874905984251968
21
-2.2545563779527558
0
LINE
8
BLACK
6
CONTINUOUS
10
4.874905984251968
20
-2.2545563779527558
11
4.8757594094488184
21
-2.2532790944881889
0
LINE
8
BLACK
6
CONTINUOUS
10
4.8757594094488184
20
-2.2532790944881889
11
4.8770366929133857
21
-2.2524256692913385
0
LINE
8
BLACK
6
CONTINUOUS
10
4.8770366929133857
20
-2.2524256692913385
11
4.8785433070866144
21
-2.2521259842519683
0
LINE
8
BLACK
6
CONTINUOUS
10
4.8785433070866144
20
-2.2521259842519683
11
4.8962598425196848
21
-2.2521259842519683
0
LINE
8
BLACK
6
CONTINUOUS
10
4.8962598425196848
20
-2.2521259842519683
11
4.8977664566929136
21
-2.2524256692913385
0
LINE
8
BLACK
6
CONTINUOUS
10
5.4545539763779525
20
-2.212363346456693
11
5.4577471259842518
21
-2.2144969291338583
0
LINE
8
BLACK
6
CONTINUOUS
10
5.4577471259842518
20
-2.2144969291338583
11
5.4598807086614176
21
-2.2176900787401572
0
LINE
8
BLACK
6
CONTINUOUS
10
5.4598807086614176
20
-2.2176900787401572
11
5.4606299212598426
21
-2.2214566535433069
0
LINE
8
BLACK
6
CONTINUOUS
10
5.4606299212598426
20
-2.2214566535433069
11
5.4606299212598426
21
-2.253936968503937
0
LINE
8
BLACK
6
CONTINUOUS
10
5.4606299212598426
20
-2.253936968503937
11
5.4598807086614176
21
-2.2577035433070867
0
LINE
8
BLACK
6
CONTINUOUS
10
5.4598807086614176
20
-2.2577035433070867
11
5.4577471259842518
21
-2.2608966929133856
0
LINE
8
BLACK
6
CONTINUOUS
10
5.4577471259842518
20
-2.2608966929133856
11
5.4545539763779525
21
-2.2630302755905509
0
LINE
8
BLACK
6
CONTINUOUS
10
5.4545539763779525
20
-2.2630302755905509
11
5.4507874015748028
21
-2.2637794881889763
0
LINE
8
BLACK
6
CONTINUOUS
10
5.4507874015748028
20
-2.2637794881889763
11
5.3996062992125982
21
-2.2637794881889763
0
LINE
8
BLACK
6
CONTINUOUS
10
5.3996062992125982
20
-2.2637794881889763
11
5.3958397244094485
21
-2.2630302755905509
0
LINE
8
BLACK
6
CONTINUOUS
10
5.3958397244094485
20
-2.2630302755905509
11
5.3926465748031491
21
-2.2608966929133856
0
LINE
8
BLACK
6
CONTINUOUS
10
5.3926465748031491
20
-2.2608966929133856
11
5.3905129921259842
21
-2.2577035433070867
0
LINE
8
BLACK
6
CONTINUOUS
10
5.3905129921259842
20
-2.2577035433070867
11
5.3897637795275593
21
-2.253936968503937
0
LINE
8
BLACK
6
CONTINUOUS
10
5.3897637795275593
20
-2.253936968503937
11
5.3897637795275593
21
-2.2214566535433069
0
LINE
8
BLACK
6
CONTINUOUS
10
5.3897637795275593
20
-2.2214566535433069
11
5.3905129921259842
21
-2.2176900787401572
0
LINE
8
BLACK
6
CONTINUOUS
10
5.3905129921259842
20
-2.2176900787401572
11
5.3926465748031491
21
-2.2144969291338583
0
LINE
8
BLACK
6
CONTINUOUS
10
5.3926465748031491
20
-2.2144969291338583
11
5.3958397244094485
21
-2.212363346456693
0
LINE
8
BLACK
6
CONTINUOUS
10
5.3958397244094485
20
-2.212363346456693
11
5.3996062992125982
21
-2.2116141338582676
0
LINE
8
BLACK
6
CONTINUOUS
10
5.3996062992125982
20
-2.2116141338582676
11
5.4507874015748028
21
-2.2116141338582676
0
LINE
8
BLACK
6
CONTINUOUS
10
5.4507874015748028
20
-2.2116141338582676
11
5.4545539763779525
21
-2.212363346456693
0
LINE
8
BLACK
6
CONTINUOUS
10
5.0217140551181103
20
-2.2279615748031496
11
5.0242685433070866
21
-2.2296684645669291
0
LINE
8
BLACK
6
CONTINUOUS
10
5.0242685433070866
20
-2.2296684645669291
11
5.0259754330708661
21
-2.2322229527559054
0
LINE
8
BLACK
6
CONTINUOUS
10
5.0259754330708661
20
-2.2322229527559054
11
5.0265748031496065
21
-2.2352362204724407
0
LINE
8
BLACK
6
CONTINUOUS
10
5.0265748031496065
20
-2.2352362204724407
11
5.0265748031496065
21
-2.2509842519685037
0
LINE
8
BLACK
6
CONTINUOUS
10
5.0265748031496065
20
-2.2509842519685037
11
5.0259754330708661
21
-2.2539975196850395
0
LINE
8
BLACK
6
CONTINUOUS
10
5.0259754330708661
20
-2.2539975196850395
11
5.0242685433070866
21
-2.2565520078740158
0
LINE
8
BLACK
6
CONTINUOUS
10
5.0242685433070866
20
-2.2565520078740158
11
5.0217140551181103
21
-2.2582588976377953
0
LINE
8
BLACK
6
CONTINUOUS
10
5.0217140551181103
20
-2.2582588976377953
11
5.018700787401575
21
-2.2588582677165352
0
LINE
8
BLACK
6
CONTINUOUS
10
5.018700787401575
20
-2.2588582677165352
11
4.997047244094488
21
-2.2588582677165352
0
LINE
8
BLACK
6
CONTINUOUS
10
4.997047244094488
20
-2.2588582677165352
11
4.9940339763779527
21
-2.2582588976377953
0
LINE
8
BLACK
6
CONTINUOUS
10
4.9940339763779527
20
-2.2582588976377953
11
4.9914794881889764
21
-2.2565520078740158
0
LINE
8
BLACK
6
CONTINUOUS
10
4.9914794881889764
20
-2.2565520078740158
11
4.9897725984251968
21
-2.2539975196850395
0
LINE
8
BLACK
6
CONTINUOUS
10
4.9897725984251968
20
-2.2539975196850395
11
4.9891732283464565
21
-2.2509842519685037
0
LINE
8
BLACK
6
CONTINUOUS
10
4.9891732283464565
20
-2.2509842519685037
11
4.9891732283464565
21
-2.2352362204724407
0
LINE
8
BLACK
6
CONTINUOUS
10
4.9891732283464565
20
-2.2352362204724407
11
4.9897725984251968
21
-2.2322229527559054
0
LINE
8
BLACK
6
CONTINUOUS
10
4.9897725984251968
20
-2.2322229527559054
11
4.9914794881889764
21
-2.2296684645669291
0
LINE
8
BLACK
6
CONTINUOUS
10
4.9914794881889764
20
-2.2296684645669291
11
4.9940339763779527
21
-2.2279615748031496
0
LINE
8
BLACK
6
CONTINUOUS
10
4.9940339763779527
20
-2.2279615748031496
11
4.997047244094488
21
-2.2273622047244093
0
LINE
8
BLACK
6
CONTINUOUS
10
4.997047244094488
20
-2.2273622047244093
11
5.018700787401575
21
-2.2273622047244093
0
LINE
8
BLACK
6
CONTINUOUS
10
5.018700787401575
20
-2.2273622047244093
11
5.0217140551181103
21
-2.2279615748031496
0
LINE
8
BLACK
6
CONTINUOUS
10
5.1240762598425196
20
-2.2279615748031496
11
5.1266307480314959
21
-2.2296684645669291
0
LINE
8
BLACK
6
CONTINUOUS
10
5.1266307480314959
20
-2.2296684645669291
11
5.1283376377952754
21
-2.2322229527559054
0
LINE
8
BLACK
6
CONTINUOUS
10
5.1283376377952754
20
-2.2322229527559054
11
5.1289370078740157
21
-2.2352362204724407
0
LINE
8
BLACK
6
CONTINUOUS
10
5.1289370078740157
20
-2.2352362204724407
11
5.1289370078740157
21
-2.2509842519685037
0
LINE
8
BLACK
6
CONTINUOUS
10
5.1289370078740157
20
-2.2509842519685037
11
5.1283376377952754
21
-2.2539975196850395
0
LINE
8
BLACK
6
CONTINUOUS
10
5.1283376377952754
20
-2.2539975196850395
11
5.1266307480314959
21
-2.2565520078740158
0
LINE
8
BLACK
6
CONTINUOUS
10
5.1266307480314959
20
-2.2565520078740158
11
5.1240762598425196
21
-2.2582588976377953
0
LINE
8
BLACK
6
CONTINUOUS
10
5.1240762598425196
20
-2.2582588976377953
11
5.1210629921259843
21
-2.2588582677165352
0
LINE
8
BLACK
6
CONTINUOUS
10
5.1210629921259843
20
-2.2588582677165352
11
5.0994094488188972
21
-2.2588582677165352
0
LINE
8
BLACK
6
CONTINUOUS
10
5.0994094488188972
20
-2.2588582677165352
11
5.0963961811023619
21
-2.2582588976377953
0
LINE
8
BLACK
6
CONTINUOUS
10
5.0963961811023619
20
-2.2582588976377953
11
5.0938416929133856
21
-2.2565520078740158
0
LINE
8
BLACK
6
CONTINUOUS
10
5.0938416929133856
20
-2.2565520078740158
11
5.0921348031496061
21
-2.2539975196850395
0
LINE
8
BLACK
6
CONTINUOUS
10
5.0921348031496061
20
-2.2539975196850395
11
5.0915354330708658
21
-2.2509842519685037
0
LINE
8
BLACK
6
CONTINUOUS
10
5.0915354330708658
20
-2.2509842519685037
11
5.0915354330708658
21
-2.2352362204724407
0
LINE
8
BLACK
6
CONTINUOUS
10
5.0915354330708658
20
-2.2352362204724407
11
5.0921348031496061
21
-2.2322229527559054
0
LINE
8
BLACK
6
CONTINUOUS
10
5.0921348031496061
20
-2.2322229527559054
11
5.0938416929133856
21
-2.2296684645669291
0
LINE
8
BLACK
6
CONTINUOUS
10
5.0938416929133856
20
-2.2296684645669291
11
5.0963961811023619
21
-2.2279615748031496
0
LINE
8
BLACK
6
CONTINUOUS
10
5.0963961811023619
20
-2.2279615748031496
11
5.0994094488188972
21
-2.2273622047244093
0
LINE
8
BLACK
6
CONTINUOUS
10
5.0994094488188972
20
-2.2273622047244093
11
5.1210629921259843
21
-2.2273622047244093
0
LINE
8
BLACK
6
CONTINUOUS
10
5.1210629921259843
20
-2.2273622047244093
11
5.1240762598425196
21
-2.2279615748031496
0
LINE
8
BLACK
6
CONTINUOUS
10
4.6661681889763775
20
-2.2111822834645669
11
4.6693613385826769
21
-2.2133158661417323
0
LINE
8
BLACK
6
CONTINUOUS
10
4.6693613385826769
20
-2.2133158661417323
11
4.6714949212598427
21
-2.2165090157480316
0
LINE
8
BLACK
6
CONTINUOUS
10
4.6714949212598427
20
-2.2165090157480316
11
4.6722441338582676
21
-2.2202755905511808
0
LINE
8
BLACK
6
CONTINUOUS
10
4.6722441338582676
20
-2.2202755905511808
11
4.6722441338582676
21
-2.2482283464566928
0
LINE
8
BLACK
6
CONTINUOUS
10
4.6722441338582676
20
-2.2482283464566928
11
4.6714949212598427
21
-2.2519949212598425
0
LINE
8
BLACK
6
CONTINUOUS
10
4.6714949212598427
20
-2.2519949212598425
11
4.6693613385826769
21
-2.2551880708661418
0
LINE
8
BLACK
6
CONTINUOUS
10
4.6693613385826769
20
-2.2551880708661418
11
4.6661681889763775
21
-2.2573216535433072
0
LINE
8
BLACK
6
CONTINUOUS
10
4.6661681889763775
20
-2.2573216535433072
11
4.6624016141732278
21
-2.2580708661417321
0
LINE
8
BLACK
6
CONTINUOUS
10
4.6624016141732278
20
-2.2580708661417321
11
4.6407480708661417
21
-2.2580708661417321
0
LINE
8
BLACK
6
CONTINUOUS
10
4.6407480708661417
20
-2.2580708661417321
11
4.636981496062992
21
-2.2573216535433072
0
LINE
8
BLACK
6
CONTINUOUS
10
4.636981496062992
20
-2.2573216535433072
11
4.6337883464566927
21
-2.2551880708661418
0
LINE
8
BLACK
6
CONTINUOUS
10
4.6337883464566927
20
-2.2551880708661418
11
4.6316547637795278
21
-2.2519949212598425
0
LINE
8
BLACK
6
CONTINUOUS
10
4.6316547637795278
20
-2.2519949212598425
11
4.6309055511811019
21
-2.2482283464566928
0
LINE
8
BLACK
6
CONTINUOUS
10
4.6309055511811019
20
-2.2482283464566928
11
4.6309055511811019
21
-2.2202755905511808
0
LINE
8
BLACK
6
CONTINUOUS
10
4.6309055511811019
20
-2.2202755905511808
11
4.6316547637795278
21
-2.2165090157480316
0
LINE
8
BLACK
6
CONTINUOUS
10
4.6316547637795278
20
-2.2165090157480316
11
4.6337883464566927
21
-2.2133158661417323
0
LINE
8
BLACK
6
CONTINUOUS
10
4.6337883464566927
20
-2.2133158661417323
11
4.636981496062992
21
-2.2111822834645669
0
LINE
8
BLACK
6
CONTINUOUS
10
4.636981496062992
20
-2.2111822834645669
11
4.6407480708661417
21
-2.2104330708661415
0
LINE
8
BLACK
6
CONTINUOUS
10
4.6407480708661417
20
-2.2104330708661415
11
4.6624016141732278
21
-2.2104330708661415
0
LINE
8
BLACK
6
CONTINUOUS
10
4.6624016141732278
20
-2.2104330708661415
11
4.6661681889763775
21
-2.2111822834645669
0
LINE
8
BLACK
6
CONTINUOUS
10
4.7173492125984247
20
-2.2111822834645669
11
4.720542362204724
21
-2.2133158661417323
0
LINE
8
BLACK
6
CONTINUOUS
10
4.720542362204724
20
-2.2133158661417323
11
4.7226759448818898
21
-2.2165090157480316
0
LINE
8
BLACK
6
CONTINUOUS
10
4.7226759448818898
20
-2.2165090157480316
11
4.7234251574803148
21
-2.2202755905511808
0
LINE
8
BLACK
6
CONTINUOUS
10
4.7234251574803148
20
-2.2202755905511808
11
4.7234251574803148
21
-2.2482283464566928
0
LINE
8
BLACK
6
CONTINUOUS
10
4.7234251574803148
20
-2.2482283464566928
11
4.7226759448818898
21
-2.2519949212598425
0
LINE
8
BLACK
6
CONTINUOUS
10
4.7226759448818898
20
-2.2519949212598425
11
4.720542362204724
21
-2.2551880708661418
0
LINE
8
BLACK
6
CONTINUOUS
10
4.720542362204724
20
-2.2551880708661418
11
4.7173492125984247
21
-2.2573216535433072
0
LINE
8
BLACK
6
CONTINUOUS
10
4.7173492125984247
20
-2.2573216535433072
11
4.7135826377952759
21
-2.2580708661417321
0
LINE
8
BLACK
6
CONTINUOUS
10
4.7135826377952759
20
-2.2580708661417321
11
4.6919290944881888
21
-2.2580708661417321
0
LINE
8
BLACK
6
CONTINUOUS
10
4.6919290944881888
20
-2.2580708661417321
11
4.6881625196850392
21
-2.2573216535433072
0
LINE
8
BLACK
6
CONTINUOUS
10
4.6881625196850392
20
-2.2573216535433072
11
4.6849693700787398
21
-2.2551880708661418
0
LINE
8
BLACK
6
CONTINUOUS
10
4.6849693700787398
20
-2.2551880708661418
11
4.6828357874015749
21
-2.2519949212598425
0
LINE
8
BLACK
6
CONTINUOUS
10
4.6828357874015749
20
-2.2519949212598425
11
4.6820865748031499
21
-2.2482283464566928
0
LINE
8
BLACK
6
CONTINUOUS
10
4.6820865748031499
20
-2.2482283464566928
11
4.6820865748031499
21
-2.2202755905511808
0
LINE
8
BLACK
6
CONTINUOUS
10
4.6820865748031499
20
-2.2202755905511808
11
4.6828357874015749
21
-2.2165090157480316
0
LINE
8
BLACK
6
CONTINUOUS
10
4.6828357874015749
20
-2.2165090157480316
11
4.6849693700787398
21
-2.2133158661417323
0
LINE
8
BLACK
6
CONTINUOUS
10
4.6849693700787398
20
-2.2133158661417323
11
4.6881625196850392
21
-2.2111822834645669
0
LINE
8
BLACK
6
CONTINUOUS
10
4.6881625196850392
20
-2.2111822834645669
11
4.6919290944881888
21
-2.2104330708661415
0
LINE
8
BLACK
6
CONTINUOUS
10
4.6919290944881888
20
-2.2104330708661415
11
4.7135826377952759
21
-2.2104330708661415
0
LINE
8
BLACK
6
CONTINUOUS
10
4.7135826377952759
20
-2.2104330708661415
11
4.7173492125984247
21
-2.2111822834645669
0
LINE
8
BLACK
6
CONTINUOUS
10
4.6162874409448822
20
-2.2462877952755904
11
4.6172453937007871
21
-2.2469278740157481
0
LINE
8
BLACK
6
CONTINUOUS
10
4.6172453937007871
20
-2.2469278740157481
11
4.6178854724409444
21
-2.2478858267716535
0
LINE
8
BLACK
6
CONTINUOUS
10
4.6178854724409444
20
-2.2478858267716535
11
4.6181102362204722
21
-2.2490157874015746
0
LINE
8
BLACK
6
CONTINUOUS
10
4.6181102362204722
20
-2.2490157874015746
11
4.6181102362204722
21
-2.2549212992125982
0
LINE
8
BLACK
6
CONTINUOUS
10
4.6181102362204722
20
-2.2549212992125982
11
4.6178854724409444
21
-2.2560512598425198
0
LINE
8
BLACK
6
CONTINUOUS
10
4.6178854724409444
20
-2.2560512598425198
11
4.6172453937007871
21
-2.2570092125984251
0
LINE
8
BLACK
6
CONTINUOUS
10
4.6172453937007871
20
-2.2570092125984251
11
4.6162874409448822
21
-2.2576492913385828
0
LINE
8
BLACK
6
CONTINUOUS
10
4.6162874409448822
20
-2.2576492913385828
11
4.6151574803149602
21
-2.2578740551181102
0
LINE
8
BLACK
6
CONTINUOUS
10
4.6151574803149602
20
-2.2578740551181102
11
4.5866141732283463
21
-2.2578740551181102
0
LINE
8
BLACK
6
CONTINUOUS
10
4.5866141732283463
20
-2.2578740551181102
11
4.5854842125984252
21
-2.2576492913385828
0
LINE
8
BLACK
6
CONTINUOUS
10
4.5854842125984252
20
-2.2576492913385828
11
4.5845262598425194
21
-2.2570092125984251
0
LINE
8
BLACK
6
CONTINUOUS
10
4.5845262598425194
20
-2.2570092125984251
11
4.5838861811023621
21
-2.2560512598425198
0
LINE
8
BLACK
6
CONTINUOUS
10
4.5838861811023621
20
-2.2560512598425198
11
4.5836614173228343
21
-2.2549212992125982
0
LINE
8
BLACK
6
CONTINUOUS
10
4.5836614173228343
20
-2.2549212992125982
11
4.5836614173228343
21
-2.2490157874015746
0
LINE
8
BLACK
6
CONTINUOUS
10
4.5836614173228343
20
-2.2490157874015746
11
4.5838861811023621
21
-2.2478858267716535
0
LINE
8
BLACK
6
CONTINUOUS
10
4.5838861811023621
20
-2.2478858267716535
11
4.5845262598425194
21
-2.2469278740157481
0
LINE
8
BLACK
6
CONTINUOUS
10
4.5845262598425194
20
-2.2469278740157481
11
4.5854842125984252
21
-2.2462877952755904
0
LINE
8
BLACK
6
CONTINUOUS
10
4.5854842125984252
20
-2.2462877952755904
11
4.5866141732283463
21
-2.246063031496063
0
LINE
8
BLACK
6
CONTINUOUS
10
4.5866141732283463
20
-2.246063031496063
11
4.6151574803149602
21
-2.246063031496063
0
LINE
8
BLACK
6
CONTINUOUS
10
4.6151574803149602
20
-2.246063031496063
11
4.6162874409448822
21
-2.2462877952755904
0
LINE
8
BLACK
6
CONTINUOUS
10
4.7688464960629924
20
-2.2462877952755904
11
4.7698044488188973
21
-2.2469278740157481
0
LINE
8
BLACK
6
CONTINUOUS
10
4.7698044488188973
20
-2.2469278740157481
11
4.7704445275590546
21
-2.2478858267716535
0
LINE
8
BLACK
6
CONTINUOUS
10
4.7704445275590546
20
-2.2478858267716535
11
4.7706692913385824
21
-2.2490157874015746
0
LINE
8
BLACK
6
CONTINUOUS
10
4.7706692913385824
20
-2.2490157874015746
11
4.7706692913385824
21
-2.2549212992125982
0
LINE
8
BLACK
6
CONTINUOUS
10
4.7706692913385824
20
-2.2549212992125982
11
4.7704445275590546
21
-2.2560512598425198
0
LINE
8
BLACK
6
CONTINUOUS
10
4.7704445275590546
20
-2.2560512598425198
11
4.7698044488188973
21
-2.2570092125984251
0
LINE
8
BLACK
6
CONTINUOUS
10
4.7698044488188973
20
-2.2570092125984251
11
4.7688464960629924
21
-2.2576492913385828
0
LINE
8
BLACK
6
CONTINUOUS
10
4.7688464960629924
20
-2.2576492913385828
11
4.7677165354330704
21
-2.2578740551181102
0
LINE
8
BLACK
6
CONTINUOUS
10
4.7677165354330704
20
-2.2578740551181102
11
4.7391732283464565
21
-2.2578740551181102
0
LINE
8
BLACK
6
CONTINUOUS
10
4.7391732283464565
20
-2.2578740551181102
11
4.7380432677165354
21
-2.2576492913385828
0
LINE
8
BLACK
6
CONTINUOUS
10
4.7380432677165354
20
-2.2576492913385828
11
4.7370853149606296
21
-2.2570092125984251
0
LINE
8
BLACK
6
CONTINUOUS
10
4.7370853149606296
20
-2.2570092125984251
11
4.7364452362204723
21
-2.2560512598425198
0
LINE
8
BLACK
6
CONTINUOUS
10
4.7364452362204723
20
-2.2560512598425198
11
4.7362204724409445
21
-2.2549212992125982
0
LINE
8
BLACK
6
CONTINUOUS
10
4.7362204724409445
20
-2.2549212992125982
11
4.7362204724409445
21
-2.2490157874015746
0
LINE
8
BLACK
6
CONTINUOUS
10
4.7362204724409445
20
-2.2490157874015746
11
4.7364452362204723
21
-2.2478858267716535
0
LINE
8
BLACK
6
CONTINUOUS
10
4.7364452362204723
20
-2.2478858267716535
11
4.7370853149606296
21
-2.2469278740157481
0
LINE
8
BLACK
6
CONTINUOUS
10
4.7370853149606296
20
-2.2469278740157481
11
4.7380432677165354
21
-2.2462877952755904
0
LINE
8
BLACK
6
CONTINUOUS
10
4.7380432677165354
20
-2.2462877952755904
11
4.7391732283464565
21
-2.246063031496063
0
LINE
8
BLACK
6
CONTINUOUS
10
4.7391732283464565
20
-2.246063031496063
11
4.7677165354330704
21
-2.246063031496063
0
LINE
8
BLACK
6
CONTINUOUS
10
4.7677165354330704
20
-2.246063031496063
11
4.7688464960629924
21
-2.2462877952755904
0
LINE
8
BLACK
6
CONTINUOUS
10
5.5512075590551184
20
-2.2059657480314958
11
5.5544007086614169
21
-2.2080993307086612
0
LINE
8
BLACK
6
CONTINUOUS
10
5.5544007086614169
20
-2.2080993307086612
11
5.5565342913385827
21
-2.2112924803149605
0
LINE
8
BLACK
6
CONTINUOUS
10
5.5565342913385827
20
-2.2112924803149605
11
5.5572835039370077
21
-2.2150590551181102
0
LINE
8
BLACK
6
CONTINUOUS
10
5.5572835039370077
20
-2.2150590551181102
11
5.5572835039370077
21
-2.2367125984251968
0
LINE
8
BLACK
6
CONTINUOUS
10
5.5572835039370077
20
-2.2367125984251968
11
5.5565342913385827
21
-2.2404791732283464
0
LINE
8
BLACK
6
CONTINUOUS
10
5.5565342913385827
20
-2.2404791732283464
11
5.5544007086614169
21
-2.2436723228346458
0
LINE
8
BLACK
6
CONTINUOUS
10
5.5544007086614169
20
-2.2436723228346458
11
5.5512075590551184
21
-2.2458059055118111
0
LINE
8
BLACK
6
CONTINUOUS
10
5.5512075590551184
20
-2.2458059055118111
11
5.5474409842519687
21
-2.2465551181102361
0
LINE
8
BLACK
6
CONTINUOUS
10
5.5474409842519687
20
-2.2465551181102361
11
5.5194882283464564
21
-2.2465551181102361
0
LINE
8
BLACK
6
CONTINUOUS
10
5.5194882283464564
20
-2.2465551181102361
11
5.5157216535433067
21
-2.2458059055118111
0
LINE
8
BLACK
6
CONTINUOUS
10
5.5157216535433067
20
-2.2458059055118111
11
5.5125285039370073
21
-2.2436723228346458
0
LINE
8
BLACK
6
CONTINUOUS
10
5.5125285039370073
20
-2.2436723228346458
11
5.5103949212598424
21
-2.2404791732283464
0
LINE
8
BLACK
6
CONTINUOUS
10
5.5103949212598424
20
-2.2404791732283464
11
5.5096457086614175
21
-2.2367125984251968
0
LINE
8
BLACK
6
CONTINUOUS
10
5.5096457086614175
20
-2.2367125984251968
11
5.5096457086614175
21
-2.2150590551181102
0
LINE
8
BLACK
6
CONTINUOUS
10
5.5096457086614175
20
-2.2150590551181102
11
5.5103949212598424
21
-2.2112924803149605
0
LINE
8
BLACK
6
CONTINUOUS
10
5.5103949212598424
20
-2.2112924803149605
11
5.5125285039370073
21
-2.2080993307086612
0
LINE
8
BLACK
6
CONTINUOUS
10
5.5125285039370073
20
-2.2080993307086612
11
5.5157216535433067
21
-2.2059657480314958
0
LINE
8
BLACK
6
CONTINUOUS
10
5.5157216535433067
20
-2.2059657480314958
11
5.5194882283464564
21
-2.2052165354330708
0
LINE
8
BLACK
6
CONTINUOUS
10
5.5194882283464564
20
-2.2052165354330708
11
5.5474409842519687
21
-2.2052165354330708
0
LINE
8
BLACK
6
CONTINUOUS
10
5.5474409842519687
20
-2.2052165354330708
11
5.5512075590551184
21
-2.2059657480314958
0
LINE
8
BLACK
6
CONTINUOUS
10
5.6102626771653545
20
-2.2059657480314958
11
5.613455826771653
21
-2.2080993307086612
0
LINE
8
BLACK
6
CONTINUOUS
10
5.613455826771653
20
-2.2080993307086612
11
5.6155894094488188
21
-2.2112924803149605
0
LINE
8
BLACK
6
CONTINUOUS
10
5.6155894094488188
20
-2.2112924803149605
11
5.6163386220472438
21
-2.2150590551181102
0
LINE
8
BLACK
6
CONTINUOUS
10
5.6163386220472438
20
-2.2150590551181102
11
5.6163386220472438
21
-2.2367125984251968
0
LINE
8
BLACK
6
CONTINUOUS
10
5.6163386220472438
20
-2.2367125984251968
11
5.6155894094488188
21
-2.2404791732283464
0
LINE
8
BLACK
6
CONTINUOUS
10
5.6155894094488188
20
-2.2404791732283464
11
5.613455826771653
21
-2.2436723228346458
0
LINE
8
BLACK
6
CONTINUOUS
10
5.613455826771653
20
-2.2436723228346458
11
5.6102626771653545
21
-2.2458059055118111
0
LINE
8
BLACK
6
CONTINUOUS
10
5.6102626771653545
20
-2.2458059055118111
11
5.6064961023622049
21
-2.2465551181102361
0
LINE
8
BLACK
6
CONTINUOUS
10
5.6064961023622049
20
-2.2465551181102361
11
5.5785433464566925
21
-2.2465551181102361
0
LINE
8
BLACK
6
CONTINUOUS
10
5.5785433464566925
20
-2.2465551181102361
11
5.5747767716535428
21
-2.2458059055118111
0
LINE
8
BLACK
6
CONTINUOUS
10
5.5747767716535428
20
-2.2458059055118111
11
5.5715836220472443
21
-2.2436723228346458
0
LINE
8
BLACK
6
CONTINUOUS
10
5.5715836220472443
20
-2.2436723228346458
11
5.5694500393700785
21
-2.2404791732283464
0
LINE
8
BLACK
6
CONTINUOUS
10
5.5694500393700785
20
-2.2404791732283464
11
5.5687008267716536
21
-2.2367125984251968
0
LINE
8
BLACK
6
CONTINUOUS
10
5.5687008267716536
20
-2.2367125984251968
11
5.5687008267716536
21
-2.2150590551181102
0
LINE
8
BLACK
6
CONTINUOUS
10
5.5687008267716536
20
-2.2150590551181102
11
5.5694500393700785
21
-2.2112924803149605
0
LINE
8
BLACK
6
CONTINUOUS
10
5.5694500393700785
20
-2.2112924803149605
11
5.5715836220472443
21
-2.2080993307086612
0
LINE
8
BLACK
6
CONTINUOUS
10
5.5715836220472443
20
-2.2080993307086612
11
5.5747767716535428
21
-2.2059657480314958
0
LINE
8
BLACK
6
CONTINUOUS
10
5.5747767716535428
20
-2.2059657480314958
11
5.5785433464566925
21
-2.2052165354330708
0
LINE
8
BLACK
6
CONTINUOUS
10
5.5785433464566925
20
-2.2052165354330708
11
5.6064961023622049
21
-2.2052165354330708
0
LINE
8
BLACK
6
CONTINUOUS
10
5.6064961023622049
20
-2.2052165354330708
11
5.6102626771653545
21
-2.2059657480314958
0
LINE
8
BLACK
6
CONTINUOUS
10
4.8229633070866145
20
-2.2268351181102362
11
4.8242405905511809
21
-2.2276885433070865
0
LINE
8
BLACK
6
CONTINUOUS
10
4.8242405905511809
20
-2.2276885433070865
11
4.8250940157480313
21
-2.2289658267716534
0
LINE
8
BLACK
6
CONTINUOUS
10
4.8250940157480313
20
-2.2289658267716534
11
4.8253937007874015
21
-2.2304724409448817
0
LINE
8
BLACK
6
CONTINUOUS
10
4.8253937007874015
20
-2.2304724409448817
11
4.8253937007874015
21
-2.2383464566929132
0
LINE
8
BLACK
6
CONTINUOUS
10
4.8253937007874015
20
-2.2383464566929132
11
4.8250940157480313
21
-2.2398530708661415
0
LINE
8
BLACK
6
CONTINUOUS
10
4.8250940157480313
20
-2.2398530708661415
11
4.8242405905511809
21
-2.2411303543307084
0
LINE
8
BLACK
6
CONTINUOUS
10
4.8242405905511809
20
-2.2411303543307084
11
4.8229633070866145
21
-2.2419837795275588
0
LINE
8
BLACK
6
CONTINUOUS
10
4.8229633070866145
20
-2.2419837795275588
11
4.8214566929133857
21
-2.242283464566929
0
LINE
8
BLACK
6
CONTINUOUS
10
4.8214566929133857
20
-2.242283464566929
11
4.8037401574803145
21
-2.242283464566929
0
LINE
8
BLACK
6
CONTINUOUS
10
4.8037401574803145
20
-2.242283464566929
11
4.8022335433070866
21
-2.2419837795275588
0
LINE
8
BLACK
6
CONTINUOUS
10
4.8022335433070866
20
-2.2419837795275588
11
4.8009562598425193
21
-2.2411303543307084
0
LINE
8
BLACK
6
CONTINUOUS
10
4.8009562598425193
20
-2.2411303543307084
11
4.8001028346456689
21
-2.2398530708661415
0
LINE
8
BLACK
6
CONTINUOUS
10
4.8001028346456689
20
-2.2398530708661415
11
4.7998031496062987
21
-2.2383464566929132
0
LINE
8
BLACK
6
CONTINUOUS
10
4.7998031496062987
20
-2.2383464566929132
11
4.7998031496062987
21
-2.2304724409448817
0
LINE
8
BLACK
6
CONTINUOUS
10
4.7998031496062987
20
-2.2304724409448817
11
4.8001028346456689
21
-2.2289658267716534
0
LINE
8
BLACK
6
CONTINUOUS
10
4.8001028346456689
20
-2.2289658267716534
11
4.8009562598425193
21
-2.2276885433070865
0
LINE
8
BLACK
6
CONTINUOUS
10
4.8009562598425193
20
-2.2276885433070865
11
4.8022335433070866
21
-2.2268351181102362
0
LINE
8
BLACK
6
CONTINUOUS
10
4.8022335433070866
20
-2.2268351181102362
11
4.8037401574803145
21
-2.226535433070866
0
LINE
8
BLACK
6
CONTINUOUS
10
4.8037401574803145
20
-2.226535433070866
11
4.8214566929133857
21
-2.226535433070866
0
LINE
8
BLACK
6
CONTINUOUS
10
4.8214566929133857
20
-2.226535433070866
11
4.8229633070866145
21
-2.2268351181102362
0
LINE
8
BLACK
6
CONTINUOUS
10
5.3512075196850395
20
-2.1818515354330708
11
5.3544006692913388
21
-2.1839851181102361
0
LINE
8
BLACK
6
CONTINUOUS
10
5.3544006692913388
20
-2.1839851181102361
11
5.3565342519685037
21
-2.1871782677165355
0
LINE
8
BLACK
6
CONTINUOUS
10
5.3565342519685037
20
-2.1871782677165355
11
5.3572834645669287
21
-2.1909448425196851
0
LINE
8
BLACK
6
CONTINUOUS
10
5.3572834645669287
20
-2.1909448425196851
11
5.3572834645669287
21
-2.2224409055118111
0
LINE
8
BLACK
6
CONTINUOUS
10
5.3572834645669287
20
-2.2224409055118111
11
5.3565342519685037
21
-2.2262074803149607
0
LINE
8
BLACK
6
CONTINUOUS
10
5.3565342519685037
20
-2.2262074803149607
11
5.3544006692913388
21
-2.2294006299212596
0
LINE
8
BLACK
6
CONTINUOUS
10
5.3544006692913388
20
-2.2294006299212596
11
5.3512075196850395
21
-2.231534212598425
0
LINE
8
BLACK
6
CONTINUOUS
10
5.3512075196850395
20
-2.231534212598425
11
5.3474409448818898
21
-2.2322834251968504
0
LINE
8
BLACK
6
CONTINUOUS
10
5.3474409448818898
20
-2.2322834251968504
11
5.2982283464566926
21
-2.2322834251968504
0
LINE
8
BLACK
6
CONTINUOUS
10
5.2982283464566926
20
-2.2322834251968504
11
5.2944617716535429
21
-2.231534212598425
0
LINE
8
BLACK
6
CONTINUOUS
10
5.2944617716535429
20
-2.231534212598425
11
5.2912686220472436
21
-2.2294006299212596
0
LINE
8
BLACK
6
CONTINUOUS
10
5.2912686220472436
20
-2.2294006299212596
11
5.2891350393700787
21
-2.2262074803149607
0
LINE
8
BLACK
6
CONTINUOUS
10
5.2891350393700787
20
-2.2262074803149607
11
5.2883858267716537
21
-2.2224409055118111
0
LINE
8
BLACK
6
CONTINUOUS
10
5.2883858267716537
20
-2.2224409055118111
11
5.2883858267716537
21
-2.1909448425196851
0
LINE
8
BLACK
6
CONTINUOUS
10
5.2883858267716537
20
-2.1909448425196851
11
5.2891350393700787
21
-2.1871782677165355
0
LINE
8
BLACK
6
CONTINUOUS
10
5.2891350393700787
20
-2.1871782677165355
11
5.2912686220472436
21
-2.1839851181102361
0
LINE
8
BLACK
6
CONTINUOUS
10
5.2912686220472436
20
-2.1839851181102361
11
5.2944617716535429
21
-2.1818515354330708
0
LINE
8
BLACK
6
CONTINUOUS
10
5.2944617716535429
20
-2.1818515354330708
11
5.2982283464566926
21
-2.1811023228346458
0
LINE
8
BLACK
6
CONTINUOUS
10
5.2982283464566926
20
-2.1811023228346458
11
5.3474409448818898
21
-2.1811023228346458
0
LINE
8
BLACK
6
CONTINUOUS
10
5.3474409448818898
20
-2.1811023228346458
11
5.3512075196850395
21
-2.1818515354330708
0
LINE
8
BLACK
6
CONTINUOUS
10
4.6162874409448822
20
-2.2147916929133857
11
4.6172453937007871
21
-2.2154317716535434
0
LINE
8
BLACK
6
CONTINUOUS
10
4.6172453937007871
20
-2.2154317716535434
11
4.6178854724409444
21
-2.2163897244094488
0
LINE
8
BLACK
6
CONTINUOUS
10
4.6178854724409444
20
-2.2163897244094488
11
4.6181102362204722
21
-2.2175196850393699
0
LINE
8
BLACK
6
CONTINUOUS
10
4.6181102362204722
20
-2.2175196850393699
11
4.6181102362204722
21
-2.2234251968503935
0
LINE
8
BLACK
6
CONTINUOUS
10
4.6181102362204722
20
-2.2234251968503935
11
4.6178854724409444
21
-2.2245551574803151
0
LINE
8
BLACK
6
CONTINUOUS
10
4.6178854724409444
20
-2.2245551574803151
11
4.6172453937007871
21
-2.2255131102362204
0
LINE
8
BLACK
6
CONTINUOUS
10
4.6172453937007871
20
-2.2255131102362204
11
4.6162874409448822
21
-2.2261531889763777
0
LINE
8
BLACK
6
CONTINUOUS
10
4.6162874409448822
20
-2.2261531889763777
11
4.6151574803149602
21
-2.2263779527559056
0
LINE
8
BLACK
6
CONTINUOUS
10
4.6151574803149602
20
-2.2263779527559056
11
4.5866141732283463
21
-2.2263779527559056
0
LINE
8
BLACK
6
CONTINUOUS
10
4.5866141732283463
20
-2.2263779527559056
11
4.5854842125984252
21
-2.2261531889763777
0
LINE
8
BLACK
6
CONTINUOUS
10
4.5854842125984252
20
-2.2261531889763777
11
4.5845262598425194
21
-2.2255131102362204
0
LINE
8
BLACK
6
CONTINUOUS
10
4.5845262598425194
20
-2.2255131102362204
11
4.5838861811023621
21
-2.2245551574803151
0
LINE
8
BLACK
6
CONTINUOUS
10
4.5838861811023621
20
-2.2245551574803151
11
4.5836614173228343
21
-2.2234251968503935
0
LINE
8
BLACK
6
CONTINUOUS
10
4.5836614173228343
20
-2.2234251968503935
11
4.5836614173228343
21
-2.2175196850393699
0
LINE
8
BLACK
6
CONTINUOUS
10
4.5836614173228343
20
-2.2175196850393699
11
4.5838861811023621
21
-2.2163897244094488
0
LINE
8
BLACK
6
CONTINUOUS
10
4.5838861811023621
20
-2.2163897244094488
11
4.5845262598425194
21
-2.2154317716535434
0
LINE
8
BLACK
6
CONTINUOUS
10
4.5845262598425194
20
-2.2154317716535434
11
4.5854842125984252
21
-2.2147916929133857
0
LINE
8
BLACK
6
CONTINUOUS
10
4.5854842125984252
20
-2.2147916929133857
11
4.5866141732283463
21
-2.2145669291338583
0
LINE
8
BLACK
6
CONTINUOUS
10
4.5866141732283463
20
-2.2145669291338583
11
4.6151574803149602
21
-2.2145669291338583
0
LINE
8
BLACK
6
CONTINUOUS
10
4.6151574803149602
20
-2.2145669291338583
11
4.6162874409448822
21
-2.2147916929133857
0
LINE
8
BLACK
6
CONTINUOUS
10
4.7688464960629924
20
-2.2147916929133857
11
4.7698044488188973
21
-2.2154317716535434
0
LINE
8
BLACK
6
CONTINUOUS
10
4.7698044488188973
20
-2.2154317716535434
11
4.7704445275590546
21
-2.2163897244094488
0
LINE
8
BLACK
6
CONTINUOUS
10
4.7704445275590546
20
-2.2163897244094488
11
4.7706692913385824
21
-2.2175196850393699
0
LINE
8
BLACK
6
CONTINUOUS
10
4.7706692913385824
20
-2.2175196850393699
11
4.7706692913385824
21
-2.2234251968503935
0
LINE
8
BLACK
6
CONTINUOUS
10
4.7706692913385824
20
-2.2234251968503935
11
4.7704445275590546
21
-2.2245551574803151
0
LINE
8
BLACK
6
CONTINUOUS
10
4.7704445275590546
20
-2.2245551574803151
11
4.7698044488188973
21
-2.2255131102362204
0
LINE
8
BLACK
6
CONTINUOUS
10
4.7698044488188973
20
-2.2255131102362204
11
4.7688464960629924
21
-2.2261531889763777
0
LINE
8
BLACK
6
CONTINUOUS
10
4.7688464960629924
20
-2.2261531889763777
11
4.7677165354330704
21
-2.2263779527559056
0
LINE
8
BLACK
6
CONTINUOUS
10
4.7677165354330704
20
-2.2263779527559056
11
4.7391732283464565
21
-2.2263779527559056
0
LINE
8
BLACK
6
CONTINUOUS
10
4.7391732283464565
20
-2.2263779527559056
11
4.7380432677165354
21
-2.2261531889763777
0
LINE
8
BLACK
6
CONTINUOUS
10
4.7380432677165354
20
-2.2261531889763777
11
4.7370853149606296
21
-2.2255131102362204
0
LINE
8
BLACK
6
CONTINUOUS
10
4.7370853149606296
20
-2.2255131102362204
11
4.7364452362204723
21
-2.2245551574803151
0
LINE
8
BLACK
6
CONTINUOUS
10
4.7364452362204723
20
-2.2245551574803151
11
4.7362204724409445
21
-2.2234251968503935
0
LINE
8
BLACK
6
CONTINUOUS
10
4.7362204724409445
20
-2.2234251968503935
11
4.7362204724409445
21
-2.2175196850393699
0
LINE
8
BLACK
6
CONTINUOUS
10
4.7362204724409445
20
-2.2175196850393699
11
4.7364452362204723
21
-2.2163897244094488
0
LINE
8
BLACK
6
CONTINUOUS
10
4.7364452362204723
20
-2.2163897244094488
11
4.7370853149606296
21
-2.2154317716535434
0
LINE
8
BLACK
6
CONTINUOUS
10
4.7370853149606296
20
-2.2154317716535434
11
4.7380432677165354
21
-2.2147916929133857
0
LINE
8
BLACK
6
CONTINUOUS
10
4.7380432677165354
20
-2.2147916929133857
11
4.7391732283464565
21
-2.2145669291338583
0
LINE
8
BLACK
6
CONTINUOUS
10
4.7391732283464565
20
-2.2145669291338583
11
4.7677165354330704
21
-2.2145669291338583
0
LINE
8
BLACK
6
CONTINUOUS
10
4.7677165354330704
20
-2.2145669291338583
11
4.7688464960629924
21
-2.2147916929133857
0
LINE
8
BLACK
6
CONTINUOUS
10
4.9582662204724413
20
-2.1886476377952757
11
4.9610602362204723
21
-2.190514527559055
0
LINE
8
BLACK
6
CONTINUOUS
10
4.9610602362204723
20
-2.190514527559055
11
4.962927125984252
21
-2.1933085433070865
0
LINE
8
BLACK
6
CONTINUOUS
10
4.962927125984252
20
-2.1933085433070865
11
4.9635826771653546
21
-2.1966042913385828
0
LINE
8
BLACK
6
CONTINUOUS
10
4.9635826771653546
20
-2.1966042913385828
11
4.9635826771653546
21
-2.2138287007874013
0
LINE
8
BLACK
6
CONTINUOUS
10
4.9635826771653546
20
-2.2138287007874013
11
4.962927125984252
21
-2.2171244488188977
0
LINE
8
BLACK
6
CONTINUOUS
10
4.962927125984252
20
-2.2171244488188977
11
4.9610602362204723
21
-2.2199184645669292
0
LINE
8
BLACK
6
CONTINUOUS
10
4.9610602362204723
20
-2.2199184645669292
11
4.9582662204724413
21
-2.2217853543307085
0
LINE
8
BLACK
6
CONTINUOUS
10
4.9582662204724413
20
-2.2217853543307085
11
4.9549704724409445
21
-2.2224409055118111
0
LINE
8
BLACK
6
CONTINUOUS
10
4.9549704724409445
20
-2.2224409055118111
11
4.9347933070866139
21
-2.2224409055118111
0
LINE
8
BLACK
6
CONTINUOUS
10
4.9347933070866139
20
-2.2224409055118111
11
4.931497559055118
21
-2.2217853543307085
0
LINE
8
BLACK
6
CONTINUOUS
10
4.931497559055118
20
-2.2217853543307085
11
4.9287035433070869
21
-2.2199184645669292
0
LINE
8
BLACK
6
CONTINUOUS
10
4.9287035433070869
20
-2.2199184645669292
11
4.9268366535433072
21
-2.2171244488188977
0
LINE
8
BLACK
6
CONTINUOUS
10
4.9268366535433072
20
-2.2171244488188977
11
4.9261811023622046
21
-2.2138287007874013
0
LINE
8
BLACK
6
CONTINUOUS
10
4.9261811023622046
20
-2.2138287007874013
11
4.9261811023622046
21
-2.1966042913385828
0
LINE
8
BLACK
6
CONTINUOUS
10
4.9261811023622046
20
-2.1966042913385828
11
4.9268366535433072
21
-2.1933085433070865
0
LINE
8
BLACK
6
CONTINUOUS
10
4.9268366535433072
20
-2.1933085433070865
11
4.9287035433070869
21
-2.190514527559055
0
LINE
8
BLACK
6
CONTINUOUS
10
4.9287035433070869
20
-2.190514527559055
11
4.931497559055118
21
-2.1886476377952757
0
LINE
8
BLACK
6
CONTINUOUS
10
4.931497559055118
20
-2.1886476377952757
11
4.9347933070866139
21
-2.1879920866141731
0
LINE
8
BLACK
6
CONTINUOUS
10
4.9347933070866139
20
-2.1879920866141731
11
4.9549704724409445
21
-2.1879920866141731
0
LINE
8
BLACK
6
CONTINUOUS
10
4.9549704724409445
20
-2.1879920866141731
11
4.9582662204724413
21
-2.1886476377952757
0
LINE
8
BLACK
6
CONTINUOUS
10
5.1866126771653542
20
-2.1886476377952757
11
5.1894066929133853
21
-2.190514527559055
0
LINE
8
BLACK
6
CONTINUOUS
10
5.1894066929133853
20
-2.190514527559055
11
5.191273582677165
21
-2.1933085433070865
0
LINE
8
BLACK
6
CONTINUOUS
10
5.191273582677165
20
-2.1933085433070865
11
5.1919291338582676
21
-2.1966042913385828
0
LINE
8
BLACK
6
CONTINUOUS
10
5.1919291338582676
20
-2.1966042913385828
11
5.1919291338582676
21
-2.2138287007874013
0
LINE
8
BLACK
6
CONTINUOUS
10
5.1919291338582676
20
-2.2138287007874013
11
5.191273582677165
21
-2.2171244488188977
0
LINE
8
BLACK
6
CONTINUOUS
10
5.191273582677165
20
-2.2171244488188977
11
5.1894066929133853
21
-2.2199184645669292
0
LINE
8
BLACK
6
CONTINUOUS
10
5.1894066929133853
20
-2.2199184645669292
11
5.1866126771653542
21
-2.2217853543307085
0
LINE
8
BLACK
6
CONTINUOUS
10
5.1866126771653542
20
-2.2217853543307085
11
5.1833169291338583
21
-2.2224409055118111
0
LINE
8
BLACK
6
CONTINUOUS
10
5.1833169291338583
20
-2.2224409055118111
11
5.1631397637795278
21
-2.2224409055118111
0
LINE
8
BLACK
6
CONTINUOUS
10
5.1631397637795278
20
-2.2224409055118111
11
5.159844015748031
21
-2.2217853543307085
0
LINE
8
BLACK
6
CONTINUOUS
10
5.159844015748031
20
-2.2217853543307085
11
5.1570499999999999
21
-2.2199184645669292
0
LINE
8
BLACK
6
CONTINUOUS
10
5.1570499999999999
20
-2.2199184645669292
11
5.1551831102362202
21
-2.2171244488188977
0
LINE
8
BLACK
6
CONTINUOUS
10
5.1551831102362202
20
-2.2171244488188977
11
5.1545275590551176
21
-2.2138287007874013
0
LINE
8
BLACK
6
CONTINUOUS
10
5.1545275590551176
20
-2.2138287007874013
11
5.1545275590551176
21
-2.1966042913385828
0
LINE
8
BLACK
6
CONTINUOUS
10
5.1545275590551176
20
-2.1966042913385828
11
5.1551831102362202
21
-2.1933085433070865
0
LINE
8
BLACK
6
CONTINUOUS
10
5.1551831102362202
20
-2.1933085433070865
11
5.1570499999999999
21
-2.190514527559055
0
LINE
8
BLACK
6
CONTINUOUS
10
5.1570499999999999
20
-2.190514527559055
11
5.159844015748031
21
-2.1886476377952757
0
LINE
8
BLACK
6
CONTINUOUS
10
5.159844015748031
20
-2.1886476377952757
11
5.1631397637795278
21
-2.1879920866141731
0
LINE
8
BLACK
6
CONTINUOUS
10
5.1631397637795278
20
-2.1879920866141731
11
5.1833169291338583
21
-2.1879920866141731
0
LINE
8
BLACK
6
CONTINUOUS
10
5.1833169291338583
20
-2.1879920866141731
11
5.1866126771653542
21
-2.1886476377952757
0
LINE
8
BLACK
6
CONTINUOUS
10
4.8229633070866145
20
-2.2012445669291338
11
4.8242405905511809
21
-2.2020979921259842
0
LINE
8
BLACK
6
CONTINUOUS
10
4.8242405905511809
20
-2.2020979921259842
11
4.8250940157480313
21
-2.2033752755905511
0
LINE
8
BLACK
6
CONTINUOUS
10
4.8250940157480313
20
-2.2033752755905511
11
4.8253937007874015
21
-2.2048818897637794
0
LINE
8
BLACK
6
CONTINUOUS
10
4.8253937007874015
20
-2.2048818897637794
11
4.8253937007874015
21
-2.2127559055118109
0
LINE
8
BLACK
6
CONTINUOUS
10
4.8253937007874015
20
-2.2127559055118109
11
4.8250940157480313
21
-2.2142625196850392
0
LINE
8
BLACK
6
CONTINUOUS
10
4.8250940157480313
20
-2.2142625196850392
11
4.8242405905511809
21
-2.2155398031496061
0
LINE
8
BLACK
6
CONTINUOUS
10
4.8242405905511809
20
-2.2155398031496061
11
4.8229633070866145
21
-2.2163932283464565
0
LINE
8
BLACK
6
CONTINUOUS
10
4.8229633070866145
20
-2.2163932283464565
11
4.8214566929133857
21
-2.2166929133858266
0
LINE
8
BLACK
6
CONTINUOUS
10
4.8214566929133857
20
-2.2166929133858266
11
4.8037401574803145
21
-2.2166929133858266
0
LINE
8
BLACK
6
CONTINUOUS
10
4.8037401574803145
20
-2.2166929133858266
11
4.8022335433070866
21
-2.2163932283464565
0
LINE
8
BLACK
6
CONTINUOUS
10
4.8022335433070866
20
-2.2163932283464565
11
4.8009562598425193
21
-2.2155398031496061
0
LINE
8
BLACK
6
CONTINUOUS
10
4.8009562598425193
20
-2.2155398031496061
11
4.8001028346456689
21
-2.2142625196850392
0
LINE
8
BLACK
6
CONTINUOUS
10
4.8001028346456689
20
-2.2142625196850392
11
4.7998031496062987
21
-2.2127559055118109
0
LINE
8
BLACK
6
CONTINUOUS
10
4.7998031496062987
20
-2.2127559055118109
11
4.7998031496062987
21
-2.2048818897637794
0
LINE
8
BLACK
6
CONTINUOUS
10
4.7998031496062987
20
-2.2048818897637794
11
4.8001028346456689
21
-2.2033752755905511
0
LINE
8
BLACK
6
CONTINUOUS
10
4.8001028346456689
20
-2.2033752755905511
11
4.8009562598425193
21
-2.2020979921259842
0
LINE
8
BLACK
6
CONTINUOUS
10
4.8009562598425193
20
-2.2020979921259842
11
4.8022335433070866
21
-2.2012445669291338
0
LINE
8
BLACK
6
CONTINUOUS
10
4.8022335433070866
20
-2.2012445669291338
11
4.8037401574803145
21
-2.2009448818897637
0
LINE
8
BLACK
6
CONTINUOUS
10
4.8037401574803145
20
-2.2009448818897637
11
4.8214566929133857
21
-2.2009448818897637
0
LINE
8
BLACK
6
CONTINUOUS
10
4.8214566929133857
20
-2.2009448818897637
11
4.8229633070866145
21
-2.2012445669291338
0
LINE
8
BLACK
6
CONTINUOUS
10
4.8977664566929136
20
-2.2012445669291338
11
4.89904374015748
21
-2.2020979921259842
0
LINE
8
BLACK
6
CONTINUOUS
10
4.89904374015748
20
-2.2020979921259842
11
4.8998971653543304
21
-2.2033752755905511
0
LINE
8
BLACK
6
CONTINUOUS
10
4.8998971653543304
20
-2.2033752755905511
11
4.9001968503937006
21
-2.2048818897637794
0
LINE
8
BLACK
6
CONTINUOUS
10
4.9001968503937006
20
-2.2048818897637794
11
4.9001968503937006
21
-2.2127559055118109
0
LINE
8
BLACK
6
CONTINUOUS
10
4.9001968503937006
20
-2.2127559055118109
11
4.8998971653543304
21
-2.2142625196850392
0
LINE
8
BLACK
6
CONTINUOUS
10
4.8998971653543304
20
-2.2142625196850392
11
4.89904374015748
21
-2.2155398031496061
0
LINE
8
BLACK
6
CONTINUOUS
10
4.89904374015748
20
-2.2155398031496061
11
4.8977664566929136
21
-2.2163932283464565
0
LINE
8
BLACK
6
CONTINUOUS
10
4.8977664566929136
20
-2.2163932283464565
11
4.8962598425196848
21
-2.2166929133858266
0
LINE
8
BLACK
6
CONTINUOUS
10
4.8962598425196848
20
-2.2166929133858266
11
4.8785433070866144
21
-2.2166929133858266
0
LINE
8
BLACK
6
CONTINUOUS
10
4.8785433070866144
20
-2.2166929133858266
11
4.8770366929133857
21
-2.2163932283464565
0
LINE
8
BLACK
6
CONTINUOUS
10
4.8770366929133857
20
-2.2163932283464565
11
4.8757594094488184
21
-2.2155398031496061
0
LINE
8
BLACK
6
CONTINUOUS
10
4.8757594094488184
20
-2.2155398031496061
11
4.874905984251968
21
-2.2142625196850392
0
LINE
8
BLACK
6
CONTINUOUS
10
4.874905984251968
20
-2.2142625196850392
11
4.8746062992125987
21
-2.2127559055118109
0
LINE
8
BLACK
6
CONTINUOUS
10
4.8746062992125987
20
-2.2127559055118109
11
4.8746062992125987
21
-2.2048818897637794
0
LINE
8
BLACK
6
CONTINUOUS
10
4.8746062992125987
20
-2.2048818897637794
11
4.874905984251968
21
-2.2033752755905511
0
LINE
8
BLACK
6
CONTINUOUS
10
4.874905984251968
20
-2.2033752755905511
11
4.8757594094488184
21
-2.2020979921259842
0
LINE
8
BLACK
6
CONTINUOUS
10
4.8757594094488184
20
-2.2020979921259842
11
4.8770366929133857
21
-2.2012445669291338
0
LINE
8
BLACK
6
CONTINUOUS
10
4.8770366929133857
20
-2.2012445669291338
11
4.8785433070866144
21
-2.2009448818897637
0
LINE
8
BLACK
6
CONTINUOUS
10
4.8785433070866144
20
-2.2009448818897637
11
4.8962598425196848
21
-2.2009448818897637
0
LINE
8
BLACK
6
CONTINUOUS
10
4.8962598425196848
20
-2.2009448818897637
11
4.8977664566929136
21
-2.2012445669291338
0
LINE
8
BLACK
6
CONTINUOUS
10
4.6661681889763775
20
-2.1521271653543308
11
4.6693613385826769
21
-2.1542607480314961
0
LINE
8
BLACK
6
CONTINUOUS
10
4.6693613385826769
20
-2.1542607480314961
11
4.6714949212598427
21
-2.157453897637795
0
LINE
8
BLACK
6
CONTINUOUS
10
4.6714949212598427
20
-2.157453897637795
11
4.6722441338582676
21
-2.1612204724409447
0
LINE
8
BLACK
6
CONTINUOUS
10
4.6722441338582676
20
-2.1612204724409447
11
4.6722441338582676
21
-2.1891732283464567
0
LINE
8
BLACK
6
CONTINUOUS
10
4.6722441338582676
20
-2.1891732283464567
11
4.6714949212598427
21
-2.1929398031496063
0
LINE
8
BLACK
6
CONTINUOUS
10
4.6714949212598427
20
-2.1929398031496063
11
4.6693613385826769
21
-2.1961329527559053
0
LINE
8
BLACK
6
CONTINUOUS
10
4.6693613385826769
20
-2.1961329527559053
11
4.6661681889763775
21
-2.1982665354330706
0
LINE
8
BLACK
6
CONTINUOUS
10
4.6661681889763775
20
-2.1982665354330706
11
4.6624016141732278
21
-2.199015748031496
0
LINE
8
BLACK
6
CONTINUOUS
10
4.6624016141732278
20
-2.199015748031496
11
4.6407480708661417
21
-2.199015748031496
0
LINE
8
BLACK
6
CONTINUOUS
10
4.6407480708661417
20
-2.199015748031496
11
4.636981496062992
21
-2.1982665354330706
0
LINE
8
BLACK
6
CONTINUOUS
10
4.636981496062992
20
-2.1982665354330706
11
4.6337883464566927
21
-2.1961329527559053
0
LINE
8
BLACK
6
CONTINUOUS
10
4.6337883464566927
20
-2.1961329527559053
11
4.6316547637795278
21
-2.1929398031496063
0
LINE
8
BLACK
6
CONTINUOUS
10
4.6316547637795278
20
-2.1929398031496063
11
4.6309055511811019
21
-2.1891732283464567
0
LINE
8
BLACK
6
CONTINUOUS
10
4.6309055511811019
20
-2.1891732283464567
11
4.6309055511811019
21
-2.1612204724409447
0
LINE
8
BLACK
6
CONTINUOUS
10
4.6309055511811019
20
-2.1612204724409447
11
4.6316547637795278
21
-2.157453897637795
0
LINE
8
BLACK
6
CONTINUOUS
10
4.6316547637795278
20
-2.157453897637795
11
4.6337883464566927
21
-2.1542607480314961
0
LINE
8
BLACK
6
CONTINUOUS
10
4.6337883464566927
20
-2.1542607480314961
11
4.636981496062992
21
-2.1521271653543308
0
LINE
8
BLACK
6
CONTINUOUS
10
4.636981496062992
20
-2.1521271653543308
11
4.6407480708661417
21
-2.1513779527559054
0
LINE
8
BLACK
6
CONTINUOUS
10
4.6407480708661417
20
-2.1513779527559054
11
4.6624016141732278
21
-2.1513779527559054
0
LINE
8
BLACK
6
CONTINUOUS
10
4.6624016141732278
20
-2.1513779527559054
11
4.6661681889763775
21
-2.1521271653543308
0
LINE
8
BLACK
6
CONTINUOUS
10
4.7173492125984247
20
-2.1521271653543308
11
4.720542362204724
21
-2.1542607480314961
0
LINE
8
BLACK
6
CONTINUOUS
10
4.720542362204724
20
-2.1542607480314961
11
4.7226759448818898
21
-2.157453897637795
0
LINE
8
BLACK
6
CONTINUOUS
10
4.7226759448818898
20
-2.157453897637795
11
4.7234251574803148
21
-2.1612204724409447
0
LINE
8
BLACK
6
CONTINUOUS
10
4.7234251574803148
20
-2.1612204724409447
11
4.7234251574803148
21
-2.1891732283464567
0
LINE
8
BLACK
6
CONTINUOUS
10
4.7234251574803148
20
-2.1891732283464567
11
4.7226759448818898
21
-2.1929398031496063
0
LINE
8
BLACK
6
CONTINUOUS
10
4.7226759448818898
20
-2.1929398031496063
11
4.720542362204724
21
-2.1961329527559053
0
LINE
8
BLACK
6
CONTINUOUS
10
4.720542362204724
20
-2.1961329527559053
11
4.7173492125984247
21
-2.1982665354330706
0
LINE
8
BLACK
6
CONTINUOUS
10
4.7173492125984247
20
-2.1982665354330706
11
4.7135826377952759
21
-2.199015748031496
0
LINE
8
BLACK
6
CONTINUOUS
10
4.7135826377952759
20
-2.199015748031496
11
4.6919290944881888
21
-2.199015748031496
0
LINE
8
BLACK
6
CONTINUOUS
10
4.6919290944881888
20
-2.199015748031496
11
4.6881625196850392
21
-2.1982665354330706
0
LINE
8
BLACK
6
CONTINUOUS
10
4.6881625196850392
20
-2.1982665354330706
11
4.6849693700787398
21
-2.1961329527559053
0
LINE
8
BLACK
6
CONTINUOUS
10
4.6849693700787398
20
-2.1961329527559053
11
4.6828357874015749
21
-2.1929398031496063
0
LINE
8
BLACK
6
CONTINUOUS
10
4.6828357874015749
20
-2.1929398031496063
11
4.6820865748031499
21
-2.1891732283464567
0
LINE
8
BLACK
6
CONTINUOUS
10
4.6820865748031499
20
-2.1891732283464567
11
4.6820865748031499
21
-2.1612204724409447
0
LINE
8
BLACK
6
CONTINUOUS
10
4.6820865748031499
20
-2.1612204724409447
11
4.6828357874015749
21
-2.157453897637795
0
LINE
8
BLACK
6
CONTINUOUS
10
4.6828357874015749
20
-2.157453897637795
11
4.6849693700787398
21
-2.1542607480314961
0
LINE
8
BLACK
6
CONTINUOUS
10
4.6849693700787398
20
-2.1542607480314961
11
4.6881625196850392
21
-2.1521271653543308
0
LINE
8
BLACK
6
CONTINUOUS
10
4.6881625196850392
20
-2.1521271653543308
11
4.6919290944881888
21
-2.1513779527559054
0
LINE
8
BLACK
6
CONTINUOUS
10
4.6919290944881888
20
-2.1513779527559054
11
4.7135826377952759
21
-2.1513779527559054
0
LINE
8
BLACK
6
CONTINUOUS
10
4.7135826377952759
20
-2.1513779527559054
11
4.7173492125984247
21
-2.1521271653543308
0
LINE
8
BLACK
6
CONTINUOUS
10
5.5512074803149609
20
-2.1547846456692912
11
5.5544006299212594
21
-2.1569182283464565
0
LINE
8
BLACK
6
CONTINUOUS
10
5.5544006299212594
20
-2.1569182283464565
11
5.5565342125984252
21
-2.1601113779527559
0
LINE
8
BLACK
6
CONTINUOUS
10
5.5565342125984252
20
-2.1601113779527559
11
5.5572834251968501
21
-2.1638779527559056
0
LINE
8
BLACK
6
CONTINUOUS
10
5.5572834251968501
20
-2.1638779527559056
11
5.5572834251968501
21
-2.1855314960629921
0
LINE
8
BLACK
6
CONTINUOUS
10
5.5572834251968501
20
-2.1855314960629921
11
5.5565342125984252
21
-2.1892980708661418
0
LINE
8
BLACK
6
CONTINUOUS
10
5.5565342125984252
20
-2.1892980708661418
11
5.5544006299212594
21
-2.1924912204724407
0
LINE
8
BLACK
6
CONTINUOUS
10
5.5544006299212594
20
-2.1924912204724407
11
5.5512074803149609
21
-2.1946248031496061
0
LINE
8
BLACK
6
CONTINUOUS
10
5.5512074803149609
20
-2.1946248031496061
11
5.5474409055118112
21
-2.1953740157480315
0
LINE
8
BLACK
6
CONTINUOUS
10
5.5474409055118112
20
-2.1953740157480315
11
5.5194881496062989
21
-2.1953740157480315
0
LINE
8
BLACK
6
CONTINUOUS
10
5.5194881496062989
20
-2.1953740157480315
11
5.5157215748031492
21
-2.1946248031496061
0
LINE
8
BLACK
6
CONTINUOUS
10
5.5157215748031492
20
-2.1946248031496061
11
5.5125284251968507
21
-2.1924912204724407
0
LINE
8
BLACK
6
CONTINUOUS
10
5.5125284251968507
20
-2.1924912204724407
11
5.5103948425196849
21
-2.1892980708661418
0
LINE
8
BLACK
6
CONTINUOUS
10
5.5103948425196849
20
-2.1892980708661418
11
5.5096456299212599
21
-2.1855314960629921
0
LINE
8
BLACK
6
CONTINUOUS
10
5.5096456299212599
20
-2.1855314960629921
11
5.5096456299212599
21
-2.1638779527559056
0
LINE
8
BLACK
6
CONTINUOUS
10
5.5096456299212599
20
-2.1638779527559056
11
5.5103948425196849
21
-2.1601113779527559
0
LINE
8
BLACK
6
CONTINUOUS
10
5.5103948425196849
20
-2.1601113779527559
11
5.5125284251968507
21
-2.1569182283464565
0
LINE
8
BLACK
6
CONTINUOUS
10
5.5125284251968507
20
-2.1569182283464565
11
5.5157215748031492
21
-2.1547846456692912
0
LINE
8
BLACK
6
CONTINUOUS
10
5.5157215748031492
20
-2.1547846456692912
11
5.5194881496062989
21
-2.1540354330708662
0
LINE
8
BLACK
6
CONTINUOUS
10
5.5194881496062989
20
-2.1540354330708662
11
5.5474409055118112
21
-2.1540354330708662
0
LINE
8
BLACK
6
CONTINUOUS
10
5.5474409055118112
20
-2.1540354330708662
11
5.5512074803149609
21
-2.1547846456692912
0
LINE
8
BLACK
6
CONTINUOUS
10
5.610262598425197
20
-2.1547846456692912
11
5.6134557480314955
21
-2.1569182283464565
0
LINE
8
BLACK
6
CONTINUOUS
10
5.6134557480314955
20
-2.1569182283464565
11
5.6155893307086613
21
-2.1601113779527559
0
LINE
8
BLACK
6
CONTINUOUS
10
5.6155893307086613
20
-2.1601113779527559
11
5.6163385433070863
21
-2.1638779527559056
0
LINE
8
BLACK
6
CONTINUOUS
10
5.6163385433070863
20
-2.1638779527559056
11
5.6163385433070863
21
-2.1855314960629921
0
LINE
8
BLACK
6
CONTINUOUS
10
5.6163385433070863
20
-2.1855314960629921
11
5.6155893307086613
21
-2.1892980708661418
0
LINE
8
BLACK
6
CONTINUOUS
10
5.6155893307086613
20
-2.1892980708661418
11
5.6134557480314955
21
-2.1924912204724407
0
LINE
8
BLACK
6
CONTINUOUS
10
5.6134557480314955
20
-2.1924912204724407
11
5.610262598425197
21
-2.1946248031496061
0
LINE
8
BLACK
6
CONTINUOUS
10
5.610262598425197
20
-2.1946248031496061
11
5.6064960236220474
21
-2.1953740157480315
0
LINE
8
BLACK
6
CONTINUOUS
10
5.6064960236220474
20
-2.1953740157480315
11
5.578543267716535
21
-2.1953740157480315
0
LINE
8
BLACK
6
CONTINUOUS
10
5.578543267716535
20
-2.1953740157480315
11
5.5747766929133853
21
-2.1946248031496061
0
LINE
8
BLACK
6
CONTINUOUS
10
5.5747766929133853
20
-2.1946248031496061
11
5.5715835433070868
21
-2.1924912204724407
0
LINE
8
BLACK
6
CONTINUOUS
10
5.5715835433070868
20
-2.1924912204724407
11
5.569449960629921
21
-2.1892980708661418
0
LINE
8
BLACK
6
CONTINUOUS
10
5.569449960629921
20
-2.1892980708661418
11
5.5687007480314961
21
-2.1855314960629921
0
LINE
8
BLACK
6
CONTINUOUS
10
5.5687007480314961
20
-2.1855314960629921
11
5.5687007480314961
21
-2.1638779527559056
0
LINE
8
BLACK
6
CONTINUOUS
10
5.5687007480314961
20
-2.1638779527559056
11
5.569449960629921
21
-2.1601113779527559
0
LINE
8
BLACK
6
CONTINUOUS
10
5.569449960629921
20
-2.1601113779527559
11
5.5715835433070868
21
-2.1569182283464565
0
LINE
8
BLACK
6
CONTINUOUS
10
5.5715835433070868
20
-2.1569182283464565
11
5.5747766929133853
21
-2.1547846456692912
0
LINE
8
BLACK
6
CONTINUOUS
10
5.5747766929133853
20
-2.1547846456692912
11
5.578543267716535
21
-2.1540354330708662
0
LINE
8
BLACK
6
CONTINUOUS
10
5.578543267716535
20
-2.1540354330708662
11
5.6064960236220474
21
-2.1540354330708662
0
LINE
8
BLACK
6
CONTINUOUS
10
5.6064960236220474
20
-2.1540354330708662
11
5.610262598425197
21
-2.1547846456692912
0
LINE
8
BLACK
6
CONTINUOUS
10
4.6162874409448822
20
-2.1832956299212598
11
4.6172453937007871
21
-2.1839357086614171
0
LINE
8
BLACK
6
CONTINUOUS
10
4.6172453937007871
20
-2.1839357086614171
11
4.6178854724409444
21
-2.1848936614173229
0
LINE
8
BLACK
6
CONTINUOUS
10
4.6178854724409444
20
-2.1848936614173229
11
4.6181102362204722
21
-2.186023622047244
0
LINE
8
BLACK
6
CONTINUOUS
10
4.6181102362204722
20
-2.186023622047244
11
4.6181102362204722
21
-2.1919291338582676
0
LINE
8
BLACK
6
CONTINUOUS
10
4.6181102362204722
20
-2.1919291338582676
11
4.6178854724409444
21
-2.1930590944881891
0
LINE
8
BLACK
6
CONTINUOUS
10
4.6178854724409444
20
-2.1930590944881891
11
4.6172453937007871
21
-2.1940170472440945
0
LINE
8
BLACK
6
CONTINUOUS
10
4.6172453937007871
20
-2.1940170472440945
11
4.6162874409448822
21
-2.1946571259842518
0
LINE
8
BLACK
6
CONTINUOUS
10
4.6162874409448822
20
-2.1946571259842518
11
4.6151574803149602
21
-2.1948818897637796
0
LINE
8
BLACK
6
CONTINUOUS
10
4.6151574803149602
20
-2.1948818897637796
11
4.5866141732283463
21
-2.1948818897637796
0
LINE
8
BLACK
6
CONTINUOUS
10
4.5866141732283463
20
-2.1948818897637796
11
4.5854842125984252
21
-2.1946571259842518
0
LINE
8
BLACK
6
CONTINUOUS
10
4.5854842125984252
20
-2.1946571259842518
11
4.5845262598425194
21
-2.1940170472440945
0
LINE
8
BLACK
6
CONTINUOUS
10
4.5845262598425194
20
-2.1940170472440945
11
4.5838861811023621
21
-2.1930590944881891
0
LINE
8
BLACK
6
CONTINUOUS
10
4.5838861811023621
20
-2.1930590944881891
11
4.5836614173228343
21
-2.1919291338582676
0
LINE
8
BLACK
6
CONTINUOUS
10
4.5836614173228343
20
-2.1919291338582676
11
4.5836614173228343
21
-2.186023622047244
0
LINE
8
BLACK
6
CONTINUOUS
10
4.5836614173228343
20
-2.186023622047244
11
4.5838861811023621
21
-2.1848936614173229
0
LINE
8
BLACK
6
CONTINUOUS
10
4.5838861811023621
20
-2.1848936614173229
11
4.5845262598425194
21
-2.1839357086614171
0
LINE
8
BLACK
6
CONTINUOUS
10
4.5845262598425194
20
-2.1839357086614171
11
4.5854842125984252
21
-2.1832956299212598
0
LINE
8
BLACK
6
CONTINUOUS
10
4.5854842125984252
20
-2.1832956299212598
11
4.5866141732283463
21
-2.1830708661417324
0
LINE
8
BLACK
6
CONTINUOUS
10
4.5866141732283463
20
-2.1830708661417324
11
4.6151574803149602
21
-2.1830708661417324
0
LINE
8
BLACK
6
CONTINUOUS
10
4.6151574803149602
20
-2.1830708661417324
11
4.6162874409448822
21
-2.1832956299212598
0
LINE
8
BLACK
6
CONTINUOUS
10
4.7688464960629924
20
-2.1832956299212598
11
4.7698044488188973
21
-2.1839357086614171
0
LINE
8
BLACK
6
CONTINUOUS
10
4.7698044488188973
20
-2.1839357086614171
11
4.7704445275590546
21
-2.1848936614173229
0
LINE
8
BLACK
6
CONTINUOUS
10
4.7704445275590546
20
-2.1848936614173229
11
4.7706692913385824
21
-2.186023622047244
0
LINE
8
BLACK
6
CONTINUOUS
10
4.7706692913385824
20
-2.186023622047244
11
4.7706692913385824
21
-2.1919291338582676
0
LINE
8
BLACK
6
CONTINUOUS
10
4.7706692913385824
20
-2.1919291338582676
11
4.7704445275590546
21
-2.1930590944881891
0
LINE
8
BLACK
6
CONTINUOUS
10
4.7704445275590546
20
-2.1930590944881891
11
4.7698044488188973
21
-2.1940170472440945
0
LINE
8
BLACK
6
CONTINUOUS
10
4.7698044488188973
20
-2.1940170472440945
11
4.7688464960629924
21
-2.1946571259842518
0
LINE
8
BLACK
6
CONTINUOUS
10
4.7688464960629924
20
-2.1946571259842518
11
4.7677165354330704
21
-2.1948818897637796
0
LINE
8
BLACK
6
CONTINUOUS
10
4.7677165354330704
20
-2.1948818897637796
11
4.7391732283464565
21
-2.1948818897637796
0
LINE
8
BLACK
6
CONTINUOUS
10
4.7391732283464565
20
-2.1948818897637796
11
4.7380432677165354
21
-2.1946571259842518
0
LINE
8
BLACK
6
CONTINUOUS
10
4.7380432677165354
20
-2.1946571259842518
11
4.7370853149606296
21
-2.1940170472440945
0
LINE
8
BLACK
6
CONTINUOUS
10
4.7370853149606296
20
-2.1940170472440945
11
4.7364452362204723
21
-2.1930590944881891
0
LINE
8
BLACK
6
CONTINUOUS
10
4.7364452362204723
20
-2.1930590944881891
11
4.7362204724409445
21
-2.1919291338582676
0
LINE
8
BLACK
6
CONTINUOUS
10
4.7362204724409445
20
-2.1919291338582676
11
4.7362204724409445
21
-2.186023622047244
0
LINE
8
BLACK
6
CONTINUOUS
10
4.7362204724409445
20
-2.186023622047244
11
4.7364452362204723
21
-2.1848936614173229
0
LINE
8
BLACK
6
CONTINUOUS
10
4.7364452362204723
20
-2.1848936614173229
11
4.7370853149606296
21
-2.1839357086614171
0
LINE
8
BLACK
6
CONTINUOUS
10
4.7370853149606296
20
-2.1839357086614171
11
4.7380432677165354
21
-2.1832956299212598
0
LINE
8
BLACK
6
CONTINUOUS
10
4.7380432677165354
20
-2.1832956299212598
11
4.7391732283464565
21
-2.1830708661417324
0
LINE
8
BLACK
6
CONTINUOUS
10
4.7391732283464565
20
-2.1830708661417324
11
4.7677165354330704
21
-2.1830708661417324
0
LINE
8
BLACK
6
CONTINUOUS
10
4.7677165354330704
20
-2.1830708661417324
11
4.7688464960629924
21
-2.1832956299212598
0
LINE
8
BLACK
6
CONTINUOUS
10
4.6162874409448822
20
-2.1517995275590551
11
4.6172453937007871
21
-2.1524396062992124
0
LINE
8
BLACK
6
CONTINUOUS
10
4.6172453937007871
20
-2.1524396062992124
11
4.6178854724409444
21
-2.1533975590551182
0
LINE
8
BLACK
6
CONTINUOUS
10
4.6178854724409444
20
-2.1533975590551182
11
4.6181102362204722
21
-2.1545275196850393
0
LINE
8
BLACK
6
CONTINUOUS
10
4.6181102362204722
20
-2.1545275196850393
11
4.6181102362204722
21
-2.1604330314960629
0
LINE
8
BLACK
6
CONTINUOUS
10
4.6181102362204722
20
-2.1604330314960629
11
4.6178854724409444
21
-2.161562992125984
0
LINE
8
BLACK
6
CONTINUOUS
10
4.6178854724409444
20
-2.161562992125984
11
4.6172453937007871
21
-2.1625209448818898
0
LINE
8
BLACK
6
CONTINUOUS
10
4.6172453937007871
20
-2.1625209448818898
11
4.6162874409448822
21
-2.1631610236220471
0
LINE
8
BLACK
6
CONTINUOUS
10
4.6162874409448822
20
-2.1631610236220471
11
4.6151574803149602
21
-2.1633857874015749
0
LINE
8
BLACK
6
CONTINUOUS
10
4.6151574803149602
20
-2.1633857874015749
11
4.5866141732283463
21
-2.1633857874015749
0
LINE
8
BLACK
6
CONTINUOUS
10
4.5866141732283463
20
-2.1633857874015749
11
4.5854842125984252
21
-2.1631610236220471
0
LINE
8
BLACK
6
CONTINUOUS
10
4.5854842125984252
20
-2.1631610236220471
11
4.5845262598425194
21
-2.1625209448818898
0
LINE
8
BLACK
6
CONTINUOUS
10
4.5845262598425194
20
-2.1625209448818898
11
4.5838861811023621
21
-2.161562992125984
0
LINE
8
BLACK
6
CONTINUOUS
10
4.5838861811023621
20
-2.161562992125984
11
4.5836614173228343
21
-2.1604330314960629
0
LINE
8
BLACK
6
CONTINUOUS
10
4.5836614173228343
20
-2.1604330314960629
11
4.5836614173228343
21
-2.1545275196850393
0
LINE
8
BLACK
6
CONTINUOUS
10
4.5836614173228343
20
-2.1545275196850393
11
4.5838861811023621
21
-2.1533975590551182
0
LINE
8
BLACK
6
CONTINUOUS
10
4.5838861811023621
20
-2.1533975590551182
11
4.5845262598425194
21
-2.1524396062992124
0
LINE
8
BLACK
6
CONTINUOUS
10
4.5845262598425194
20
-2.1524396062992124
11
4.5854842125984252
21
-2.1517995275590551
0
LINE
8
BLACK
6
CONTINUOUS
10
4.5854842125984252
20
-2.1517995275590551
11
4.5866141732283463
21
-2.1515747637795277
0
LINE
8
BLACK
6
CONTINUOUS
10
4.5866141732283463
20
-2.1515747637795277
11
4.6151574803149602
21
-2.1515747637795277
0
LINE
8
BLACK
6
CONTINUOUS
10
4.6151574803149602
20
-2.1515747637795277
11
4.6162874409448822
21
-2.1517995275590551
0
LINE
8
BLACK
6
CONTINUOUS
10
4.7688464960629924
20
-2.1517995275590551
11
4.7698044488188973
21
-2.1524396062992124
0
LINE
8
BLACK
6
CONTINUOUS
10
4.7698044488188973
20
-2.1524396062992124
11
4.7704445275590546
21
-2.1533975590551182
0
LINE
8
BLACK
6
CONTINUOUS
10
4.7704445275590546
20
-2.1533975590551182
11
4.7706692913385824
21
-2.1545275196850393
0
LINE
8
BLACK
6
CONTINUOUS
10
4.7706692913385824
20
-2.1545275196850393
11
4.7706692913385824
21
-2.1604330314960629
0
LINE
8
BLACK
6
CONTINUOUS
10
4.7706692913385824
20
-2.1604330314960629
11
4.7704445275590546
21
-2.161562992125984
0
LINE
8
BLACK
6
CONTINUOUS
10
4.7704445275590546
20
-2.161562992125984
11
4.7698044488188973
21
-2.1625209448818898
0
LINE
8
BLACK
6
CONTINUOUS
10
4.7698044488188973
20
-2.1625209448818898
11
4.7688464960629924
21
-2.1631610236220471
0
LINE
8
BLACK
6
CONTINUOUS
10
4.7688464960629924
20
-2.1631610236220471
11
4.7677165354330704
21
-2.1633857874015749
0
LINE
8
BLACK
6
CONTINUOUS
10
4.7677165354330704
20
-2.1633857874015749
11
4.7391732283464565
21
-2.1633857874015749
0
LINE
8
BLACK
6
CONTINUOUS
10
4.7391732283464565
20
-2.1633857874015749
11
4.7380432677165354
21
-2.1631610236220471
0
LINE
8
BLACK
6
CONTINUOUS
10
4.7380432677165354
20
-2.1631610236220471
11
4.7370853149606296
21
-2.1625209448818898
0
LINE
8
BLACK
6
CONTINUOUS
10
4.7370853149606296
20
-2.1625209448818898
11
4.7364452362204723
21
-2.161562992125984
0
LINE
8
BLACK
6
CONTINUOUS
10
4.7364452362204723
20
-2.161562992125984
11
4.7362204724409445
21
-2.1604330314960629
0
LINE
8
BLACK
6
CONTINUOUS
10
4.7362204724409445
20
-2.1604330314960629
11
4.7362204724409445
21
-2.1545275196850393
0
LINE
8
BLACK
6
CONTINUOUS
10
4.7362204724409445
20
-2.1545275196850393
11
4.7364452362204723
21
-2.1533975590551182
0
LINE
8
BLACK
6
CONTINUOUS
10
4.7364452362204723
20
-2.1533975590551182
11
4.7370853149606296
21
-2.1524396062992124
0
LINE
8
BLACK
6
CONTINUOUS
10
4.7370853149606296
20
-2.1524396062992124
11
4.7380432677165354
21
-2.1517995275590551
0
LINE
8
BLACK
6
CONTINUOUS
10
4.7380432677165354
20
-2.1517995275590551
11
4.7391732283464565
21
-2.1515747637795277
0
LINE
8
BLACK
6
CONTINUOUS
10
4.7391732283464565
20
-2.1515747637795277
11
4.7677165354330704
21
-2.1515747637795277
0
LINE
8
BLACK
6
CONTINUOUS
10
4.7677165354330704
20
-2.1515747637795277
11
4.7688464960629924
21
-2.1517995275590551
0
LINE
8
BLACK
6
CONTINUOUS
10
4.8808872834645669
20
-2.0712292913385828
11
4.8834417716535432
21
-2.0729361811023623
0
LINE
8
BLACK
6
CONTINUOUS
10
4.8834417716535432
20
-2.0729361811023623
11
4.8851486614173227
21
-2.0754906692913386
0
LINE
8
BLACK
6
CONTINUOUS
10
4.8851486614173227
20
-2.0754906692913386
11
4.8857480314960631
21
-2.0785039370078739
0
LINE
8
BLACK
6
CONTINUOUS
10
4.8857480314960631
20
-2.0785039370078739
11
4.8857480314960631
21
-2.1414960629921258
0
LINE
8
BLACK
6
CONTINUOUS
10
4.8857480314960631
20
-2.1414960629921258
11
4.8851486614173227
21
-2.1445093307086616
0
LINE
8
BLACK
6
CONTINUOUS
10
4.8851486614173227
20
-2.1445093307086616
11
4.8834417716535432
21
-2.1470638188976379
0
LINE
8
BLACK
6
CONTINUOUS
10
4.8834417716535432
20
-2.1470638188976379
11
4.8808872834645669
21
-2.1487707086614174
0
LINE
8
BLACK
6
CONTINUOUS
10
4.8808872834645669
20
-2.1487707086614174
11
4.8778740157480316
21
-2.1493700787401573
0
LINE
8
BLACK
6
CONTINUOUS
10
4.8778740157480316
20
-2.1493700787401573
11
4.8621259842519686
21
-2.1493700787401573
0
LINE
8
BLACK
6
CONTINUOUS
10
4.8621259842519686
20
-2.1493700787401573
11
4.8591127165354333
21
-2.1487707086614174
0
LINE
8
BLACK
6
CONTINUOUS
10
4.8591127165354333
20
-2.1487707086614174
11
4.856558228346457
21
-2.1470638188976379
0
LINE
8
BLACK
6
CONTINUOUS
10
4.856558228346457
20
-2.1470638188976379
11
4.8548513385826775
21
-2.1445093307086616
0
LINE
8
BLACK
6
CONTINUOUS
10
4.8548513385826775
20
-2.1445093307086616
11
4.8542519685039371
21
-2.1414960629921258
0
LINE
8
BLACK
6
CONTINUOUS
10
4.8542519685039371
20
-2.1414960629921258
11
4.8542519685039371
21
-2.0785039370078739
0
LINE
8
BLACK
6
CONTINUOUS
10
4.8542519685039371
20
-2.0785039370078739
11
4.8548513385826775
21
-2.0754906692913386
0
LINE
8
BLACK
6
CONTINUOUS
10
4.8548513385826775
20
-2.0754906692913386
11
4.856558228346457
21
-2.0729361811023623
0
LINE
8
BLACK
6
CONTINUOUS
10
4.856558228346457
20
-2.0729361811023623
11
4.8591127165354333
21
-2.0712292913385828
0
LINE
8
BLACK
6
CONTINUOUS
10
4.8591127165354333
20
-2.0712292913385828
11
4.8621259842519686
21
-2.0706299212598425
0
LINE
8
BLACK
6
CONTINUOUS
10
4.8621259842519686
20
-2.0706299212598425
11
4.8778740157480316
21
-2.0706299212598425
0
LINE
8
BLACK
6
CONTINUOUS
10
4.8778740157480316
20
-2.0706299212598425
11
4.8808872834645669
21
-2.0712292913385828
0
LINE
8
BLACK
6
CONTINUOUS
10
5.046241614173228
20
-2.0712292913385828
11
5.0487961023622043
21
-2.0729361811023623
0
LINE
8
BLACK
6
CONTINUOUS
10
5.0487961023622043
20
-2.0729361811023623
11
5.0505029921259839
21
-2.0754906692913386
0
LINE
8
BLACK
6
CONTINUOUS
10
5.0505029921259839
20
-2.0754906692913386
11
5.0511023622047242
21
-2.0785039370078739
0
LINE
8
BLACK
6
CONTINUOUS
10
5.0511023622047242
20
-2.0785039370078739
11
5.0511023622047242
21
-2.1414960629921258
0
LINE
8
BLACK
6
CONTINUOUS
10
5.0511023622047242
20
-2.1414960629921258
11
5.0505029921259839
21
-2.1445093307086616
0
LINE
8
BLACK
6
CONTINUOUS
10
5.0505029921259839
20
-2.1445093307086616
11
5.0487961023622043
21
-2.1470638188976379
0
LINE
8
BLACK
6
CONTINUOUS
10
5.0487961023622043
20
-2.1470638188976379
11
5.046241614173228
21
-2.1487707086614174
0
LINE
8
BLACK
6
CONTINUOUS
10
5.046241614173228
20
-2.1487707086614174
11
5.0432283464566927
21
-2.1493700787401573
0
LINE
8
BLACK
6
CONTINUOUS
10
5.0432283464566927
20
-2.1493700787401573
11
5.0274803149606297
21
-2.1493700787401573
0
LINE
8
BLACK
6
CONTINUOUS
10
5.0274803149606297
20
-2.1493700787401573
11
5.0244670472440944
21
-2.1487707086614174
0
LINE
8
BLACK
6
CONTINUOUS
10
5.0244670472440944
20
-2.1487707086614174
11
5.0219125590551181
21
-2.1470638188976379
0
LINE
8
BLACK
6
CONTINUOUS
10
5.0219125590551181
20
-2.1470638188976379
11
5.0202056692913386
21
-2.1445093307086616
0
LINE
8
BLACK
6
CONTINUOUS
10
5.0202056692913386
20
-2.1445093307086616
11
5.0196062992125983
21
-2.1414960629921258
0
LINE
8
BLACK
6
CONTINUOUS
10
5.0196062992125983
20
-2.1414960629921258
11
5.0196062992125983
21
-2.0785039370078739
0
LINE
8
BLACK
6
CONTINUOUS
10
5.0196062992125983
20
-2.0785039370078739
11
5.0202056692913386
21
-2.0754906692913386
0
LINE
8
BLACK
6
CONTINUOUS
10
5.0202056692913386
20
-2.0754906692913386
11
5.0219125590551181
21
-2.0729361811023623
0
LINE
8
BLACK
6
CONTINUOUS
10
5.0219125590551181
20
-2.0729361811023623
11
5.0244670472440944
21
-2.0712292913385828
0
LINE
8
BLACK
6
CONTINUOUS
10
5.0244670472440944
20
-2.0712292913385828
11
5.0274803149606297
21
-2.0706299212598425
0
LINE
8
BLACK
6
CONTINUOUS
10
5.0274803149606297
20
-2.0706299212598425
11
5.0432283464566927
21
-2.0706299212598425
0
LINE
8
BLACK
6
CONTINUOUS
10
5.0432283464566927
20
-2.0706299212598425
11
5.046241614173228
21
-2.0712292913385828
0
LINE
8
BLACK
6
CONTINUOUS
10
5.3569588188976374
20
-2.1083375196850391
11
5.359353700787401
21
-2.1099376771653544
0
LINE
8
BLACK
6
CONTINUOUS
10
5.359353700787401
20
-2.1099376771653544
11
5.3609538582677168
21
-2.1123325590551181
0
LINE
8
BLACK
6
CONTINUOUS
10
5.3609538582677168
20
-2.1123325590551181
11
5.3615157874015749
21
-2.1151574803149606
0
LINE
8
BLACK
6
CONTINUOUS
10
5.3615157874015749
20
-2.1151574803149606
11
5.3615157874015749
21
-2.1417322834645667
0
LINE
8
BLACK
6
CONTINUOUS
10
5.3615157874015749
20
-2.1417322834645667
11
5.3609538582677168
21
-2.1445572047244092
0
LINE
8
BLACK
6
CONTINUOUS
10
5.3609538582677168
20
-2.1445572047244092
11
5.359353700787401
21
-2.1469520866141734
0
LINE
8
BLACK
6
CONTINUOUS
10
5.359353700787401
20
-2.1469520866141734
11
5.3569588188976374
21
-2.1485522440944882
0
LINE
8
BLACK
6
CONTINUOUS
10
5.3569588188976374
20
-2.1485522440944882
11
5.3541338976377952
21
-2.1491141732283463
0
LINE
8
BLACK
6
CONTINUOUS
10
5.3541338976377952
20
-2.1491141732283463
11
5.339370118110236
21
-2.1491141732283463
0
LINE
8
BLACK
6
CONTINUOUS
10
5.339370118110236
20
-2.1491141732283463
11
5.3365451968503939
21
-2.1485522440944882
0
LINE
8
BLACK
6
CONTINUOUS
10
5.3365451968503939
20
-2.1485522440944882
11
5.3341503149606302
21
-2.1469520866141734
0
LINE
8
BLACK
6
CONTINUOUS
10
5.3341503149606302
20
-2.1469520866141734
11
5.3325501574803145
21
-2.1445572047244092
0
LINE
8
BLACK
6
CONTINUOUS
10
5.3325501574803145
20
-2.1445572047244092
11
5.3319882283464564
21
-2.1417322834645667
0
LINE
8
BLACK
6
CONTINUOUS
10
5.3319882283464564
20
-2.1417322834645667
11
5.3319882283464564
21
-2.1151574803149606
0
LINE
8
BLACK
6
CONTINUOUS
10
5.3319882283464564
20
-2.1151574803149606
11
5.3325501574803145
21
-2.1123325590551181
0
LINE
8
BLACK
6
CONTINUOUS
10
5.3325501574803145
20
-2.1123325590551181
11
5.3341503149606302
21
-2.1099376771653544
0
LINE
8
BLACK
6
CONTINUOUS
10
5.3341503149606302
20
-2.1099376771653544
11
5.3365451968503939
21
-2.1083375196850391
0
LINE
8
BLACK
6
CONTINUOUS
10
5.3365451968503939
20
-2.1083375196850391
11
5.339370118110236
21
-2.107775590551181
0
LINE
8
BLACK
6
CONTINUOUS
10
5.339370118110236
20
-2.107775590551181
11
5.3541338976377952
21
-2.107775590551181
0
LINE
8
BLACK
6
CONTINUOUS
10
5.3541338976377952
20
-2.107775590551181
11
5.3569588188976374
21
-2.1083375196850391
0
LINE
8
BLACK
6
CONTINUOUS
10
5.4412216535433071
20
-2.109982440944882
11
5.4443349606299209
21
-2.1120627165354331
0
LINE
8
BLACK
6
CONTINUOUS
10
5.4443349606299209
20
-2.1120627165354331
11
5.4464152362204725
21
-2.1151760236220474
0
LINE
8
BLACK
6
CONTINUOUS
10
5.4464152362204725
20
-2.1151760236220474
11
5.4471457086614175
21
-2.1188484251968505
0
LINE
8
BLACK
6
CONTINUOUS
10
5.4471457086614175
20
-2.1188484251968505
11
5.4471457086614175
21
-2.1380413385826773
0
LINE
8
BLACK
6
CONTINUOUS
10
5.4471457086614175
20
-2.1380413385826773
11
5.4464152362204725
21
-2.1417137401574804
0
LINE
8
BLACK
6
CONTINUOUS
10
5.4464152362204725
20
-2.1417137401574804
11
5.4443349606299209
21
-2.1448270472440942
0
LINE
8
BLACK
6
CONTINUOUS
10
5.4443349606299209
20
-2.1448270472440942
11
5.4412216535433071
21
-2.1469073228346458
0
LINE
8
BLACK
6
CONTINUOUS
10
5.4412216535433071
20
-2.1469073228346458
11
5.4375492519685036
21
-2.1476377952755903
0
LINE
8
BLACK
6
CONTINUOUS
10
5.4375492519685036
20
-2.1476377952755903
11
5.4075295669291341
21
-2.1476377952755903
0
LINE
8
BLACK
6
CONTINUOUS
10
5.4075295669291341
20
-2.1476377952755903
11
5.4038571653543306
21
-2.1469073228346458
0
LINE
8
BLACK
6
CONTINUOUS
10
5.4038571653543306
20
-2.1469073228346458
11
5.4007438582677167
21
-2.1448270472440942
0
LINE
8
BLACK
6
CONTINUOUS
10
5.4007438582677167
20
-2.1448270472440942
11
5.3986635826771652
21
-2.1417137401574804
0
LINE
8
BLACK
6
CONTINUOUS
10
5.3986635826771652
20
-2.1417137401574804
11
5.3979331102362202
21
-2.1380413385826773
0
LINE
8
BLACK
6
CONTINUOUS
10
5.3979331102362202
20
-2.1380413385826773
11
5.3979331102362202
21
-2.1188484251968505
0
LINE
8
BLACK
6
CONTINUOUS
10
5.3979331102362202
20
-2.1188484251968505
11
5.3986635826771652
21
-2.1151760236220474
0
LINE
8
BLACK
6
CONTINUOUS
10
5.3986635826771652
20
-2.1151760236220474
11
5.4007438582677167
21
-2.1120627165354331
0
LINE
8
BLACK
6
CONTINUOUS
10
5.4007438582677167
20
-2.1120627165354331
11
5.4038571653543306
21
-2.109982440944882
0
LINE
8
BLACK
6
CONTINUOUS
10
5.4038571653543306
20
-2.109982440944882
11
5.4075295669291341
21
-2.109251968503937
0
LINE
8
BLACK
6
CONTINUOUS
10
5.4075295669291341
20
-2.109251968503937
11
5.4375492519685036
21
-2.109251968503937
0
LINE
8
BLACK
6
CONTINUOUS
10
5.4375492519685036
20
-2.109251968503937
11
5.4412216535433071
21
-2.109982440944882
0
LINE
8
BLACK
6
CONTINUOUS
10
5.551326811023622
20
-2.1070161023622047
11
5.5522847637795278
21
-2.107656181102362
0
LINE
8
BLACK
6
CONTINUOUS
10
5.5522847637795278
20
-2.107656181102362
11
5.5529248425196851
21
-2.1086141338582678
0
LINE
8
BLACK
6
CONTINUOUS
10
5.5529248425196851
20
-2.1086141338582678
11
5.5531496062992121
21
-2.1097440944881889
0
LINE
8
BLACK
6
CONTINUOUS
10
5.5531496062992121
20
-2.1097440944881889
11
5.5531496062992121
21
-2.1382874015748032
0
LINE
8
BLACK
6
CONTINUOUS
10
5.5531496062992121
20
-2.1382874015748032
11
5.5529248425196851
21
-2.1394173622047243
0
LINE
8
BLACK
6
CONTINUOUS
10
5.5529248425196851
20
-2.1394173622047243
11
5.5522847637795278
21
-2.1403753149606297
0
LINE
8
BLACK
6
CONTINUOUS
10
5.5522847637795278
20
-2.1403753149606297
11
5.551326811023622
21
-2.1410153937007874
0
LINE
8
BLACK
6
CONTINUOUS
10
5.551326811023622
20
-2.1410153937007874
11
5.5501968503937009
21
-2.1412401574803148
0
LINE
8
BLACK
6
CONTINUOUS
10
5.5501968503937009
20
-2.1412401574803148
11
5.5442913385826769
21
-2.1412401574803148
0
LINE
8
BLACK
6
CONTINUOUS
10
5.5442913385826769
20
-2.1412401574803148
11
5.5431613779527558
21
-2.1410153937007874
0
LINE
8
BLACK
6
CONTINUOUS
10
5.5431613779527558
20
-2.1410153937007874
11
5.5422034251968499
21
-2.1403753149606297
0
LINE
8
BLACK
6
CONTINUOUS
10
5.5422034251968499
20
-2.1403753149606297
11
5.5415633464566927
21
-2.1394173622047243
0
LINE
8
BLACK
6
CONTINUOUS
10
5.5415633464566927
20
-2.1394173622047243
11
5.5413385826771648
21
-2.1382874015748032
0
LINE
8
BLACK
6
CONTINUOUS
10
5.5413385826771648
20
-2.1382874015748032
11
5.5413385826771648
21
-2.1097440944881889
0
LINE
8
BLACK
6
CONTINUOUS
10
5.5413385826771648
20
-2.1097440944881889
11
5.5415633464566927
21
-2.1086141338582678
0
LINE
8
BLACK
6
CONTINUOUS
10
5.5415633464566927
20
-2.1086141338582678
11
5.5422034251968499
21
-2.107656181102362
0
LINE
8
BLACK
6
CONTINUOUS
10
5.5422034251968499
20
-2.107656181102362
11
5.5431613779527558
21
-2.1070161023622047
0
LINE
8
BLACK
6
CONTINUOUS
10
5.5431613779527558
20
-2.1070161023622047
11
5.5442913385826769
21
-2.1067913385826773
0
LINE
8
BLACK
6
CONTINUOUS
10
5.5442913385826769
20
-2.1067913385826773
11
5.5501968503937009
21
-2.1067913385826773
0
LINE
8
BLACK
6
CONTINUOUS
10
5.5501968503937009
20
-2.1067913385826773
11
5.551326811023622
21
-2.1070161023622047
0
LINE
8
BLACK
6
CONTINUOUS
10
5.5828228740157479
20
-2.1070161023622047
11
5.5837808267716538
21
-2.107656181102362
0
LINE
8
BLACK
6
CONTINUOUS
10
5.5837808267716538
20
-2.107656181102362
11
5.584420905511811
21
-2.1086141338582678
0
LINE
8
BLACK
6
CONTINUOUS
10
5.584420905511811
20
-2.1086141338582678
11
5.5846456692913389
21
-2.1097440944881889
0
LINE
8
BLACK
6
CONTINUOUS
10
5.5846456692913389
20
-2.1097440944881889
11
5.5846456692913389
21
-2.1382874015748032
0
LINE
8
BLACK
6
CONTINUOUS
10
5.5846456692913389
20
-2.1382874015748032
11
5.584420905511811
21
-2.1394173622047243
0
LINE
8
BLACK
6
CONTINUOUS
10
5.584420905511811
20
-2.1394173622047243
11
5.5837808267716538
21
-2.1403753149606297
0
LINE
8
BLACK
6
CONTINUOUS
10
5.5837808267716538
20
-2.1403753149606297
11
5.5828228740157479
21
-2.1410153937007874
0
LINE
8
BLACK
6
CONTINUOUS
10
5.5828228740157479
20
-2.1410153937007874
11
5.5816929133858268
21
-2.1412401574803148
0
LINE
8
BLACK
6
CONTINUOUS
10
5.5816929133858268
20
-2.1412401574803148
11
5.5757874015748028
21
-2.1412401574803148
0
LINE
8
BLACK
6
CONTINUOUS
10
5.5757874015748028
20
-2.1412401574803148
11
5.5746574409448817
21
-2.1410153937007874
0
LINE
8
BLACK
6
CONTINUOUS
10
5.5746574409448817
20
-2.1410153937007874
11
5.5736994881889759
21
-2.1403753149606297
0
LINE
8
BLACK
6
CONTINUOUS
10
5.5736994881889759
20
-2.1403753149606297
11
5.5730594094488186
21
-2.1394173622047243
0
LINE
8
BLACK
6
CONTINUOUS
10
5.5730594094488186
20
-2.1394173622047243
11
5.5728346456692917
21
-2.1382874015748032
0
LINE
8
BLACK
6
CONTINUOUS
10
5.5728346456692917
20
-2.1382874015748032
11
5.5728346456692917
21
-2.1097440944881889
0
LINE
8
BLACK
6
CONTINUOUS
10
5.5728346456692917
20
-2.1097440944881889
11
5.5730594094488186
21
-2.1086141338582678
0
LINE
8
BLACK
6
CONTINUOUS
10
5.5730594094488186
20
-2.1086141338582678
11
5.5736994881889759
21
-2.107656181102362
0
LINE
8
BLACK
6
CONTINUOUS
10
5.5736994881889759
20
-2.107656181102362
11
5.5746574409448817
21
-2.1070161023622047
0
LINE
8
BLACK
6
CONTINUOUS
10
5.5746574409448817
20
-2.1070161023622047
11
5.5757874015748028
21
-2.1067913385826773
0
LINE
8
BLACK
6
CONTINUOUS
10
5.5757874015748028
20
-2.1067913385826773
11
5.5816929133858268
21
-2.1067913385826773
0
LINE
8
BLACK
6
CONTINUOUS
10
5.5816929133858268
20
-2.1067913385826773
11
5.5828228740157479
21
-2.1070161023622047
0
LINE
8
BLACK
6
CONTINUOUS
10
5.5198306692913386
20
-2.1070160236220472
11
5.5207886220472444
21
-2.1076561023622045
0
LINE
8
BLACK
6
CONTINUOUS
10
5.5207886220472444
20
-2.1076561023622045
11
5.5214287007874017
21
-2.1086140551181103
0
LINE
8
BLACK
6
CONTINUOUS
10
5.5214287007874017
20
-2.1086140551181103
11
5.5216534645669286
21
-2.1097440157480314
0
LINE
8
BLACK
6
CONTINUOUS
10
5.5216534645669286
20
-2.1097440157480314
11
5.5216534645669286
21
-2.1382873228346457
0
LINE
8
BLACK
6
CONTINUOUS
10
5.5216534645669286
20
-2.1382873228346457
11
5.5214287007874017
21
-2.1394172834645668
0
LINE
8
BLACK
6
CONTINUOUS
10
5.5214287007874017
20
-2.1394172834645668
11
5.5207886220472444
21
-2.1403752362204722
0
LINE
8
BLACK
6
CONTINUOUS
10
5.5207886220472444
20
-2.1403752362204722
11
5.5198306692913386
21
-2.1410153149606299
0
LINE
8
BLACK
6
CONTINUOUS
10
5.5198306692913386
20
-2.1410153149606299
11
5.5187007086614175
21
-2.1412400787401573
0
LINE
8
BLACK
6
CONTINUOUS
10
5.5187007086614175
20
-2.1412400787401573
11
5.5127951968503934
21
-2.1412400787401573
0
LINE
8
BLACK
6
CONTINUOUS
10
5.5127951968503934
20
-2.1412400787401573
11
5.5116652362204723
21
-2.1410153149606299
0
LINE
8
BLACK
6
CONTINUOUS
10
5.5116652362204723
20
-2.1410153149606299
11
5.5107072834645665
21
-2.1403752362204722
0
LINE
8
BLACK
6
CONTINUOUS
10
5.5107072834645665
20
-2.1403752362204722
11
5.5100672047244093
21
-2.1394172834645668
0
LINE
8
BLACK
6
CONTINUOUS
10
5.5100672047244093
20
-2.1394172834645668
11
5.5098424409448814
21
-2.1382873228346457
0
LINE
8
BLACK
6
CONTINUOUS
10
5.5098424409448814
20
-2.1382873228346457
11
5.5098424409448814
21
-2.1097440157480314
0
LINE
8
BLACK
6
CONTINUOUS
10
5.5098424409448814
20
-2.1097440157480314
11
5.5100672047244093
21
-2.1086140551181103
0
LINE
8
BLACK
6
CONTINUOUS
10
5.5100672047244093
20
-2.1086140551181103
11
5.5107072834645665
21
-2.1076561023622045
0
LINE
8
BLACK
6
CONTINUOUS
10
5.5107072834645665
20
-2.1076561023622045
11
5.5116652362204723
21
-2.1070160236220472
0
LINE
8
BLACK
6
CONTINUOUS
10
5.5116652362204723
20
-2.1070160236220472
11
5.5127951968503934
21
-2.1067912598425198
0
LINE
8
BLACK
6
CONTINUOUS
10
5.5127951968503934
20
-2.1067912598425198
11
5.5187007086614175
21
-2.1067912598425198
0
LINE
8
BLACK
6
CONTINUOUS
10
5.5187007086614175
20
-2.1067912598425198
11
5.5198306692913386
21
-2.1070160236220472
0
LINE
8
BLACK
6
CONTINUOUS
10
5.6143190157480314
20
-2.1070160236220472
11
5.6152769685039372
21
-2.1076561023622045
0
LINE
8
BLACK
6
CONTINUOUS
10
5.6152769685039372
20
-2.1076561023622045
11
5.6159170472440945
21
-2.1086140551181103
0
LINE
8
BLACK
6
CONTINUOUS
10
5.6159170472440945
20
-2.1086140551181103
11
5.6161418110236223
21
-2.1097440157480314
0
LINE
8
BLACK
6
CONTINUOUS
10
5.6161418110236223
20
-2.1097440157480314
11
5.6161418110236223
21
-2.1382873228346457
0
LINE
8
BLACK
6
CONTINUOUS
10
5.6161418110236223
20
-2.1382873228346457
11
5.6159170472440945
21
-2.1394172834645668
0
LINE
8
BLACK
6
CONTINUOUS
10
5.6159170472440945
20
-2.1394172834645668
11
5.6152769685039372
21
-2.1403752362204722
0
LINE
8
BLACK
6
CONTINUOUS
10
5.6152769685039372
20
-2.1403752362204722
11
5.6143190157480314
21
-2.1410153149606299
0
LINE
8
BLACK
6
CONTINUOUS
10
5.6143190157480314
20
-2.1410153149606299
11
5.6131890551181103
21
-2.1412400787401573
0
LINE
8
BLACK
6
CONTINUOUS
10
5.6131890551181103
20
-2.1412400787401573
11
5.6072835433070862
21
-2.1412400787401573
0
LINE
8
BLACK
6
CONTINUOUS
10
5.6072835433070862
20
-2.1412400787401573
11
5.6061535826771651
21
-2.1410153149606299
0
LINE
8
BLACK
6
CONTINUOUS
10
5.6061535826771651
20
-2.1410153149606299
11
5.6051956299212593
21
-2.1403752362204722
0
LINE
8
BLACK
6
CONTINUOUS
10
5.6051956299212593
20
-2.1403752362204722
11
5.604555551181102
21
-2.1394172834645668
0
LINE
8
BLACK
6
CONTINUOUS
10
5.604555551181102
20
-2.1394172834645668
11
5.6043307874015751
21
-2.1382873228346457
0
LINE
8
BLACK
6
CONTINUOUS
10
5.6043307874015751
20
-2.1382873228346457
11
5.6043307874015751
21
-2.1097440157480314
0
LINE
8
BLACK
6
CONTINUOUS
10
5.6043307874015751
20
-2.1097440157480314
11
5.604555551181102
21
-2.1086140551181103
0
LINE
8
BLACK
6
CONTINUOUS
10
5.604555551181102
20
-2.1086140551181103
11
5.6051956299212593
21
-2.1076561023622045
0
LINE
8
BLACK
6
CONTINUOUS
10
5.6051956299212593
20
-2.1076561023622045
11
5.6061535826771651
21
-2.1070160236220472
0
LINE
8
BLACK
6
CONTINUOUS
10
5.6061535826771651
20
-2.1070160236220472
11
5.6072835433070862
21
-2.1067912598425198
0
LINE
8
BLACK
6
CONTINUOUS
10
5.6072835433070862
20
-2.1067912598425198
11
5.6131890551181103
21
-2.1067912598425198
0
LINE
8
BLACK
6
CONTINUOUS
10
5.6131890551181103
20
-2.1067912598425198
11
5.6143190157480314
21
-2.1070160236220472
0
LINE
8
BLACK
6
CONTINUOUS
10
4.4732547637795275
20
-2.0558673622047245
11
4.4764479133858268
21
-2.0580009448818899
0
LINE
8
BLACK
6
CONTINUOUS
10
4.4764479133858268
20
-2.0580009448818899
11
4.4785814960629917
21
-2.0611940944881888
0
LINE
8
BLACK
6
CONTINUOUS
10
4.4785814960629917
20
-2.0611940944881888
11
4.4793307086614176
21
-2.0649606692913385
0
LINE
8
BLACK
6
CONTINUOUS
10
4.4793307086614176
20
-2.0649606692913385
11
4.4793307086614176
21
-2.0964567322834644
0
LINE
8
BLACK
6
CONTINUOUS
10
4.4793307086614176
20
-2.0964567322834644
11
4.4785814960629917
21
-2.1002233070866141
0
LINE
8
BLACK
6
CONTINUOUS
10
4.4785814960629917
20
-2.1002233070866141
11
4.4764479133858268
21
-2.1034164566929134
0
LINE
8
BLACK
6
CONTINUOUS
10
4.4764479133858268
20
-2.1034164566929134
11
4.4732547637795275
21
-2.1055500393700788
0
LINE
8
BLACK
6
CONTINUOUS
10
4.4732547637795275
20
-2.1055500393700788
11
4.4694881889763778
21
-2.1062992519685038
0
LINE
8
BLACK
6
CONTINUOUS
10
4.4694881889763778
20
-2.1062992519685038
11
4.4202755905511806
21
-2.1062992519685038
0
LINE
8
BLACK
6
CONTINUOUS
10
4.4202755905511806
20
-2.1062992519685038
11
4.4165090157480318
21
-2.1055500393700788
0
LINE
8
BLACK
6
CONTINUOUS
10
4.4165090157480318
20
-2.1055500393700788
11
4.4133158661417324
21
-2.1034164566929134
0
LINE
8
BLACK
6
CONTINUOUS
10
4.4133158661417324
20
-2.1034164566929134
11
4.4111822834645666
21
-2.1002233070866141
0
LINE
8
BLACK
6
CONTINUOUS
10
4.4111822834645666
20
-2.1002233070866141
11
4.4104330708661417
21
-2.0964567322834644
0
LINE
8
BLACK
6
CONTINUOUS
10
4.4104330708661417
20
-2.0964567322834644
11
4.4104330708661417
21
-2.0649606692913385
0
LINE
8
BLACK
6
CONTINUOUS
10
4.4104330708661417
20
-2.0649606692913385
11
4.4111822834645666
21
-2.0611940944881888
0
LINE
8
BLACK
6
CONTINUOUS
10
4.4111822834645666
20
-2.0611940944881888
11
4.4133158661417324
21
-2.0580009448818899
0
LINE
8
BLACK
6
CONTINUOUS
10
4.4133158661417324
20
-2.0580009448818899
11
4.4165090157480318
21
-2.0558673622047245
0
LINE
8
BLACK
6
CONTINUOUS
10
4.4165090157480318
20
-2.0558673622047245
11
4.4202755905511806
21
-2.0551181496062991
0
LINE
8
BLACK
6
CONTINUOUS
10
4.4202755905511806
20
-2.0551181496062991
11
4.4694881889763778
21
-2.0551181496062991
0
LINE
8
BLACK
6
CONTINUOUS
10
4.4694881889763778
20
-2.0551181496062991
11
4.4732547637795275
21
-2.0558673622047245
0
LINE
8
BLACK
6
CONTINUOUS
10
4.662231141732283
20
-2.0519303543307088
11
4.6654242913385824
21
-2.0540639370078742
0
LINE
8
BLACK
6
CONTINUOUS
10
4.6654242913385824
20
-2.0540639370078742
11
4.6675578740157482
21
-2.0572570866141731
0
LINE
8
BLACK
6
CONTINUOUS
10
4.6675578740157482
20
-2.0572570866141731
11
4.6683070866141732
21
-2.0610236614173227
0
LINE
8
BLACK
6
CONTINUOUS
10
4.6683070866141732
20
-2.0610236614173227
11
4.6683070866141732
21
-2.0925197244094487
0
LINE
8
BLACK
6
CONTINUOUS
10
4.6683070866141732
20
-2.0925197244094487
11
4.6675578740157482
21
-2.0962862992125983
0
LINE
8
BLACK
6
CONTINUOUS
10
4.6675578740157482
20
-2.0962862992125983
11
4.6654242913385824
21
-2.0994794488188977
0
LINE
8
BLACK
6
CONTINUOUS
10
4.6654242913385824
20
-2.0994794488188977
11
4.662231141732283
21
-2.101613031496063
0
LINE
8
BLACK
6
CONTINUOUS
10
4.662231141732283
20
-2.101613031496063
11
4.6584645669291334
21
-2.102362244094488
0
LINE
8
BLACK
6
CONTINUOUS
10
4.6584645669291334
20
-2.102362244094488
11
4.609251968503937
21
-2.102362244094488
0
LINE
8
BLACK
6
CONTINUOUS
10
4.609251968503937
20
-2.102362244094488
11
4.6054853937007874
21
-2.101613031496063
0
LINE
8
BLACK
6
CONTINUOUS
10
4.6054853937007874
20
-2.101613031496063
11
4.602292244094488
21
-2.0994794488188977
0
LINE
8
BLACK
6
CONTINUOUS
10
4.602292244094488
20
-2.0994794488188977
11
4.6001586614173231
21
-2.0962862992125983
0
LINE
8
BLACK
6
CONTINUOUS
10
4.6001586614173231
20
-2.0962862992125983
11
4.5994094488188972
21
-2.0925197244094487
0
LINE
8
BLACK
6
CONTINUOUS
10
4.5994094488188972
20
-2.0925197244094487
11
4.5994094488188972
21
-2.0610236614173227
0
LINE
8
BLACK
6
CONTINUOUS
10
4.5994094488188972
20
-2.0610236614173227
11
4.6001586614173231
21
-2.0572570866141731
0
LINE
8
BLACK
6
CONTINUOUS
10
4.6001586614173231
20
-2.0572570866141731
11
4.602292244094488
21
-2.0540639370078742
0
LINE
8
BLACK
6
CONTINUOUS
10
4.602292244094488
20
-2.0540639370078742
11
4.6054853937007874
21
-2.0519303543307088
0
LINE
8
BLACK
6
CONTINUOUS
10
4.6054853937007874
20
-2.0519303543307088
11
4.609251968503937
21
-2.0511811417322834
0
LINE
8
BLACK
6
CONTINUOUS
10
4.609251968503937
20
-2.0511811417322834
11
4.6584645669291334
21
-2.0511811417322834
0
LINE
8
BLACK
6
CONTINUOUS
10
4.6584645669291334
20
-2.0511811417322834
11
4.662231141732283
21
-2.0519303543307088
0
LINE
8
BLACK
6
CONTINUOUS
10
4.8064666535433069
20
-2.0546957874015748
11
4.8088615354330706
21
-2.0562959448818896
0
LINE
8
BLACK
6
CONTINUOUS
10
4.8088615354330706
20
-2.0562959448818896
11
4.8104616929133854
21
-2.0586908267716537
0
LINE
8
BLACK
6
CONTINUOUS
10
4.8104616929133854
20
-2.0586908267716537
11
4.8110236220472435
21
-2.0615157480314958
0
LINE
8
BLACK
6
CONTINUOUS
10
4.8110236220472435
20
-2.0615157480314958
11
4.8110236220472435
21
-2.0880905511811023
0
LINE
8
BLACK
6
CONTINUOUS
10
4.8110236220472435
20
-2.0880905511811023
11
4.8104616929133854
21
-2.0909154724409449
0
LINE
8
BLACK
6
CONTINUOUS
10
4.8104616929133854
20
-2.0909154724409449
11
4.8088615354330706
21
-2.0933103543307086
0
LINE
8
BLACK
6
CONTINUOUS
10
4.8088615354330706
20
-2.0933103543307086
11
4.8064666535433069
21
-2.0949105118110234
0
LINE
8
BLACK
6
CONTINUOUS
10
4.8064666535433069
20
-2.0949105118110234
11
4.8036417322834648
21
-2.0954724409448819
0
LINE
8
BLACK
6
CONTINUOUS
10
4.8036417322834648
20
-2.0954724409448819
11
4.7888779527559056
21
-2.0954724409448819
0
LINE
8
BLACK
6
CONTINUOUS
10
4.7888779527559056
20
-2.0954724409448819
11
4.7860530314960625
21
-2.0949105118110234
0
LINE
8
BLACK
6
CONTINUOUS
10
4.7860530314960625
20
-2.0949105118110234
11
4.7836581496062989
21
-2.0933103543307086
0
LINE
8
BLACK
6
CONTINUOUS
10
4.7836581496062989
20
-2.0933103543307086
11
4.782057992125984
21
-2.0909154724409449
0
LINE
8
BLACK
6
CONTINUOUS
10
4.782057992125984
20
-2.0909154724409449
11
4.7814960629921259
21
-2.0880905511811023
0
LINE
8
BLACK
6
CONTINUOUS
10
4.7814960629921259
20
-2.0880905511811023
11
4.7814960629921259
21
-2.0615157480314958
0
LINE
8
BLACK
6
CONTINUOUS
10
4.7814960629921259
20
-2.0615157480314958
11
4.782057992125984
21
-2.0586908267716537
0
LINE
8
BLACK
6
CONTINUOUS
10
4.782057992125984
20
-2.0586908267716537
11
4.7836581496062989
21
-2.0562959448818896
0
LINE
8
BLACK
6
CONTINUOUS
10
4.7836581496062989
20
-2.0562959448818896
11
4.7860530314960625
21
-2.0546957874015748
0
LINE
8
BLACK
6
CONTINUOUS
10
4.7860530314960625
20
-2.0546957874015748
11
4.7888779527559056
21
-2.0541338582677167
0
LINE
8
BLACK
6
CONTINUOUS
10
4.7888779527559056
20
-2.0541338582677167
11
4.8036417322834648
21
-2.0541338582677167
0
LINE
8
BLACK
6
CONTINUOUS
10
4.8036417322834648
20
-2.0541338582677167
11
4.8064666535433069
21
-2.0546957874015748
0
LINE
8
BLACK
6
CONTINUOUS
10
4.7391546850393702
20
-2.0563407086614172
11
4.742267992125984
21
-2.0584209842519683
0
LINE
8
BLACK
6
CONTINUOUS
10
4.742267992125984
20
-2.0584209842519683
11
4.7443482677165356
21
-2.0615342913385826
0
LINE
8
BLACK
6
CONTINUOUS
10
4.7443482677165356
20
-2.0615342913385826
11
4.7450787401574805
21
-2.0652066929133857
0
LINE
8
BLACK
6
CONTINUOUS
10
4.7450787401574805
20
-2.0652066929133857
11
4.7450787401574805
21
-2.0843996062992125
0
LINE
8
BLACK
6
CONTINUOUS
10
4.7450787401574805
20
-2.0843996062992125
11
4.7443482677165356
21
-2.0880720078740156
0
LINE
8
BLACK
6
CONTINUOUS
10
4.7443482677165356
20
-2.0880720078740156
11
4.742267992125984
21
-2.0911853149606299
0
LINE
8
BLACK
6
CONTINUOUS
10
4.742267992125984
20
-2.0911853149606299
11
4.7391546850393702
21
-2.093265590551181
0
LINE
8
BLACK
6
CONTINUOUS
10
4.7391546850393702
20
-2.093265590551181
11
4.7354822834645667
21
-2.0939960629921259
0
LINE
8
BLACK
6
CONTINUOUS
10
4.7354822834645667
20
-2.0939960629921259
11
4.7054625984251963
21
-2.0939960629921259
0
LINE
8
BLACK
6
CONTINUOUS
10
4.7054625984251963
20
-2.0939960629921259
11
4.7017901968503937
21
-2.093265590551181
0
LINE
8
BLACK
6
CONTINUOUS
10
4.7017901968503937
20
-2.093265590551181
11
4.6986768897637798
21
-2.0911853149606299
0
LINE
8
BLACK
6
CONTINUOUS
10
4.6986768897637798
20
-2.0911853149606299
11
4.6965966141732283
21
-2.0880720078740156
0
LINE
8
BLACK
6
CONTINUOUS
10
4.6965966141732283
20
-2.0880720078740156
11
4.6958661417322833
21
-2.0843996062992125
0
LINE
8
BLACK
6
CONTINUOUS
10
4.6958661417322833
20
-2.0843996062992125
11
4.6958661417322833
21
-2.0652066929133857
0
LINE
8
BLACK
6
CONTINUOUS
10
4.6958661417322833
20
-2.0652066929133857
11
4.6965966141732283
21
-2.0615342913385826
0
LINE
8
BLACK
6
CONTINUOUS
10
4.6965966141732283
20
-2.0615342913385826
11
4.6986768897637798
21
-2.0584209842519683
0
LINE
8
BLACK
6
CONTINUOUS
10
4.6986768897637798
20
-2.0584209842519683
11
4.7017901968503937
21
-2.0563407086614172
0
LINE
8
BLACK
6
CONTINUOUS
10
4.7017901968503937
20
-2.0563407086614172
11
4.7054625984251963
21
-2.0556102362204722
0
LINE
8
BLACK
6
CONTINUOUS
10
4.7054625984251963
20
-2.0556102362204722
11
4.7354822834645667
21
-2.0556102362204722
0
LINE
8
BLACK
6
CONTINUOUS
10
4.7354822834645667
20
-2.0556102362204722
11
4.7391546850393702
21
-2.0563407086614172
0
LINE
8
BLACK
6
CONTINUOUS
10
5.1053754724409446
20
-2.0084733858267718
11
5.1079299606299209
21
-2.0101802755905513
0
LINE
8
BLACK
6
CONTINUOUS
10
5.1079299606299209
20
-2.0101802755905513
11
5.1096368503937004
21
-2.0127347637795276
0
LINE
8
BLACK
6
CONTINUOUS
10
5.1096368503937004
20
-2.0127347637795276
11
5.1102362204724407
21
-2.015748031496063
0
LINE
8
BLACK
6
CONTINUOUS
10
5.1102362204724407
20
-2.015748031496063
11
5.1102362204724407
21
-2.0787401574803148
0
LINE
8
BLACK
6
CONTINUOUS
10
5.1102362204724407
20
-2.0787401574803148
11
5.1096368503937004
21
-2.0817534251968501
0
LINE
8
BLACK
6
CONTINUOUS
10
5.1096368503937004
20
-2.0817534251968501
11
5.1079299606299209
21
-2.0843079133858269
0
LINE
8
BLACK
6
CONTINUOUS
10
5.1079299606299209
20
-2.0843079133858269
11
5.1053754724409446
21
-2.0860148031496064
0
LINE
8
BLACK
6
CONTINUOUS
10
5.1053754724409446
20
-2.0860148031496064
11
5.1023622047244093
21
-2.0866141732283463
0
LINE
8
BLACK
6
CONTINUOUS
10
5.1023622047244093
20
-2.0866141732283463
11
5.0866141732283463
21
-2.0866141732283463
0
LINE
8
BLACK
6
CONTINUOUS
10
5.0866141732283463
20
-2.0866141732283463
11
5.083600905511811
21
-2.0860148031496064
0
LINE
8
BLACK
6
CONTINUOUS
10
5.083600905511811
20
-2.0860148031496064
11
5.0810464173228347
21
-2.0843079133858269
0
LINE
8
BLACK
6
CONTINUOUS
10
5.0810464173228347
20
-2.0843079133858269
11
5.0793395275590552
21
-2.0817534251968501
0
LINE
8
BLACK
6
CONTINUOUS
10
5.0793395275590552
20
-2.0817534251968501
11
5.0787401574803148
21
-2.0787401574803148
0
LINE
8
BLACK
6
CONTINUOUS
10
5.0787401574803148
20
-2.0787401574803148
11
5.0787401574803148
21
-2.015748031496063
0
LINE
8
BLACK
6
CONTINUOUS
10
5.0787401574803148
20
-2.015748031496063
11
5.0793395275590552
21
-2.0127347637795276
0
LINE
8
BLACK
6
CONTINUOUS
10
5.0793395275590552
20
-2.0127347637795276
11
5.0810464173228347
21
-2.0101802755905513
0
LINE
8
BLACK
6
CONTINUOUS
10
5.0810464173228347
20
-2.0101802755905513
11
5.083600905511811
21
-2.0084733858267718
0
LINE
8
BLACK
6
CONTINUOUS
10
5.083600905511811
20
-2.0084733858267718
11
5.0866141732283463
21
-2.0078740157480315
0
LINE
8
BLACK
6
CONTINUOUS
10
5.0866141732283463
20
-2.0078740157480315
11
5.1023622047244093
21
-2.0078740157480315
0
LINE
8
BLACK
6
CONTINUOUS
10
5.1023622047244093
20
-2.0078740157480315
11
5.1053754724409446
21
-2.0084733858267718
0
LINE
8
BLACK
6
CONTINUOUS
10
5.2707298031496066
20
-2.0084733858267718
11
5.2732842913385829
21
-2.0101802755905513
0
LINE
8
BLACK
6
CONTINUOUS
10
5.2732842913385829
20
-2.0101802755905513
11
5.2749911811023624
21
-2.0127347637795276
0
LINE
8
BLACK
6
CONTINUOUS
10
5.2749911811023624
20
-2.0127347637795276
11
5.2755905511811019
21
-2.015748031496063
0
LINE
8
BLACK
6
CONTINUOUS
10
5.2755905511811019
20
-2.015748031496063
11
5.2755905511811019
21
-2.0787401574803148
0
LINE
8
BLACK
6
CONTINUOUS
10
5.2755905511811019
20
-2.0787401574803148
11
5.2749911811023624
21
-2.0817534251968501
0
LINE
8
BLACK
6
CONTINUOUS
10
5.2749911811023624
20
-2.0817534251968501
11
5.2732842913385829
21
-2.0843079133858269
0
LINE
8
BLACK
6
CONTINUOUS
10
5.2732842913385829
20
-2.0843079133858269
11
5.2707298031496066
21
-2.0860148031496064
0
LINE
8
BLACK
6
CONTINUOUS
10
5.2707298031496066
20
-2.0860148031496064
11
5.2677165354330704
21
-2.0866141732283463
0
LINE
8
BLACK
6
CONTINUOUS
10
5.2677165354330704
20
-2.0866141732283463
11
5.2519685039370074
21
-2.0866141732283463
0
LINE
8
BLACK
6
CONTINUOUS
10
5.2519685039370074
20
-2.0866141732283463
11
5.2489552362204721
21
-2.0860148031496064
0
LINE
8
BLACK
6
CONTINUOUS
10
5.2489552362204721
20
-2.0860148031496064
11
5.2464007480314958
21
-2.0843079133858269
0
LINE
8
BLACK
6
CONTINUOUS
10
5.2464007480314958
20
-2.0843079133858269
11
5.2446938582677163
21
-2.0817534251968501
0
LINE
8
BLACK
6
CONTINUOUS
10
5.2446938582677163
20
-2.0817534251968501
11
5.2440944881889759
21
-2.0787401574803148
0
LINE
8
BLACK
6
CONTINUOUS
10
5.2440944881889759
20
-2.0787401574803148
11
5.2440944881889759
21
-2.015748031496063
0
LINE
8
BLACK
6
CONTINUOUS
10
5.2440944881889759
20
-2.015748031496063
11
5.2446938582677163
21
-2.0127347637795276
0
LINE
8
BLACK
6
CONTINUOUS
10
5.2446938582677163
20
-2.0127347637795276
11
5.2464007480314958
21
-2.0101802755905513
0
LINE
8
BLACK
6
CONTINUOUS
10
5.2464007480314958
20
-2.0101802755905513
11
5.2489552362204721
21
-2.0084733858267718
0
LINE
8
BLACK
6
CONTINUOUS
10
5.2489552362204721
20
-2.0084733858267718
11
5.2519685039370074
21
-2.0078740157480315
0
LINE
8
BLACK
6
CONTINUOUS
10
5.2519685039370074
20
-2.0078740157480315
11
5.2677165354330704
21
-2.0078740157480315
0
LINE
8
BLACK
6
CONTINUOUS
10
5.2677165354330704
20
-2.0078740157480315
11
5.2707298031496066
21
-2.0084733858267718
0
LINE
8
BLACK
6
CONTINUOUS
10
5.4102626377952756
20
-2.0164972834645667
11
5.413455787401575
21
-2.018630866141732
0
LINE
8
BLACK
6
CONTINUOUS
10
5.413455787401575
20
-2.018630866141732
11
5.4155893700787399
21
-2.0218240157480314
0
LINE
8
BLACK
6
CONTINUOUS
10
5.4155893700787399
20
-2.0218240157480314
11
5.4163385826771648
21
-2.0255905905511811
0
LINE
8
BLACK
6
CONTINUOUS
10
5.4163385826771648
20
-2.0255905905511811
11
5.4163385826771648
21
-2.057086653543307
0
LINE
8
BLACK
6
CONTINUOUS
10
5.4163385826771648
20
-2.057086653543307
11
5.4155893700787399
21
-2.0608532283464567
0
LINE
8
BLACK
6
CONTINUOUS
10
5.4155893700787399
20
-2.0608532283464567
11
5.413455787401575
21
-2.064046377952756
0
LINE
8
BLACK
6
CONTINUOUS
10
5.413455787401575
20
-2.064046377952756
11
5.4102626377952756
21
-2.0661799606299214
0
LINE
8
BLACK
6
CONTINUOUS
10
5.4102626377952756
20
-2.0661799606299214
11
5.4064960629921259
21
-2.0669291732283464
0
LINE
8
BLACK
6
CONTINUOUS
10
5.4064960629921259
20
-2.0669291732283464
11
5.3572834645669287
21
-2.0669291732283464
0
LINE
8
BLACK
6
CONTINUOUS
10
5.3572834645669287
20
-2.0669291732283464
11
5.353516889763779
21
-2.0661799606299214
0
LINE
8
BLACK
6
CONTINUOUS
10
5.353516889763779
20
-2.0661799606299214
11
5.3503237401574806
21
-2.064046377952756
0
LINE
8
BLACK
6
CONTINUOUS
10
5.3503237401574806
20
-2.064046377952756
11
5.3481901574803148
21
-2.0608532283464567
0
LINE
8
BLACK
6
CONTINUOUS
10
5.3481901574803148
20
-2.0608532283464567
11
5.3474409448818898
21
-2.057086653543307
0
LINE
8
BLACK
6
CONTINUOUS
10
5.3474409448818898
20
-2.057086653543307
11
5.3474409448818898
21
-2.0255905905511811
0
LINE
8
BLACK
6
CONTINUOUS
10
5.3474409448818898
20
-2.0255905905511811
11
5.3481901574803148
21
-2.0218240157480314
0
LINE
8
BLACK
6
CONTINUOUS
10
5.3481901574803148
20
-2.0218240157480314
11
5.3503237401574806
21
-2.018630866141732
0
LINE
8
BLACK
6
CONTINUOUS
10
5.3503237401574806
20
-2.018630866141732
11
5.353516889763779
21
-2.0164972834645667
0
LINE
8
BLACK
6
CONTINUOUS
10
5.353516889763779
20
-2.0164972834645667
11
5.3572834645669287
21
-2.0157480708661417
0
LINE
8
BLACK
6
CONTINUOUS
10
5.3572834645669287
20
-2.0157480708661417
11
5.4064960629921259
21
-2.0157480708661417
0
LINE
8
BLACK
6
CONTINUOUS
10
5.4064960629921259
20
-2.0157480708661417
11
5.4102626377952756
21
-2.0164972834645667
0
LINE
8
BLACK
6
CONTINUOUS
10
5.4896468110236221
20
-1.9879351968503935
11
5.4927601181102359
21
-1.9900154724409449
0
LINE
8
BLACK
6
CONTINUOUS
10
5.4927601181102359
20
-1.9900154724409449
11
5.4948403937007875
21
-1.993128779527559
0
LINE
8
BLACK
6
CONTINUOUS
10
5.4948403937007875
20
-1.993128779527559
11
5.4955708661417324
21
-1.9968011811023623
0
LINE
8
BLACK
6
CONTINUOUS
10
5.4955708661417324
20
-1.9968011811023623
11
5.4955708661417324
21
-2.0268208661417324
0
LINE
8
BLACK
6
CONTINUOUS
10
5.4955708661417324
20
-2.0268208661417324
11
5.4948403937007875
21
-2.0304932677165355
0
LINE
8
BLACK
6
CONTINUOUS
10
5.4948403937007875
20
-2.0304932677165355
11
5.4927601181102359
21
-2.0336065748031498
0
LINE
8
BLACK
6
CONTINUOUS
10
5.4927601181102359
20
-2.0336065748031498
11
5.4896468110236221
21
-2.0356868503937009
0
LINE
8
BLACK
6
CONTINUOUS
10
5.4896468110236221
20
-2.0356868503937009
11
5.4859744094488185
21
-2.0364173228346458
0
LINE
8
BLACK
6
CONTINUOUS
10
5.4859744094488185
20
-2.0364173228346458
11
5.4667814960629917
21
-2.0364173228346458
0
LINE
8
BLACK
6
CONTINUOUS
10
5.4667814960629917
20
-2.0364173228346458
11
5.463109094488189
21
-2.0356868503937009
0
LINE
8
BLACK
6
CONTINUOUS
10
5.463109094488189
20
-2.0356868503937009
11
5.4599957874015743
21
-2.0336065748031498
0
LINE
8
BLACK
6
CONTINUOUS
10
5.4599957874015743
20
-2.0336065748031498
11
5.4579155118110236
21
-2.0304932677165355
0
LINE
8
BLACK
6
CONTINUOUS
10
5.4579155118110236
20
-2.0304932677165355
11
5.4571850393700787
21
-2.0268208661417324
0
LINE
8
BLACK
6
CONTINUOUS
10
5.4571850393700787
20
-2.0268208661417324
11
5.4571850393700787
21
-1.9968011811023623
0
LINE
8
BLACK
6
CONTINUOUS
10
5.4571850393700787
20
-1.9968011811023623
11
5.4579155118110236
21
-1.993128779527559
0
LINE
8
BLACK
6
CONTINUOUS
10
5.4579155118110236
20
-1.993128779527559
11
5.4599957874015743
21
-1.9900154724409449
0
LINE
8
BLACK
6
CONTINUOUS
10
5.4599957874015743
20
-1.9900154724409449
11
5.463109094488189
21
-1.9879351968503935
0
LINE
8
BLACK
6
CONTINUOUS
10
5.463109094488189
20
-1.9879351968503935
11
5.4667814960629917
21
-1.9872047244094488
0
LINE
8
BLACK
6
CONTINUOUS
10
5.4667814960629917
20
-1.9872047244094488
11
5.4859744094488185
21
-1.9872047244094488
0
LINE
8
BLACK
6
CONTINUOUS
10
5.4859744094488185
20
-1.9872047244094488
11
5.4896468110236221
21
-1.9879351968503935
0
LINE
8
BLACK
6
CONTINUOUS
10
4.4732547637795275
20
-1.9338200393700786
11
4.4764479133858268
21
-1.935953622047244
0
LINE
8
BLACK
6
CONTINUOUS
10
4.4764479133858268
20
-1.935953622047244
11
4.4785814960629917
21
-1.9391467716535433
0
LINE
8
BLACK
6
CONTINUOUS
10
4.4785814960629917
20
-1.9391467716535433
11
4.4793307086614176
21
-1.9429133464566928
0
LINE
8
BLACK
6
CONTINUOUS
10
4.4793307086614176
20
-1.9429133464566928
11
4.4793307086614176
21
-1.9744094094488189
0
LINE
8
BLACK
6
CONTINUOUS
10
4.4793307086614176
20
-1.9744094094488189
11
4.4785814960629917
21
-1.9781759842519684
0
LINE
8
BLACK
6
CONTINUOUS
10
4.4785814960629917
20
-1.9781759842519684
11
4.4764479133858268
21
-1.9813691338582677
0
LINE
8
BLACK
6
CONTINUOUS
10
4.4764479133858268
20
-1.9813691338582677
11
4.4732547637795275
21
-1.9835027165354331
0
LINE
8
BLACK
6
CONTINUOUS
10
4.4732547637795275
20
-1.9835027165354331
11
4.4694881889763778
21
-1.9842519291338583
0
LINE
8
BLACK
6
CONTINUOUS
10
4.4694881889763778
20
-1.9842519291338583
11
4.4202755905511806
21
-1.9842519291338583
0
LINE
8
BLACK
6
CONTINUOUS
10
4.4202755905511806
20
-1.9842519291338583
11
4.4165090157480318
21
-1.9835027165354331
0
LINE
8
BLACK
6
CONTINUOUS
10
4.4165090157480318
20
-1.9835027165354331
11
4.4133158661417324
21
-1.9813691338582677
0
LINE
8
BLACK
6
CONTINUOUS
10
4.4133158661417324
20
-1.9813691338582677
11
4.4111822834645666
21
-1.9781759842519684
0
LINE
8
BLACK
6
CONTINUOUS
10
4.4111822834645666
20
-1.9781759842519684
11
4.4104330708661417
21
-1.9744094094488189
0
LINE
8
BLACK
6
CONTINUOUS
10
4.4104330708661417
20
-1.9744094094488189
11
4.4104330708661417
21
-1.9429133464566928
0
LINE
8
BLACK
6
CONTINUOUS
10
4.4104330708661417
20
-1.9429133464566928
11
4.4111822834645666
21
-1.9391467716535433
0
LINE
8
BLACK
6
CONTINUOUS
10
4.4111822834645666
20
-1.9391467716535433
11
4.4133158661417324
21
-1.935953622047244
0
LINE
8
BLACK
6
CONTINUOUS
10
4.4133158661417324
20
-1.935953622047244
11
4.4165090157480318
21
-1.9338200393700786
0
LINE
8
BLACK
6
CONTINUOUS
10
4.4165090157480318
20
-1.9338200393700786
11
4.4202755905511806
21
-1.9330708267716534
0
LINE
8
BLACK
6
CONTINUOUS
10
4.4202755905511806
20
-1.9330708267716534
11
4.4694881889763778
21
-1.9330708267716534
0
LINE
8
BLACK
6
CONTINUOUS
10
4.4694881889763778
20
-1.9330708267716534
11
4.4732547637795275
21
-1.9338200393700786
0
LINE
8
BLACK
6
CONTINUOUS
10
4.662231141732283
20
-1.9298830314960629
11
4.6654242913385824
21
-1.9320166141732282
0
LINE
8
BLACK
6
CONTINUOUS
10
4.6654242913385824
20
-1.9320166141732282
11
4.6675578740157482
21
-1.9352097637795276
0
LINE
8
BLACK
6
CONTINUOUS
10
4.6675578740157482
20
-1.9352097637795276
11
4.6683070866141732
21
-1.938976338582677
0
LINE
8
BLACK
6
CONTINUOUS
10
4.6683070866141732
20
-1.938976338582677
11
4.6683070866141732
21
-1.9704724015748032
0
LINE
8
BLACK
6
CONTINUOUS
10
4.6683070866141732
20
-1.9704724015748032
11
4.6675578740157482
21
-1.9742389763779526
0
LINE
8
BLACK
6
CONTINUOUS
10
4.6675578740157482
20
-1.9742389763779526
11
4.6654242913385824
21
-1.977432125984252
0
LINE
8
BLACK
6
CONTINUOUS
10
4.6654242913385824
20
-1.977432125984252
11
4.662231141732283
21
-1.9795657086614173
0
LINE
8
BLACK
6
CONTINUOUS
10
4.662231141732283
20
-1.9795657086614173
11
4.6584645669291334
21
-1.9803149212598425
0
LINE
8
BLACK
6
CONTINUOUS
10
4.6584645669291334
20
-1.9803149212598425
11
4.609251968503937
21
-1.9803149212598425
0
LINE
8
BLACK
6
CONTINUOUS
10
4.609251968503937
20
-1.9803149212598425
11
4.6054853937007874
21
-1.9795657086614173
0
LINE
8
BLACK
6
CONTINUOUS
10
4.6054853937007874
20
-1.9795657086614173
11
4.602292244094488
21
-1.977432125984252
0
LINE
8
BLACK
6
CONTINUOUS
10
4.602292244094488
20
-1.977432125984252
11
4.6001586614173231
21
-1.9742389763779526
0
LINE
8
BLACK
6
CONTINUOUS
10
4.6001586614173231
20
-1.9742389763779526
11
4.5994094488188972
21
-1.9704724015748032
0
LINE
8
BLACK
6
CONTINUOUS
10
4.5994094488188972
20
-1.9704724015748032
11
4.5994094488188972
21
-1.938976338582677
0
LINE
8
BLACK
6
CONTINUOUS
10
4.5994094488188972
20
-1.938976338582677
11
4.6001586614173231
21
-1.9352097637795276
0
LINE
8
BLACK
6
CONTINUOUS
10
4.6001586614173231
20
-1.9352097637795276
11
4.602292244094488
21
-1.9320166141732282
0
LINE
8
BLACK
6
CONTINUOUS
10
4.602292244094488
20
-1.9320166141732282
11
4.6054853937007874
21
-1.9298830314960629
0
LINE
8
BLACK
6
CONTINUOUS
10
4.6054853937007874
20
-1.9298830314960629
11
4.609251968503937
21
-1.9291338188976377
0
LINE
8
BLACK
6
CONTINUOUS
10
4.609251968503937
20
-1.9291338188976377
11
4.6584645669291334
21
-1.9291338188976377
0
LINE
8
BLACK
6
CONTINUOUS
10
4.6584645669291334
20
-1.9291338188976377
11
4.662231141732283
21
-1.9298830314960629
0
LINE
8
BLACK
6
CONTINUOUS
10
4.3743800393700782
20
-1.9434753149606299
11
4.3767749212598428
21
-1.9450754724409449
0
LINE
8
BLACK
6
CONTINUOUS
10
4.3767749212598428
20
-1.9450754724409449
11
4.3783750787401576
21
-1.9474703543307086
0
LINE
8
BLACK
6
CONTINUOUS
10
4.3783750787401576
20
-1.9474703543307086
11
4.3789370078740157
21
-1.9502952755905512
0
LINE
8
BLACK
6
CONTINUOUS
10
4.3789370078740157
20
-1.9502952755905512
11
4.3789370078740157
21
-1.9650590551181102
0
LINE
8
BLACK
6
CONTINUOUS
10
4.3789370078740157
20
-1.9650590551181102
11
4.3783750787401576
21
-1.9678839763779528
0
LINE
8
BLACK
6
CONTINUOUS
10
4.3783750787401576
20
-1.9678839763779528
11
4.3767749212598428
21
-1.9702788582677164
0
LINE
8
BLACK
6
CONTINUOUS
10
4.3767749212598428
20
-1.9702788582677164
11
4.3743800393700782
21
-1.9718790157480315
0
LINE
8
BLACK
6
CONTINUOUS
10
4.3743800393700782
20
-1.9718790157480315
11
4.3715551181102361
21
-1.9724409448818898
0
LINE
8
BLACK
6
CONTINUOUS
10
4.3715551181102361
20
-1.9724409448818898
11
4.3449803149606296
21
-1.9724409448818898
0
LINE
8
BLACK
6
CONTINUOUS
10
4.3449803149606296
20
-1.9724409448818898
11
4.3421553937007875
21
-1.9718790157480315
0
LINE
8
BLACK
6
CONTINUOUS
10
4.3421553937007875
20
-1.9718790157480315
11
4.3397605118110238
21
-1.9702788582677164
0
LINE
8
BLACK
6
CONTINUOUS
10
4.3397605118110238
20
-1.9702788582677164
11
4.3381603543307081
21
-1.9678839763779528
0
LINE
8
BLACK
6
CONTINUOUS
10
4.3381603543307081
20
-1.9678839763779528
11
4.33759842519685
21
-1.9650590551181102
0
LINE
8
BLACK
6
CONTINUOUS
10
4.33759842519685
20
-1.9650590551181102
11
4.33759842519685
21
-1.9502952755905512
0
LINE
8
BLACK
6
CONTINUOUS
10
4.33759842519685
20
-1.9502952755905512
11
4.3381603543307081
21
-1.9474703543307086
0
LINE
8
BLACK
6
CONTINUOUS
10
4.3381603543307081
20
-1.9474703543307086
11
4.3397605118110238
21
-1.9450754724409449
0
LINE
8
BLACK
6
CONTINUOUS
10
4.3397605118110238
20
-1.9450754724409449
11
4.3421553937007875
21
-1.9434753149606299
0
LINE
8
BLACK
6
CONTINUOUS
10
4.3421553937007875
20
-1.9434753149606299
11
4.3449803149606296
21
-1.9429133858267715
0
LINE
8
BLACK
6
CONTINUOUS
10
4.3449803149606296
20
-1.9429133858267715
11
4.3715551181102361
21
-1.9429133858267715
0
LINE
8
BLACK
6
CONTINUOUS
10
4.3715551181102361
20
-1.9429133858267715
11
4.3743800393700782
21
-1.9434753149606299
0
LINE
8
BLACK
6
CONTINUOUS
10
5.4924902755905514
20
-1.9218217716535433
11
5.494885157480315
21
-1.9234219291338581
0
LINE
8
BLACK
6
CONTINUOUS
10
5.494885157480315
20
-1.9234219291338581
11
5.4964853149606299
21
-1.925816811023622
0
LINE
8
BLACK
6
CONTINUOUS
10
5.4964853149606299
20
-1.925816811023622
11
5.497047244094488
21
-1.9286417322834646
0
LINE
8
BLACK
6
CONTINUOUS
10
5.497047244094488
20
-1.9286417322834646
11
5.497047244094488
21
-1.9434055118110236
0
LINE
8
BLACK
6
CONTINUOUS
10
5.497047244094488
20
-1.9434055118110236
11
5.4964853149606299
21
-1.9462304330708662
0
LINE
8
BLACK
6
CONTINUOUS
10
5.4964853149606299
20
-1.9462304330708662
11
5.494885157480315
21
-1.9486253149606299
0
LINE
8
BLACK
6
CONTINUOUS
10
5.494885157480315
20
-1.9486253149606299
11
5.4924902755905514
21
-1.9502254724409449
0
LINE
8
BLACK
6
CONTINUOUS
10
5.4924902755905514
20
-1.9502254724409449
11
5.4896653543307083
21
-1.950787401574803
0
LINE
8
BLACK
6
CONTINUOUS
10
5.4896653543307083
20
-1.950787401574803
11
5.4630905511811019
21
-1.950787401574803
0
LINE
8
BLACK
6
CONTINUOUS
10
5.4630905511811019
20
-1.950787401574803
11
5.4602656299212597
21
-1.9502254724409449
0
LINE
8
BLACK
6
CONTINUOUS
10
5.4602656299212597
20
-1.9502254724409449
11
5.4578707480314961
21
-1.9486253149606299
0
LINE
8
BLACK
6
CONTINUOUS
10
5.4578707480314961
20
-1.9486253149606299
11
5.4562705905511812
21
-1.9462304330708662
0
LINE
8
BLACK
6
CONTINUOUS
10
5.4562705905511812
20
-1.9462304330708662
11
5.4557086614173231
21
-1.9434055118110236
0
LINE
8
BLACK
6
CONTINUOUS
10
5.4557086614173231
20
-1.9434055118110236
11
5.4557086614173231
21
-1.9286417322834646
0
LINE
8
BLACK
6
CONTINUOUS
10
5.4557086614173231
20
-1.9286417322834646
11
5.4562705905511812
21
-1.925816811023622
0
LINE
8
BLACK
6
CONTINUOUS
10
5.4562705905511812
20
-1.925816811023622
11
5.4578707480314961
21
-1.9234219291338581
0
LINE
8
BLACK
6
CONTINUOUS
10
5.4578707480314961
20
-1.9234219291338581
11
5.4602656299212597
21
-1.9218217716535433
0
LINE
8
BLACK
6
CONTINUOUS
10
5.4602656299212597
20
-1.9218217716535433
11
5.4630905511811019
21
-1.921259842519685
0
LINE
8
BLACK
6
CONTINUOUS
10
5.4630905511811019
20
-1.921259842519685
11
5.4896653543307083
21
-1.921259842519685
0
LINE
8
BLACK
6
CONTINUOUS
10
5.4896653543307083
20
-1.921259842519685
11
5.4924902755905514
21
-1.9218217716535433
0
LINE
8
BLACK
6
CONTINUOUS
10
4.732378070866142
20
-1.9079298425196849
11
4.734293937007874
21
-1.9092099999999999
0
LINE
8
BLACK
6
CONTINUOUS
10
4.734293937007874
20
-1.9092099999999999
11
4.7355740944881886
21
-1.9111258661417323
0
LINE
8
BLACK
6
CONTINUOUS
10
4.7355740944881886
20
-1.9111258661417323
11
4.7360236220472443
21
-1.9133858267716535
0
LINE
8
BLACK
6
CONTINUOUS
10
4.7360236220472443
20
-1.9133858267716535
11
4.7360236220472443
21
-1.9429133858267715
0
LINE
8
BLACK
6
CONTINUOUS
10
4.7360236220472443
20
-1.9429133858267715
11
4.7355740944881886
21
-1.9451733464566929
0
LINE
8
BLACK
6
CONTINUOUS
10
4.7355740944881886
20
-1.9451733464566929
11
4.734293937007874
21
-1.9470892125984252
0
LINE
8
BLACK
6
CONTINUOUS
10
4.734293937007874
20
-1.9470892125984252
11
4.732378070866142
21
-1.9483693700787401
0
LINE
8
BLACK
6
CONTINUOUS
10
4.732378070866142
20
-1.9483693700787401
11
4.7301181102362202
21
-1.9488188976377951
0
LINE
8
BLACK
6
CONTINUOUS
10
4.7301181102362202
20
-1.9488188976377951
11
4.718307086614173
21
-1.9488188976377951
0
LINE
8
BLACK
6
CONTINUOUS
10
4.718307086614173
20
-1.9488188976377951
11
4.716047125984252
21
-1.9483693700787401
0
LINE
8
BLACK
6
CONTINUOUS
10
4.716047125984252
20
-1.9483693700787401
11
4.71413125984252
21
-1.9470892125984252
0
LINE
8
BLACK
6
CONTINUOUS
10
4.71413125984252
20
-1.9470892125984252
11
4.7128511023622046
21
-1.9451733464566929
0
LINE
8
BLACK
6
CONTINUOUS
10
4.7128511023622046
20
-1.9451733464566929
11
4.7124015748031498
21
-1.9429133858267715
0
LINE
8
BLACK
6
CONTINUOUS
10
4.7124015748031498
20
-1.9429133858267715
11
4.7124015748031498
21
-1.9133858267716535
0
LINE
8
BLACK
6
CONTINUOUS
10
4.7124015748031498
20
-1.9133858267716535
11
4.7128511023622046
21
-1.9111258661417323
0
LINE
8
BLACK
6
CONTINUOUS
10
4.7128511023622046
20
-1.9111258661417323
11
4.71413125984252
21
-1.9092099999999999
0
LINE
8
BLACK
6
CONTINUOUS
10
4.71413125984252
20
-1.9092099999999999
11
4.716047125984252
21
-1.9079298425196849
0
LINE
8
BLACK
6
CONTINUOUS
10
4.716047125984252
20
-1.9079298425196849
11
4.718307086614173
21
-1.9074803149606299
0
LINE
8
BLACK
6
CONTINUOUS
10
4.718307086614173
20
-1.9074803149606299
11
4.7301181102362202
21
-1.9074803149606299
0
LINE
8
BLACK
6
CONTINUOUS
10
4.7301181102362202
20
-1.9074803149606299
11
4.732378070866142
21
-1.9079298425196849
0
LINE
8
BLACK
6
CONTINUOUS
10
4.7823780314960631
20
-1.9079298425196849
11
4.7842938976377951
21
-1.9092099999999999
0
LINE
8
BLACK
6
CONTINUOUS
10
4.7842938976377951
20
-1.9092099999999999
11
4.7855740551181105
21
-1.9111258661417323
0
LINE
8
BLACK
6
CONTINUOUS
10
4.7855740551181105
20
-1.9111258661417323
11
4.7860235826771653
21
-1.9133858267716535
0
LINE
8
BLACK
6
CONTINUOUS
10
4.7860235826771653
20
-1.9133858267716535
11
4.7860235826771653
21
-1.9429133858267715
0
LINE
8
BLACK
6
CONTINUOUS
10
4.7860235826771653
20
-1.9429133858267715
11
4.7855740551181105
21
-1.9451733464566929
0
LINE
8
BLACK
6
CONTINUOUS
10
4.7855740551181105
20
-1.9451733464566929
11
4.7842938976377951
21
-1.9470892125984252
0
LINE
8
BLACK
6
CONTINUOUS
10
4.7842938976377951
20
-1.9470892125984252
11
4.7823780314960631
21
-1.9483693700787401
0
LINE
8
BLACK
6
CONTINUOUS
10
4.7823780314960631
20
-1.9483693700787401
11
4.7801180708661413
21
-1.9488188976377951
0
LINE
8
BLACK
6
CONTINUOUS
10
4.7801180708661413
20
-1.9488188976377951
11
4.768307047244094
21
-1.9488188976377951
0
LINE
8
BLACK
6
CONTINUOUS
10
4.768307047244094
20
-1.9488188976377951
11
4.7660470866141731
21
-1.9483693700787401
0
LINE
8
BLACK
6
CONTINUOUS
10
4.7660470866141731
20
-1.9483693700787401
11
4.7641312204724411
21
-1.9470892125984252
0
LINE
8
BLACK
6
CONTINUOUS
10
4.7641312204724411
20
-1.9470892125984252
11
4.7628510629921257
21
-1.9451733464566929
0
LINE
8
BLACK
6
CONTINUOUS
10
4.7628510629921257
20
-1.9451733464566929
11
4.7624015354330709
21
-1.9429133858267715
0
LINE
8
BLACK
6
CONTINUOUS
10
4.7624015354330709
20
-1.9429133858267715
11
4.7624015354330709
21
-1.9133858267716535
0
LINE
8
BLACK
6
CONTINUOUS
10
4.7624015354330709
20
-1.9133858267716535
11
4.7628510629921257
21
-1.9111258661417323
0
LINE
8
BLACK
6
CONTINUOUS
10
4.7628510629921257
20
-1.9111258661417323
11
4.7641312204724411
21
-1.9092099999999999
0
LINE
8
BLACK
6
CONTINUOUS
10
4.7641312204724411
20
-1.9092099999999999
11
4.7660470866141731
21
-1.9079298425196849
0
LINE
8
BLACK
6
CONTINUOUS
10
4.7660470866141731
20
-1.9079298425196849
11
4.768307047244094
21
-1.9074803149606299
0
LINE
8
BLACK
6
CONTINUOUS
10
4.768307047244094
20
-1.9074803149606299
11
4.7801180708661413
21
-1.9074803149606299
0
LINE
8
BLACK
6
CONTINUOUS
10
4.7801180708661413
20
-1.9074803149606299
11
4.7823780314960631
21
-1.9079298425196849
0
LINE
8
BLACK
6
CONTINUOUS
10
4.8323780708661417
20
-1.9079298425196849
11
4.8342939370078737
21
-1.9092099999999999
0
LINE
8
BLACK
6
CONTINUOUS
10
4.8342939370078737
20
-1.9092099999999999
11
4.8355740944881891
21
-1.9111258661417323
0
LINE
8
BLACK
6
CONTINUOUS
10
4.8355740944881891
20
-1.9111258661417323
11
4.8360236220472439
21
-1.9133858267716535
0
LINE
8
BLACK
6
CONTINUOUS
10
4.8360236220472439
20
-1.9133858267716535
11
4.8360236220472439
21
-1.9429133858267715
0
LINE
8
BLACK
6
CONTINUOUS
10
4.8360236220472439
20
-1.9429133858267715
11
4.8355740944881891
21
-1.9451733464566929
0
LINE
8
BLACK
6
CONTINUOUS
10
4.8355740944881891
20
-1.9451733464566929
11
4.8342939370078737
21
-1.9470892125984252
0
LINE
8
BLACK
6
CONTINUOUS
10
4.8342939370078737
20
-1.9470892125984252
11
4.8323780708661417
21
-1.9483693700787401
0
LINE
8
BLACK
6
CONTINUOUS
10
4.8323780708661417
20
-1.9483693700787401
11
4.8301181102362207
21
-1.9488188976377951
0
LINE
8
BLACK
6
CONTINUOUS
10
4.8301181102362207
20
-1.9488188976377951
11
4.8183070866141735
21
-1.9488188976377951
0
LINE
8
BLACK
6
CONTINUOUS
10
4.8183070866141735
20
-1.9488188976377951
11
4.8160471259842517
21
-1.9483693700787401
0
LINE
8
BLACK
6
CONTINUOUS
10
4.8160471259842517
20
-1.9483693700787401
11
4.8141312598425197
21
-1.9470892125984252
0
LINE
8
BLACK
6
CONTINUOUS
10
4.8141312598425197
20
-1.9470892125984252
11
4.8128511023622043
21
-1.9451733464566929
0
LINE
8
BLACK
6
CONTINUOUS
10
4.8128511023622043
20
-1.9451733464566929
11
4.8124015748031495
21
-1.9429133858267715
0
LINE
8
BLACK
6
CONTINUOUS
10
4.8124015748031495
20
-1.9429133858267715
11
4.8124015748031495
21
-1.9133858267716535
0
LINE
8
BLACK
6
CONTINUOUS
10
4.8124015748031495
20
-1.9133858267716535
11
4.8128511023622043
21
-1.9111258661417323
0
LINE
8
BLACK
6
CONTINUOUS
10
4.8128511023622043
20
-1.9111258661417323
11
4.8141312598425197
21
-1.9092099999999999
0
LINE
8
BLACK
6
CONTINUOUS
10
4.8141312598425197
20
-1.9092099999999999
11
4.8160471259842517
21
-1.9079298425196849
0
LINE
8
BLACK
6
CONTINUOUS
10
4.8160471259842517
20
-1.9079298425196849
11
4.8183070866141735
21
-1.9074803149606299
0
LINE
8
BLACK
6
CONTINUOUS
10
4.8183070866141735
20
-1.9074803149606299
11
4.8301181102362207
21
-1.9074803149606299
0
LINE
8
BLACK
6
CONTINUOUS
10
4.8301181102362207
20
-1.9074803149606299
11
4.8323780708661417
21
-1.9079298425196849
0
LINE
8
BLACK
6
CONTINUOUS
10
4.8823780314960628
20
-1.9079298425196849
11
4.8842938976377948
21
-1.9092099999999999
0
LINE
8
BLACK
6
CONTINUOUS
10
4.8842938976377948
20
-1.9092099999999999
11
4.8855740551181102
21
-1.9111258661417323
0
LINE
8
BLACK
6
CONTINUOUS
10
4.8855740551181102
20
-1.9111258661417323
11
4.886023582677165
21
-1.9133858267716535
0
LINE
8
BLACK
6
CONTINUOUS
10
4.886023582677165
20
-1.9133858267716535
11
4.886023582677165
21
-1.9429133858267715
0
LINE
8
BLACK
6
CONTINUOUS
10
4.886023582677165
20
-1.9429133858267715
11
4.8855740551181102
21
-1.9451733464566929
0
LINE
8
BLACK
6
CONTINUOUS
10
4.8855740551181102
20
-1.9451733464566929
11
4.8842938976377948
21
-1.9470892125984252
0
LINE
8
BLACK
6
CONTINUOUS
10
4.8842938976377948
20
-1.9470892125984252
11
4.8823780314960628
21
-1.9483693700787401
0
LINE
8
BLACK
6
CONTINUOUS
10
4.8823780314960628
20
-1.9483693700787401
11
4.8801180708661418
21
-1.9488188976377951
0
LINE
8
BLACK
6
CONTINUOUS
10
4.8801180708661418
20
-1.9488188976377951
11
4.8683070472440946
21
-1.9488188976377951
0
LINE
8
BLACK
6
CONTINUOUS
10
4.8683070472440946
20
-1.9488188976377951
11
4.8660470866141727
21
-1.9483693700787401
0
LINE
8
BLACK
6
CONTINUOUS
10
4.8660470866141727
20
-1.9483693700787401
11
4.8641312204724407
21
-1.9470892125984252
0
LINE
8
BLACK
6
CONTINUOUS
10
4.8641312204724407
20
-1.9470892125984252
11
4.8628510629921262
21
-1.9451733464566929
0
LINE
8
BLACK
6
CONTINUOUS
10
4.8628510629921262
20
-1.9451733464566929
11
4.8624015354330705
21
-1.9429133858267715
0
LINE
8
BLACK
6
CONTINUOUS
10
4.8624015354330705
20
-1.9429133858267715
11
4.8624015354330705
21
-1.9133858267716535
0
LINE
8
BLACK
6
CONTINUOUS
10
4.8624015354330705
20
-1.9133858267716535
11
4.8628510629921262
21
-1.9111258661417323
0
LINE
8
BLACK
6
CONTINUOUS
10
4.8628510629921262
20
-1.9111258661417323
11
4.8641312204724407
21
-1.9092099999999999
0
LINE
8
BLACK
6
CONTINUOUS
10
4.8641312204724407
20
-1.9092099999999999
11
4.8660470866141727
21
-1.9079298425196849
0
LINE
8
BLACK
6
CONTINUOUS
10
4.8660470866141727
20
-1.9079298425196849
11
4.8683070472440946
21
-1.9074803149606299
0
LINE
8
BLACK
6
CONTINUOUS
10
4.8683070472440946
20
-1.9074803149606299
11
4.8801180708661418
21
-1.9074803149606299
0
LINE
8
BLACK
6
CONTINUOUS
10
4.8801180708661418
20
-1.9074803149606299
11
4.8823780314960628
21
-1.9079298425196849
0
LINE
8
BLACK
6
CONTINUOUS
10
5.4102626377952756
20
-1.8944499606299212
11
5.413455787401575
21
-1.8965835433070866
0
LINE
8
BLACK
6
CONTINUOUS
10
5.413455787401575
20
-1.8965835433070866
11
5.4155893700787399
21
-1.8997766929133857
0
LINE
8
BLACK
6
CONTINUOUS
10
5.4155893700787399
20
-1.8997766929133857
11
5.4163385826771648
21
-1.9035432677165354
0
LINE
8
BLACK
6
CONTINUOUS
10
5.4163385826771648
20
-1.9035432677165354
11
5.4163385826771648
21
-1.9350393307086613
0
LINE
8
BLACK
6
CONTINUOUS
10
5.4163385826771648
20
-1.9350393307086613
11
5.4155893700787399
21
-1.938805905511811
0
LINE
8
BLACK
6
CONTINUOUS
10
5.4155893700787399
20
-1.938805905511811
11
5.413455787401575
21
-1.9419990551181101
0
LINE
8
BLACK
6
CONTINUOUS
10
5.413455787401575
20
-1.9419990551181101
11
5.4102626377952756
21
-1.9441326377952755
0
LINE
8
BLACK
6
CONTINUOUS
10
5.4102626377952756
20
-1.9441326377952755
11
5.4064960629921259
21
-1.9448818503937007
0
LINE
8
BLACK
6
CONTINUOUS
10
5.4064960629921259
20
-1.9448818503937007
11
5.3572834645669287
21
-1.9448818503937007
0
LINE
8
BLACK
6
CONTINUOUS
10
5.3572834645669287
20
-1.9448818503937007
11
5.353516889763779
21
-1.9441326377952755
0
LINE
8
BLACK
6
CONTINUOUS
10
5.353516889763779
20
-1.9441326377952755
11
5.3503237401574806
21
-1.9419990551181101
0
LINE
8
BLACK
6
CONTINUOUS
10
5.3503237401574806
20
-1.9419990551181101
11
5.3481901574803148
21
-1.938805905511811
0
LINE
8
BLACK
6
CONTINUOUS
10
5.3481901574803148
20
-1.938805905511811
11
5.3474409448818898
21
-1.9350393307086613
0
LINE
8
BLACK
6
CONTINUOUS
10
5.3474409448818898
20
-1.9350393307086613
11
5.3474409448818898
21
-1.9035432677165354
0
LINE
8
BLACK
6
CONTINUOUS
10
5.3474409448818898
20
-1.9035432677165354
11
5.3481901574803148
21
-1.8997766929133857
0
LINE
8
BLACK
6
CONTINUOUS
10
5.3481901574803148
20
-1.8997766929133857
11
5.3503237401574806
21
-1.8965835433070866
0
LINE
8
BLACK
6
CONTINUOUS
10
5.3503237401574806
20
-1.8965835433070866
11
5.353516889763779
21
-1.8944499606299212
0
LINE
8
BLACK
6
CONTINUOUS
10
5.353516889763779
20
-1.8944499606299212
11
5.3572834645669287
21
-1.893700748031496
0
LINE
8
BLACK
6
CONTINUOUS
10
5.3572834645669287
20
-1.893700748031496
11
5.4064960629921259
21
-1.893700748031496
0
LINE
8
BLACK
6
CONTINUOUS
10
5.4064960629921259
20
-1.893700748031496
11
5.4102626377952756
21
-1.8944499606299212
0
LINE
8
BLACK
6
CONTINUOUS
10
5.1997009055118113
20
-1.9000558661417322
11
5.2016167716535433
21
-1.9013360236220471
0
LINE
8
BLACK
6
CONTINUOUS
10
5.2016167716535433
20
-1.9013360236220471
11
5.2028969291338578
21
-1.9032518897637796
0
LINE
8
BLACK
6
CONTINUOUS
10
5.2028969291338578
20
-1.9032518897637796
11
5.2033464566929135
21
-1.9055118503937007
0
LINE
8
BLACK
6
CONTINUOUS
10
5.2033464566929135
20
-1.9055118503937007
11
5.2033464566929135
21
-1.9350394094488188
0
LINE
8
BLACK
6
CONTINUOUS
10
5.2033464566929135
20
-1.9350394094488188
11
5.2028969291338578
21
-1.9372993700787402
0
LINE
8
BLACK
6
CONTINUOUS
10
5.2028969291338578
20
-1.9372993700787402
11
5.2016167716535433
21
-1.9392152362204724
0
LINE
8
BLACK
6
CONTINUOUS
10
5.2016167716535433
20
-1.9392152362204724
11
5.1997009055118113
21
-1.9404953937007874
0
LINE
8
BLACK
6
CONTINUOUS
10
5.1997009055118113
20
-1.9404953937007874
11
5.1974409448818895
21
-1.9409449212598424
0
LINE
8
BLACK
6
CONTINUOUS
10
5.1974409448818895
20
-1.9409449212598424
11
5.1856299212598422
21
-1.9409449212598424
0
LINE
8
BLACK
6
CONTINUOUS
10
5.1856299212598422
20
-1.9409449212598424
11
5.1833699606299213
21
-1.9404953937007874
0
LINE
8
BLACK
6
CONTINUOUS
10
5.1833699606299213
20
-1.9404953937007874
11
5.1814540944881893
21
-1.9392152362204724
0
LINE
8
BLACK
6
CONTINUOUS
10
5.1814540944881893
20
-1.9392152362204724
11
5.1801739370078739
21
-1.9372993700787402
0
LINE
8
BLACK
6
CONTINUOUS
10
5.1801739370078739
20
-1.9372993700787402
11
5.1797244094488191
21
-1.9350394094488188
0
LINE
8
BLACK
6
CONTINUOUS
10
5.1797244094488191
20
-1.9350394094488188
11
5.1797244094488191
21
-1.9055118503937007
0
LINE
8
BLACK
6
CONTINUOUS
10
5.1797244094488191
20
-1.9055118503937007
11
5.1801739370078739
21
-1.9032518897637796
0
LINE
8
BLACK
6
CONTINUOUS
10
5.1801739370078739
20
-1.9032518897637796
11
5.1814540944881893
21
-1.9013360236220471
0
LINE
8
BLACK
6
CONTINUOUS
10
5.1814540944881893
20
-1.9013360236220471
11
5.1833699606299213
21
-1.9000558661417322
0
LINE
8
BLACK
6
CONTINUOUS
10
5.1833699606299213
20
-1.9000558661417322
11
5.1856299212598422
21
-1.8996063385826771
0
LINE
8
BLACK
6
CONTINUOUS
10
5.1856299212598422
20
-1.8996063385826771
11
5.1974409448818895
21
-1.8996063385826771
0
LINE
8
BLACK
6
CONTINUOUS
10
5.1974409448818895
20
-1.8996063385826771
11
5.1997009055118113
21
-1.9000558661417322
0
LINE
8
BLACK
6
CONTINUOUS
10
5.1497009055118106
20
-1.9000558267716534
11
5.1516167716535435
21
-1.9013359842519684
0
LINE
8
BLACK
6
CONTINUOUS
10
5.1516167716535435
20
-1.9013359842519684
11
5.152896929133858
21
-1.9032518503937008
0
LINE
8
BLACK
6
CONTINUOUS
10
5.152896929133858
20
-1.9032518503937008
11
5.1533464566929137
21
-1.905511811023622
0
LINE
8
BLACK
6
CONTINUOUS
10
5.1533464566929137
20
-1.905511811023622
11
5.1533464566929137
21
-1.9350393700787401
0
LINE
8
BLACK
6
CONTINUOUS
10
5.1533464566929137
20
-1.9350393700787401
11
5.152896929133858
21
-1.9372993307086614
0
LINE
8
BLACK
6
CONTINUOUS
10
5.152896929133858
20
-1.9372993307086614
11
5.1516167716535435
21
-1.9392151968503937
0
LINE
8
BLACK
6
CONTINUOUS
10
5.1516167716535435
20
-1.9392151968503937
11
5.1497009055118106
21
-1.9404953543307086
0
LINE
8
BLACK
6
CONTINUOUS
10
5.1497009055118106
20
-1.9404953543307086
11
5.1474409448818896
21
-1.9409448818897637
0
LINE
8
BLACK
6
CONTINUOUS
10
5.1474409448818896
20
-1.9409448818897637
11
5.1356299212598424
21
-1.9409448818897637
0
LINE
8
BLACK
6
CONTINUOUS
10
5.1356299212598424
20
-1.9409448818897637
11
5.1333699606299215
21
-1.9404953543307086
0
LINE
8
BLACK
6
CONTINUOUS
10
5.1333699606299215
20
-1.9404953543307086
11
5.1314540944881886
21
-1.9392151968503937
0
LINE
8
BLACK
6
CONTINUOUS
10
5.1314540944881886
20
-1.9392151968503937
11
5.1301739370078741
21
-1.9372993307086614
0
LINE
8
BLACK
6
CONTINUOUS
10
5.1301739370078741
20
-1.9372993307086614
11
5.1297244094488184
21
-1.9350393700787401
0
LINE
8
BLACK
6
CONTINUOUS
10
5.1297244094488184
20
-1.9350393700787401
11
5.1297244094488184
21
-1.905511811023622
0
LINE
8
BLACK
6
CONTINUOUS
10
5.1297244094488184
20
-1.905511811023622
11
5.1301739370078741
21
-1.9032518503937008
0
LINE
8
BLACK
6
CONTINUOUS
10
5.1301739370078741
20
-1.9032518503937008
11
5.1314540944881886
21
-1.9013359842519684
0
LINE
8
BLACK
6
CONTINUOUS
10
5.1314540944881886
20
-1.9013359842519684
11
5.1333699606299215
21
-1.9000558267716534
0
LINE
8
BLACK
6
CONTINUOUS
10
5.1333699606299215
20
-1.9000558267716534
11
5.1356299212598424
21
-1.8996062992125984
0
LINE
8
BLACK
6
CONTINUOUS
10
5.1356299212598424
20
-1.8996062992125984
11
5.1474409448818896
21
-1.8996062992125984
0
LINE
8
BLACK
6
CONTINUOUS
10
5.1474409448818896
20
-1.8996062992125984
11
5.1497009055118106
21
-1.9000558267716534
0
LINE
8
BLACK
6
CONTINUOUS
10
5.2497009055118111
20
-1.9000558267716534
11
5.2516167716535431
21
-1.9013359842519684
0
LINE
8
BLACK
6
CONTINUOUS
10
5.2516167716535431
20
-1.9013359842519684
11
5.2528969291338585
21
-1.9032518503937008
0
LINE
8
BLACK
6
CONTINUOUS
10
5.2528969291338585
20
-1.9032518503937008
11
5.2533464566929133
21
-1.905511811023622
0
LINE
8
BLACK
6
CONTINUOUS
10
5.2533464566929133
20
-1.905511811023622
11
5.2533464566929133
21
-1.9350393700787401
0
LINE
8
BLACK
6
CONTINUOUS
10
5.2533464566929133
20
-1.9350393700787401
11
5.2528969291338585
21
-1.9372993307086614
0
LINE
8
BLACK
6
CONTINUOUS
10
5.2528969291338585
20
-1.9372993307086614
11
5.2516167716535431
21
-1.9392151968503937
0
LINE
8
BLACK
6
CONTINUOUS
10
5.2516167716535431
20
-1.9392151968503937
11
5.2497009055118111
21
-1.9404953543307086
0
LINE
8
BLACK
6
CONTINUOUS
10
5.2497009055118111
20
-1.9404953543307086
11
5.2474409448818893
21
-1.9409448818897637
0
LINE
8
BLACK
6
CONTINUOUS
10
5.2474409448818893
20
-1.9409448818897637
11
5.2356299212598421
21
-1.9409448818897637
0
LINE
8
BLACK
6
CONTINUOUS
10
5.2356299212598421
20
-1.9409448818897637
11
5.2333699606299211
21
-1.9404953543307086
0
LINE
8
BLACK
6
CONTINUOUS
10
5.2333699606299211
20
-1.9404953543307086
11
5.2314540944881891
21
-1.9392151968503937
0
LINE
8
BLACK
6
CONTINUOUS
10
5.2314540944881891
20
-1.9392151968503937
11
5.2301739370078737
21
-1.9372993307086614
0
LINE
8
BLACK
6
CONTINUOUS
10
5.2301739370078737
20
-1.9372993307086614
11
5.2297244094488189
21
-1.9350393700787401
0
LINE
8
BLACK
6
CONTINUOUS
10
5.2297244094488189
20
-1.9350393700787401
11
5.2297244094488189
21
-1.905511811023622
0
LINE
8
BLACK
6
CONTINUOUS
10
5.2297244094488189
20
-1.905511811023622
11
5.2301739370078737
21
-1.9032518503937008
0
LINE
8
BLACK
6
CONTINUOUS
10
5.2301739370078737
20
-1.9032518503937008
11
5.2314540944881891
21
-1.9013359842519684
0
LINE
8
BLACK
6
CONTINUOUS
10
5.2314540944881891
20
-1.9013359842519684
11
5.2333699606299211
21
-1.9000558267716534
0
LINE
8
BLACK
6
CONTINUOUS
10
5.2333699606299211
20
-1.9000558267716534
11
5.2356299212598421
21
-1.8996062992125984
0
LINE
8
BLACK
6
CONTINUOUS
10
5.2356299212598421
20
-1.8996062992125984
11
5.2474409448818893
21
-1.8996062992125984
0
LINE
8
BLACK
6
CONTINUOUS
10
5.2474409448818893
20
-1.8996062992125984
11
5.2497009055118111
21
-1.9000558267716534
0
LINE
8
BLACK
6
CONTINUOUS
10
5.2997009055118109
20
-1.9000558267716534
11
5.3016167716535429
21
-1.9013359842519684
0
LINE
8
BLACK
6
CONTINUOUS
10
5.3016167716535429
20
-1.9013359842519684
11
5.3028969291338584
21
-1.9032518503937008
0
LINE
8
BLACK
6
CONTINUOUS
10
5.3028969291338584
20
-1.9032518503937008
11
5.3033464566929132
21
-1.905511811023622
0
LINE
8
BLACK
6
CONTINUOUS
10
5.3033464566929132
20
-1.905511811023622
11
5.3033464566929132
21
-1.9350393700787401
0
LINE
8
BLACK
6
CONTINUOUS
10
5.3033464566929132
20
-1.9350393700787401
11
5.3028969291338584
21
-1.9372993307086614
0
LINE
8
BLACK
6
CONTINUOUS
10
5.3028969291338584
20
-1.9372993307086614
11
5.3016167716535429
21
-1.9392151968503937
0
LINE
8
BLACK
6
CONTINUOUS
10
5.3016167716535429
20
-1.9392151968503937
11
5.2997009055118109
21
-1.9404953543307086
0
LINE
8
BLACK
6
CONTINUOUS
10
5.2997009055118109
20
-1.9404953543307086
11
5.29744094488189
21
-1.9409448818897637
0
LINE
8
BLACK
6
CONTINUOUS
10
5.29744094488189
20
-1.9409448818897637
11
5.2856299212598428
21
-1.9409448818897637
0
LINE
8
BLACK
6
CONTINUOUS
10
5.2856299212598428
20
-1.9409448818897637
11
5.2833699606299209
21
-1.9404953543307086
0
LINE
8
BLACK
6
CONTINUOUS
10
5.2833699606299209
20
-1.9404953543307086
11
5.2814540944881889
21
-1.9392151968503937
0
LINE
8
BLACK
6
CONTINUOUS
10
5.2814540944881889
20
-1.9392151968503937
11
5.2801739370078735
21
-1.9372993307086614
0
LINE
8
BLACK
6
CONTINUOUS
10
5.2801739370078735
20
-1.9372993307086614
11
5.2797244094488187
21
-1.9350393700787401
0
LINE
8
BLACK
6
CONTINUOUS
10
5.2797244094488187
20
-1.9350393700787401
11
5.2797244094488187
21
-1.905511811023622
0
LINE
8
BLACK
6
CONTINUOUS
10
5.2797244094488187
20
-1.905511811023622
11
5.2801739370078735
21
-1.9032518503937008
0
LINE
8
BLACK
6
CONTINUOUS
10
5.2801739370078735
20
-1.9032518503937008
11
5.2814540944881889
21
-1.9013359842519684
0
LINE
8
BLACK
6
CONTINUOUS
10
5.2814540944881889
20
-1.9013359842519684
11
5.2833699606299209
21
-1.9000558267716534
0
LINE
8
BLACK
6
CONTINUOUS
10
5.2833699606299209
20
-1.9000558267716534
11
5.2856299212598428
21
-1.8996062992125984
0
LINE
8
BLACK
6
CONTINUOUS
10
5.2856299212598428
20
-1.8996062992125984
11
5.29744094488189
21
-1.8996062992125984
0
LINE
8
BLACK
6
CONTINUOUS
10
5.29744094488189
20
-1.8996062992125984
11
5.2997009055118109
21
-1.9000558267716534
0
LINE
8
BLACK
6
CONTINUOUS
10
4.3715365748031498
20
-1.8580139370078739
11
4.3746498818897637
21
-1.8600942125984252
0
LINE
8
BLACK
6
CONTINUOUS
10
4.3746498818897637
20
-1.8600942125984252
11
4.3767301574803152
21
-1.8632075196850393
0
LINE
8
BLACK
6
CONTINUOUS
10
4.3767301574803152
20
-1.8632075196850393
11
4.3774606299212602
21
-1.8668799212598424
0
LINE
8
BLACK
6
CONTINUOUS
10
4.3774606299212602
20
-1.8668799212598424
11
4.3774606299212602
21
-1.8968996062992125
0
LINE
8
BLACK
6
CONTINUOUS
10
4.3774606299212602
20
-1.8968996062992125
11
4.3767301574803152
21
-1.9005720078740158
0
LINE
8
BLACK
6
CONTINUOUS
10
4.3767301574803152
20
-1.9005720078740158
11
4.3746498818897637
21
-1.9036853149606299
0
LINE
8
BLACK
6
CONTINUOUS
10
4.3746498818897637
20
-1.9036853149606299
11
4.3715365748031498
21
-1.905765590551181
0
LINE
8
BLACK
6
CONTINUOUS
10
4.3715365748031498
20
-1.905765590551181
11
4.3678641732283463
21
-1.9064960629921259
0
LINE
8
BLACK
6
CONTINUOUS
10
4.3678641732283463
20
-1.9064960629921259
11
4.3486712598425195
21
-1.9064960629921259
0
LINE
8
BLACK
6
CONTINUOUS
10
4.3486712598425195
20
-1.9064960629921259
11
4.3449988582677168
21
-1.905765590551181
0
LINE
8
BLACK
6
CONTINUOUS
10
4.3449988582677168
20
-1.905765590551181
11
4.3418855511811021
21
-1.9036853149606299
0
LINE
8
BLACK
6
CONTINUOUS
10
4.3418855511811021
20
-1.9036853149606299
11
4.3398052755905514
21
-1.9005720078740158
0
LINE
8
BLACK
6
CONTINUOUS
10
4.3398052755905514
20
-1.9005720078740158
11
4.3390748031496065
21
-1.8968996062992125
0
LINE
8
BLACK
6
CONTINUOUS
10
4.3390748031496065
20
-1.8968996062992125
11
4.3390748031496065
21
-1.8668799212598424
0
LINE
8
BLACK
6
CONTINUOUS
10
4.3390748031496065
20
-1.8668799212598424
11
4.3398052755905514
21
-1.8632075196850393
0
LINE
8
BLACK
6
CONTINUOUS
10
4.3398052755905514
20
-1.8632075196850393
11
4.3418855511811021
21
-1.8600942125984252
0
LINE
8
BLACK
6
CONTINUOUS
10
4.3418855511811021
20
-1.8600942125984252
11
4.3449988582677168
21
-1.8580139370078739
0
LINE
8
BLACK
6
CONTINUOUS
10
4.3449988582677168
20
-1.8580139370078739
11
4.3486712598425195
21
-1.8572834645669292
0
LINE
8
BLACK
6
CONTINUOUS
10
4.3486712598425195
20
-1.8572834645669292
11
4.3678641732283463
21
-1.8572834645669292
0
LINE
8
BLACK
6
CONTINUOUS
10
4.3678641732283463
20
-1.8572834645669292
11
4.3715365748031498
21
-1.8580139370078739
0
LINE
8
BLACK
6
CONTINUOUS
10
4.7716535433070861
20
-1.8543307086614174
11
4.7362204724409445
21
-1.8543307086614174
0
LINE
8
BLACK
6
CONTINUOUS
10
4.7362204724409445
20
-1.8543307086614174
11
4.7362204724409445
21
-1.8307086614173227
0
LINE
8
BLACK
6
CONTINUOUS
10
4.7362204724409445
20
-1.8307086614173227
11
4.7716535433070861
21
-1.8307086614173227
0
LINE
8
BLACK
6
CONTINUOUS
10
4.7716535433070861
20
-1.8307086614173227
11
4.7716535433070861
21
-1.8543307086614174
0
LINE
8
BLACK
6
CONTINUOUS
10
4.8169290944881888
20
-1.8543307086614174
11
4.7814960236220472
21
-1.8543307086614174
0
LINE
8
BLACK
6
CONTINUOUS
10
4.7814960236220472
20
-1.8543307086614174
11
4.7814960236220472
21
-1.8307086614173227
0
LINE
8
BLACK
6
CONTINUOUS
10
4.7814960236220472
20
-1.8307086614173227
11
4.8169290944881888
21
-1.8307086614173227
0
LINE
8
BLACK
6
CONTINUOUS
10
4.8169290944881888
20
-1.8307086614173227
11
4.8169290944881888
21
-1.8543307086614174
0
LINE
8
BLACK
6
CONTINUOUS
10
4.8622047244094491
20
-1.8543307086614174
11
4.8267716535433074
21
-1.8543307086614174
0
LINE
8
BLACK
6
CONTINUOUS
10
4.8267716535433074
20
-1.8543307086614174
11
4.8267716535433074
21
-1.8307086614173227
0
LINE
8
BLACK
6
CONTINUOUS
10
4.8267716535433074
20
-1.8307086614173227
11
4.8622047244094491
21
-1.8307086614173227
0
LINE
8
BLACK
6
CONTINUOUS
10
4.8622047244094491
20
-1.8307086614173227
11
4.8622047244094491
21
-1.8543307086614174
0
LINE
8
BLACK
6
CONTINUOUS
10
5.1889763779527556
20
-1.8464566929133859
11
5.1535433070866139
21
-1.8464566929133859
0
LINE
8
BLACK
6
CONTINUOUS
10
5.1535433070866139
20
-1.8464566929133859
11
5.1535433070866139
21
-1.8228346456692912
0
LINE
8
BLACK
6
CONTINUOUS
10
5.1535433070866139
20
-1.8228346456692912
11
5.1889763779527556
21
-1.8228346456692912
0
LINE
8
BLACK
6
CONTINUOUS
10
5.1889763779527556
20
-1.8228346456692912
11
5.1889763779527556
21
-1.8464566929133859
0
LINE
8
BLACK
6
CONTINUOUS
10
5.234251968503937
20
-1.8464566929133859
11
5.1988188976377954
21
-1.8464566929133859
0
LINE
8
BLACK
6
CONTINUOUS
10
5.1988188976377954
20
-1.8464566929133859
11
5.1988188976377954
21
-1.8228346456692912
0
LINE
8
BLACK
6
CONTINUOUS
10
5.1988188976377954
20
-1.8228346456692912
11
5.234251968503937
21
-1.8228346456692912
0
LINE
8
BLACK
6
CONTINUOUS
10
5.234251968503937
20
-1.8228346456692912
11
5.234251968503937
21
-1.8464566929133859
0
LINE
8
BLACK
6
CONTINUOUS
10
5.2795275590551176
20
-1.8464566929133859
11
5.2440944881889759
21
-1.8464566929133859
0
LINE
8
BLACK
6
CONTINUOUS
10
5.2440944881889759
20
-1.8464566929133859
11
5.2440944881889759
21
-1.8228346456692912
0
LINE
8
BLACK
6
CONTINUOUS
10
5.2440944881889759
20
-1.8228346456692912
11
5.2795275590551176
21
-1.8228346456692912
0
LINE
8
BLACK
6
CONTINUOUS
10
5.2795275590551176
20
-1.8228346456692912
11
5.2795275590551176
21
-1.8464566929133859
0
LINE
8
BLACK
6
CONTINUOUS
10
4.8169291732283464
20
-1.8208661417322833
11
4.7814961023622047
21
-1.8208661417322833
0
LINE
8
BLACK
6
CONTINUOUS
10
4.7814961023622047
20
-1.8208661417322833
11
4.7814961023622047
21
-1.7972440944881889
0
LINE
8
BLACK
6
CONTINUOUS
10
4.7814961023622047
20
-1.7972440944881889
11
4.8169291732283464
21
-1.7972440944881889
0
LINE
8
BLACK
6
CONTINUOUS
10
4.8169291732283464
20
-1.7972440944881889
11
4.8169291732283464
21
-1.8208661417322833
0
LINE
8
BLACK
6
CONTINUOUS
10
4.8622047244094491
20
-1.8208661417322833
11
4.8267716535433074
21
-1.8208661417322833
0
LINE
8
BLACK
6
CONTINUOUS
10
4.8267716535433074
20
-1.8208661417322833
11
4.8267716535433074
21
-1.7972440944881889
0
LINE
8
BLACK
6
CONTINUOUS
10
4.8267716535433074
20
-1.7972440944881889
11
4.8622047244094491
21
-1.7972440944881889
0
LINE
8
BLACK
6
CONTINUOUS
10
4.8622047244094491
20
-1.7972440944881889
11
4.8622047244094491
21
-1.8208661417322833
0
LINE
8
BLACK
6
CONTINUOUS
10
4.7716535826771649
20
-1.8208661023622046
11
4.7362205118110232
21
-1.8208661023622046
0
LINE
8
BLACK
6
CONTINUOUS
10
4.7362205118110232
20
-1.8208661023622046
11
4.7362205118110232
21
-1.7972440551181101
0
LINE
8
BLACK
6
CONTINUOUS
10
4.7362205118110232
20
-1.7972440551181101
11
4.7716535826771649
21
-1.7972440551181101
0
LINE
8
BLACK
6
CONTINUOUS
10
4.7716535826771649
20
-1.7972440551181101
11
4.7716535826771649
21
-1.8208661023622046
0
LINE
8
BLACK
6
CONTINUOUS
10
5.1889764173228343
20
-1.8129921259842519
11
5.1535433464566927
21
-1.8129921259842519
0
LINE
8
BLACK
6
CONTINUOUS
10
5.1535433464566927
20
-1.8129921259842519
11
5.1535433464566927
21
-1.7893700787401574
0
LINE
8
BLACK
6
CONTINUOUS
10
5.1535433464566927
20
-1.7893700787401574
11
5.1889764173228343
21
-1.7893700787401574
0
LINE
8
BLACK
6
CONTINUOUS
10
5.1889764173228343
20
-1.7893700787401574
11
5.1889764173228343
21
-1.8129921259842519
0
LINE
8
BLACK
6
CONTINUOUS
10
5.234251968503937
20
-1.8129921259842519
11
5.1988188976377954
21
-1.8129921259842519
0
LINE
8
BLACK
6
CONTINUOUS
10
5.1988188976377954
20
-1.8129921259842519
11
5.1988188976377954
21
-1.7893700787401574
0
LINE
8
BLACK
6
CONTINUOUS
10
5.1988188976377954
20
-1.7893700787401574
11
5.234251968503937
21
-1.7893700787401574
0
LINE
8
BLACK
6
CONTINUOUS
10
5.234251968503937
20
-1.7893700787401574
11
5.234251968503937
21
-1.8129921259842519
0
LINE
8
BLACK
6
CONTINUOUS
10
5.2795275590551176
20
-1.8129921259842519
11
5.2440944881889759
21
-1.8129921259842519
0
LINE
8
BLACK
6
CONTINUOUS
10
5.2440944881889759
20
-1.8129921259842519
11
5.2440944881889759
21
-1.7893700787401574
0
LINE
8
BLACK
6
CONTINUOUS
10
5.2440944881889759
20
-1.7893700787401574
11
5.2795275590551176
21
-1.7893700787401574
0
LINE
8
BLACK
6
CONTINUOUS
10
5.2795275590551176
20
-1.7893700787401574
11
5.2795275590551176
21
-1.8129921259842519
0
LINE
8
BLACK
6
CONTINUOUS
10
4.7716535433070861
20
-1.7874015748031495
11
4.7362204724409445
21
-1.7874015748031495
0
LINE
8
BLACK
6
CONTINUOUS
10
4.7362204724409445
20
-1.7874015748031495
11
4.7362204724409445
21
-1.7637795275590551
0
LINE
8
BLACK
6
CONTINUOUS
10
4.7362204724409445
20
-1.7637795275590551
11
4.7716535433070861
21
-1.7637795275590551
0
LINE
8
BLACK
6
CONTINUOUS
10
4.7716535433070861
20
-1.7637795275590551
11
4.7716535433070861
21
-1.7874015748031495
0
LINE
8
BLACK
6
CONTINUOUS
10
4.8169292125984251
20
-1.7874015748031495
11
4.7814961417322834
21
-1.7874015748031495
0
LINE
8
BLACK
6
CONTINUOUS
10
4.7814961417322834
20
-1.7874015748031495
11
4.7814961417322834
21
-1.7637795275590551
0
LINE
8
BLACK
6
CONTINUOUS
10
4.7814961417322834
20
-1.7637795275590551
11
4.8169292125984251
21
-1.7637795275590551
0
LINE
8
BLACK
6
CONTINUOUS
10
4.8169292125984251
20
-1.7637795275590551
11
4.8169292125984251
21
-1.7874015748031495
0
LINE
8
BLACK
6
CONTINUOUS
10
4.8622047244094491
20
-1.7874015748031495
11
4.8267716535433074
21
-1.7874015748031495
0
LINE
8
BLACK
6
CONTINUOUS
10
4.8267716535433074
20
-1.7874015748031495
11
4.8267716535433074
21
-1.7637795275590551
0
LINE
8
BLACK
6
CONTINUOUS
10
4.8267716535433074
20
-1.7637795275590551
11
4.8622047244094491
21
-1.7637795275590551
0
LINE
8
BLACK
6
CONTINUOUS
10
4.8622047244094491
20
-1.7637795275590551
11
4.8622047244094491
21
-1.7874015748031495
0
LINE
8
BLACK
6
CONTINUOUS
10
5.1889763779527556
20
-1.7795275590551181
11
5.1535433070866139
21
-1.7795275590551181
0
LINE
8
BLACK
6
CONTINUOUS
10
5.1535433070866139
20
-1.7795275590551181
11
5.1535433070866139
21
-1.7559055118110236
0
LINE
8
BLACK
6
CONTINUOUS
10
5.1535433070866139
20
-1.7559055118110236
11
5.1889763779527556
21
-1.7559055118110236
0
LINE
8
BLACK
6
CONTINUOUS
10
5.1889763779527556
20
-1.7559055118110236
11
5.1889763779527556
21
-1.7795275590551181
0
LINE
8
BLACK
6
CONTINUOUS
10
5.234251968503937
20
-1.7795275590551181
11
5.1988188976377954
21
-1.7795275590551181
0
LINE
8
BLACK
6
CONTINUOUS
10
5.1988188976377954
20
-1.7795275590551181
11
5.1988188976377954
21
-1.7559055118110236
0
LINE
8
BLACK
6
CONTINUOUS
10
5.1988188976377954
20
-1.7559055118110236
11
5.234251968503937
21
-1.7559055118110236
0
LINE
8
BLACK
6
CONTINUOUS
10
5.234251968503937
20
-1.7559055118110236
11
5.234251968503937
21
-1.7795275590551181
0
LINE
8
BLACK
6
CONTINUOUS
10
5.2795275590551176
20
-1.7795275590551181
11
5.2440944881889759
21
-1.7795275590551181
0
LINE
8
BLACK
6
CONTINUOUS
10
5.2440944881889759
20
-1.7795275590551181
11
5.2440944881889759
21
-1.7559055118110236
0
LINE
8
BLACK
6
CONTINUOUS
10
5.2440944881889759
20
-1.7559055118110236
11
5.2795275590551176
21
-1.7559055118110236
0
LINE
8
BLACK
6
CONTINUOUS
10
5.2795275590551176
20
-1.7559055118110236
11
5.2795275590551176
21
-1.7795275590551181
0
LINE
8
BLACK
6
CONTINUOUS
10
4.7716535433070861
20
-1.7539370078740157
11
4.7362204724409445
21
-1.7539370078740157
0
LINE
8
BLACK
6
CONTINUOUS
10
4.7362204724409445
20
-1.7539370078740157
11
4.7362204724409445
21
-1.7303149606299213
0
LINE
8
BLACK
6
CONTINUOUS
10
4.7362204724409445
20
-1.7303149606299213
11
4.7716535433070861
21
-1.7303149606299213
0
LINE
8
BLACK
6
CONTINUOUS
10
4.7716535433070861
20
-1.7303149606299213
11
4.7716535433070861
21
-1.7539370078740157
0
LINE
8
BLACK
6
CONTINUOUS
10
4.8622047637795278
20
-1.7539370078740157
11
4.8267716929133861
21
-1.7539370078740157
0
LINE
8
BLACK
6
CONTINUOUS
10
4.8267716929133861
20
-1.7539370078740157
11
4.8267716929133861
21
-1.7303149606299213
0
LINE
8
BLACK
6
CONTINUOUS
10
4.8267716929133861
20
-1.7303149606299213
11
4.8622047637795278
21
-1.7303149606299213
0
LINE
8
BLACK
6
CONTINUOUS
10
4.8622047637795278
20
-1.7303149606299213
11
4.8622047637795278
21
-1.7539370078740157
0
LINE
8
BLACK
6
CONTINUOUS
10
4.8169291338582676
20
-1.7539369291338582
11
4.7814960629921259
21
-1.7539369291338582
0
LINE
8
BLACK
6
CONTINUOUS
10
4.7814960629921259
20
-1.7539369291338582
11
4.7814960629921259
21
-1.7303148818897638
0
LINE
8
BLACK
6
CONTINUOUS
10
4.7814960629921259
20
-1.7303148818897638
11
4.8169291338582676
21
-1.7303148818897638
0
LINE
8
BLACK
6
CONTINUOUS
10
4.8169291338582676
20
-1.7303148818897638
11
4.8169291338582676
21
-1.7539369291338582
0
LINE
8
BLACK
6
CONTINUOUS
10
5.1889763779527556
20
-1.7460629921259843
11
5.1535433070866139
21
-1.7460629921259843
0
LINE
8
BLACK
6
CONTINUOUS
10
5.1535433070866139
20
-1.7460629921259843
11
5.1535433070866139
21
-1.7224409448818898
0
LINE
8
BLACK
6
CONTINUOUS
10
5.1535433070866139
20
-1.7224409448818898
11
5.1889763779527556
21
-1.7224409448818898
0
LINE
8
BLACK
6
CONTINUOUS
10
5.1889763779527556
20
-1.7224409448818898
11
5.1889763779527556
21
-1.7460629921259843
0
LINE
8
BLACK
6
CONTINUOUS
10
5.234251968503937
20
-1.7460629921259843
11
5.1988188976377954
21
-1.7460629921259843
0
LINE
8
BLACK
6
CONTINUOUS
10
5.1988188976377954
20
-1.7460629921259843
11
5.1988188976377954
21
-1.7224409448818898
0
LINE
8
BLACK
6
CONTINUOUS
10
5.1988188976377954
20
-1.7224409448818898
11
5.234251968503937
21
-1.7224409448818898
0
LINE
8
BLACK
6
CONTINUOUS
10
5.234251968503937
20
-1.7224409448818898
11
5.234251968503937
21
-1.7460629921259843
0
LINE
8
BLACK
6
CONTINUOUS
10
5.2795275984251964
20
-1.7460629921259843
11
5.2440945275590547
21
-1.7460629921259843
0
LINE
8
BLACK
6
CONTINUOUS
10
5.2440945275590547
20
-1.7460629921259843
11
5.2440945275590547
21
-1.7224409448818898
0
LINE
8
BLACK
6
CONTINUOUS
10
5.2440945275590547
20
-1.7224409448818898
11
5.2795275984251964
21
-1.7224409448818898
0
LINE
8
BLACK
6
CONTINUOUS
10
5.2795275984251964
20
-1.7224409448818898
11
5.2795275984251964
21
-1.7460629921259843
0
LINE
8
BLACK
6
CONTINUOUS
10
4.7860236220472441
20
-1.7204724803149607
11
4.7624015748031496
21
-1.7204724803149607
0
LINE
8
BLACK
6
CONTINUOUS
10
4.7624015748031496
20
-1.7204724803149607
11
4.7624015748031496
21
-1.6850394094488188
0
LINE
8
BLACK
6
CONTINUOUS
10
4.7624015748031496
20
-1.6850394094488188
11
4.7860236220472441
21
-1.6850394094488188
0
LINE
8
BLACK
6
CONTINUOUS
10
4.7860236220472441
20
-1.6850394094488188
11
4.7860236220472441
21
-1.7204724803149607
0
LINE
8
BLACK
6
CONTINUOUS
10
4.7360237007874018
20
-1.7204724409448819
11
4.7124016535433073
21
-1.7204724409448819
0
LINE
8
BLACK
6
CONTINUOUS
10
4.7124016535433073
20
-1.7204724409448819
11
4.7124016535433073
21
-1.6850393700787401
0
LINE
8
BLACK
6
CONTINUOUS
10
4.7124016535433073
20
-1.6850393700787401
11
4.7360237007874018
21
-1.6850393700787401
0
LINE
8
BLACK
6
CONTINUOUS
10
4.7360237007874018
20
-1.6850393700787401
11
4.7360237007874018
21
-1.7204724409448819
0
LINE
8
BLACK
6
CONTINUOUS
10
4.8360236220472439
20
-1.7204724409448819
11
4.8124015748031495
21
-1.7204724409448819
0
LINE
8
BLACK
6
CONTINUOUS
10
4.8124015748031495
20
-1.7204724409448819
11
4.8124015748031495
21
-1.6850393700787401
0
LINE
8
BLACK
6
CONTINUOUS
10
4.8124015748031495
20
-1.6850393700787401
11
4.8360236220472439
21
-1.6850393700787401
0
LINE
8
BLACK
6
CONTINUOUS
10
4.8360236220472439
20
-1.6850393700787401
11
4.8360236220472439
21
-1.7204724409448819
0
LINE
8
BLACK
6
CONTINUOUS
10
4.8860236220472437
20
-1.7204724409448819
11
4.8624015748031493
21
-1.7204724409448819
0
LINE
8
BLACK
6
CONTINUOUS
10
4.8624015748031493
20
-1.7204724409448819
11
4.8624015748031493
21
-1.6850393700787401
0
LINE
8
BLACK
6
CONTINUOUS
10
4.8624015748031493
20
-1.6850393700787401
11
4.8860236220472437
21
-1.6850393700787401
0
LINE
8
BLACK
6
CONTINUOUS
10
4.8860236220472437
20
-1.6850393700787401
11
4.8860236220472437
21
-1.7204724409448819
0
LINE
8
BLACK
6
CONTINUOUS
10
5.1533464566929137
20
-1.7125984251968505
11
5.1297244094488184
21
-1.7125984251968505
0
LINE
8
BLACK
6
CONTINUOUS
10
5.1297244094488184
20
-1.7125984251968505
11
5.1297244094488184
21
-1.6771653543307086
0
LINE
8
BLACK
6
CONTINUOUS
10
5.1297244094488184
20
-1.6771653543307086
11
5.1533464566929137
21
-1.6771653543307086
0
LINE
8
BLACK
6
CONTINUOUS
10
5.1533464566929137
20
-1.6771653543307086
11
5.1533464566929137
21
-1.7125984251968505
0
LINE
8
BLACK
6
CONTINUOUS
10
5.2033464566929135
20
-1.7125984251968505
11
5.1797244094488191
21
-1.7125984251968505
0
LINE
8
BLACK
6
CONTINUOUS
10
5.1797244094488191
20
-1.7125984251968505
11
5.1797244094488191
21
-1.6771653543307086
0
LINE
8
BLACK
6
CONTINUOUS
10
5.1797244094488191
20
-1.6771653543307086
11
5.2033464566929135
21
-1.6771653543307086
0
LINE
8
BLACK
6
CONTINUOUS
10
5.2033464566929135
20
-1.6771653543307086
11
5.2033464566929135
21
-1.7125984251968505
0
LINE
8
BLACK
6
CONTINUOUS
10
5.2533464566929133
20
-1.7125984251968505
11
5.2297244094488189
21
-1.7125984251968505
0
LINE
8
BLACK
6
CONTINUOUS
10
5.2297244094488189
20
-1.7125984251968505
11
5.2297244094488189
21
-1.6771653543307086
0
LINE
8
BLACK
6
CONTINUOUS
10
5.2297244094488189
20
-1.6771653543307086
11
5.2533464566929133
21
-1.6771653543307086
0
LINE
8
BLACK
6
CONTINUOUS
10
5.2533464566929133
20
-1.6771653543307086
11
5.2533464566929133
21
-1.7125984251968505
0
LINE
8
BLACK
6
CONTINUOUS
10
5.3033464566929132
20
-1.7125984251968505
11
5.2797244094488187
21
-1.7125984251968505
0
LINE
8
BLACK
6
CONTINUOUS
10
5.2797244094488187
20
-1.7125984251968505
11
5.2797244094488187
21
-1.6771653543307086
0
LINE
8
BLACK
6
CONTINUOUS
10
5.2797244094488187
20
-1.6771653543307086
11
5.3033464566929132
21
-1.6771653543307086
0
LINE
8
BLACK
6
CONTINUOUS
10
5.3033464566929132
20
-1.6771653543307086
11
5.3033464566929132
21
-1.7125984251968505
0
LINE
8
BLACK
6
CONTINUOUS
10
4.6582941338582673
20
-1.5913004330708662
11
4.6614872834645666
21
-1.5934340157480316
0
LINE
8
BLACK
6
CONTINUOUS
10
4.6614872834645666
20
-1.5934340157480316
11
4.6636208661417324
21
-1.5966271653543307
0
LINE
8
BLACK
6
CONTINUOUS
10
4.6636208661417324
20
-1.5966271653543307
11
4.6643700787401574
21
-1.6003937401574804
0
LINE
8
BLACK
6
CONTINUOUS
10
4.6643700787401574
20
-1.6003937401574804
11
4.6643700787401574
21
-1.6318898031496063
0
LINE
8
BLACK
6
CONTINUOUS
10
4.6643700787401574
20
-1.6318898031496063
11
4.6636208661417324
21
-1.6356563779527558
0
LINE
8
BLACK
6
CONTINUOUS
10
4.6636208661417324
20
-1.6356563779527558
11
4.6614872834645666
21
-1.6388495275590551
0
LINE
8
BLACK
6
CONTINUOUS
10
4.6614872834645666
20
-1.6388495275590551
11
4.6582941338582673
21
-1.6409831102362205
0
LINE
8
BLACK
6
CONTINUOUS
10
4.6582941338582673
20
-1.6409831102362205
11
4.6545275590551176
21
-1.6417323228346457
0
LINE
8
BLACK
6
CONTINUOUS
10
4.6545275590551176
20
-1.6417323228346457
11
4.6053149606299213
21
-1.6417323228346457
0
LINE
8
BLACK
6
CONTINUOUS
10
4.6053149606299213
20
-1.6417323228346457
11
4.6015483858267716
21
-1.6409831102362205
0
LINE
8
BLACK
6
CONTINUOUS
10
4.6015483858267716
20
-1.6409831102362205
11
4.5983552362204723
21
-1.6388495275590551
0
LINE
8
BLACK
6
CONTINUOUS
10
4.5983552362204723
20
-1.6388495275590551
11
4.5962216535433074
21
-1.6356563779527558
0
LINE
8
BLACK
6
CONTINUOUS
10
4.5962216535433074
20
-1.6356563779527558
11
4.5954724409448815
21
-1.6318898031496063
0
LINE
8
BLACK
6
CONTINUOUS
10
4.5954724409448815
20
-1.6318898031496063
11
4.5954724409448815
21
-1.6003937401574804
0
LINE
8
BLACK
6
CONTINUOUS
10
4.5954724409448815
20
-1.6003937401574804
11
4.5962216535433074
21
-1.5966271653543307
0
LINE
8
BLACK
6
CONTINUOUS
10
4.5962216535433074
20
-1.5966271653543307
11
4.5983552362204723
21
-1.5934340157480316
0
LINE
8
BLACK
6
CONTINUOUS
10
4.5983552362204723
20
-1.5934340157480316
11
4.6015483858267716
21
-1.5913004330708662
0
LINE
8
BLACK
6
CONTINUOUS
10
4.6015483858267716
20
-1.5913004330708662
11
4.6053149606299213
21
-1.590551220472441
0
LINE
8
BLACK
6
CONTINUOUS
10
4.6053149606299213
20
-1.590551220472441
11
4.6545275590551176
21
-1.590551220472441
0
LINE
8
BLACK
6
CONTINUOUS
10
4.6545275590551176
20
-1.590551220472441
11
4.6582941338582673
21
-1.5913004330708662
0
LINE
8
BLACK
6
CONTINUOUS
10
4.5526389370078739
20
-1.5745493700787401
11
4.5557522440944878
21
-1.5766296456692912
0
LINE
8
BLACK
6
CONTINUOUS
10
4.5557522440944878
20
-1.5766296456692912
11
4.5578325196850393
21
-1.5797429527559055
0
LINE
8
BLACK
6
CONTINUOUS
10
4.5578325196850393
20
-1.5797429527559055
11
4.5585629921259843
21
-1.5834153543307086
0
LINE
8
BLACK
6
CONTINUOUS
10
4.5585629921259843
20
-1.5834153543307086
11
4.5585629921259843
21
-1.6134350393700787
0
LINE
8
BLACK
6
CONTINUOUS
10
4.5585629921259843
20
-1.6134350393700787
11
4.5578325196850393
21
-1.6171074409448818
0
LINE
8
BLACK
6
CONTINUOUS
10
4.5578325196850393
20
-1.6171074409448818
11
4.5557522440944878
21
-1.6202207480314961
0
LINE
8
BLACK
6
CONTINUOUS
10
4.5557522440944878
20
-1.6202207480314961
11
4.5526389370078739
21
-1.6223010236220472
0
LINE
8
BLACK
6
CONTINUOUS
10
4.5526389370078739
20
-1.6223010236220472
11
4.5489665354330704
21
-1.6230314960629921
0
LINE
8
BLACK
6
CONTINUOUS
10
4.5489665354330704
20
-1.6230314960629921
11
4.5297736220472444
21
-1.6230314960629921
0
LINE
8
BLACK
6
CONTINUOUS
10
4.5297736220472444
20
-1.6230314960629921
11
4.5261012204724409
21
-1.6223010236220472
0
LINE
8
BLACK
6
CONTINUOUS
10
4.5261012204724409
20
-1.6223010236220472
11
4.5229879133858271
21
-1.6202207480314961
0
LINE
8
BLACK
6
CONTINUOUS
10
4.5229879133858271
20
-1.6202207480314961
11
4.5209076377952755
21
-1.6171074409448818
0
LINE
8
BLACK
6
CONTINUOUS
10
4.5209076377952755
20
-1.6171074409448818
11
4.5201771653543306
21
-1.6134350393700787
0
LINE
8
BLACK
6
CONTINUOUS
10
4.5201771653543306
20
-1.6134350393700787
11
4.5201771653543306
21
-1.5834153543307086
0
LINE
8
BLACK
6
CONTINUOUS
10
4.5201771653543306
20
-1.5834153543307086
11
4.5209076377952755
21
-1.5797429527559055
0
LINE
8
BLACK
6
CONTINUOUS
10
4.5209076377952755
20
-1.5797429527559055
11
4.5229879133858271
21
-1.5766296456692912
0
LINE
8
BLACK
6
CONTINUOUS
10
4.5229879133858271
20
-1.5766296456692912
11
4.5261012204724409
21
-1.5745493700787401
0
LINE
8
BLACK
6
CONTINUOUS
10
4.5261012204724409
20
-1.5745493700787401
11
4.5297736220472444
21
-1.5738188976377951
0
LINE
8
BLACK
6
CONTINUOUS
10
4.5297736220472444
20
-1.5738188976377951
11
4.5489665354330704
21
-1.5738188976377951
0
LINE
8
BLACK
6
CONTINUOUS
10
4.5489665354330704
20
-1.5738188976377951
11
4.5526389370078739
21
-1.5745493700787401
0
LINE
8
BLACK
6
CONTINUOUS
10
5.4166602755905506
20
-1.5703358661417322
11
5.41985342519685
21
-1.5724694488188975
0
LINE
8
BLACK
6
CONTINUOUS
10
5.41985342519685
20
-1.5724694488188975
11
5.4219870078740158
21
-1.5756625984251968
0
LINE
8
BLACK
6
CONTINUOUS
10
5.4219870078740158
20
-1.5756625984251968
11
5.4227362204724407
21
-1.5794291732283465
0
LINE
8
BLACK
6
CONTINUOUS
10
5.4227362204724407
20
-1.5794291732283465
11
5.4227362204724407
21
-1.6109252362204725
0
LINE
8
BLACK
6
CONTINUOUS
10
5.4227362204724407
20
-1.6109252362204725
11
5.4219870078740158
21
-1.6146918110236219
0
LINE
8
BLACK
6
CONTINUOUS
10
5.4219870078740158
20
-1.6146918110236219
11
5.41985342519685
21
-1.6178849606299213
0
LINE
8
BLACK
6
CONTINUOUS
10
5.41985342519685
20
-1.6178849606299213
11
5.4166602755905506
21
-1.6200185433070866
0
LINE
8
BLACK
6
CONTINUOUS
10
5.4166602755905506
20
-1.6200185433070866
11
5.4128937007874018
21
-1.6207677559055118
0
LINE
8
BLACK
6
CONTINUOUS
10
5.4128937007874018
20
-1.6207677559055118
11
5.3636811023622046
21
-1.6207677559055118
0
LINE
8
BLACK
6
CONTINUOUS
10
5.3636811023622046
20
-1.6207677559055118
11
5.359914527559055
21
-1.6200185433070866
0
LINE
8
BLACK
6
CONTINUOUS
10
5.359914527559055
20
-1.6200185433070866
11
5.3567213779527556
21
-1.6178849606299213
0
LINE
8
BLACK
6
CONTINUOUS
10
5.3567213779527556
20
-1.6178849606299213
11
5.3545877952755907
21
-1.6146918110236219
0
LINE
8
BLACK
6
CONTINUOUS
10
5.3545877952755907
20
-1.6146918110236219
11
5.3538385826771648
21
-1.6109252362204725
0
LINE
8
BLACK
6
CONTINUOUS
10
5.3538385826771648
20
-1.6109252362204725
11
5.3538385826771648
21
-1.5794291732283465
0
LINE
8
BLACK
6
CONTINUOUS
10
5.3538385826771648
20
-1.5794291732283465
11
5.3545877952755907
21
-1.5756625984251968
0
LINE
8
BLACK
6
CONTINUOUS
10
5.3545877952755907
20
-1.5756625984251968
11
5.3567213779527556
21
-1.5724694488188975
0
LINE
8
BLACK
6
CONTINUOUS
10
5.3567213779527556
20
-1.5724694488188975
11
5.359914527559055
21
-1.5703358661417322
0
LINE
8
BLACK
6
CONTINUOUS
10
5.359914527559055
20
-1.5703358661417322
11
5.3636811023622046
21
-1.569586653543307
0
LINE
8
BLACK
6
CONTINUOUS
10
5.3636811023622046
20
-1.569586653543307
11
5.4128937007874018
21
-1.569586653543307
0
LINE
8
BLACK
6
CONTINUOUS
10
5.4128937007874018
20
-1.569586653543307
11
5.4166602755905506
21
-1.5703358661417322
0
LINE
8
BLACK
6
CONTINUOUS
10
5.4896468110236221
20
-1.5273052755905512
11
5.4927601181102359
21
-1.5293855511811023
0
LINE
8
BLACK
6
CONTINUOUS
10
5.4927601181102359
20
-1.5293855511811023
11
5.4948403937007875
21
-1.5324988582677166
0
LINE
8
BLACK
6
CONTINUOUS
10
5.4948403937007875
20
-1.5324988582677166
11
5.4955708661417324
21
-1.5361712598425197
0
LINE
8
BLACK
6
CONTINUOUS
10
5.4955708661417324
20
-1.5361712598425197
11
5.4955708661417324
21
-1.5661909448818898
0
LINE
8
BLACK
6
CONTINUOUS
10
5.4955708661417324
20
-1.5661909448818898
11
5.4948403937007875
21
-1.5698633464566929
0
LINE
8
BLACK
6
CONTINUOUS
10
5.4948403937007875
20
-1.5698633464566929
11
5.4927601181102359
21
-1.572976653543307
0
LINE
8
BLACK
6
CONTINUOUS
10
5.4927601181102359
20
-1.572976653543307
11
5.4896468110236221
21
-1.5750569291338583
0
LINE
8
BLACK
6
CONTINUOUS
10
5.4896468110236221
20
-1.5750569291338583
11
5.4859744094488185
21
-1.575787401574803
0
LINE
8
BLACK
6
CONTINUOUS
10
5.4859744094488185
20
-1.575787401574803
11
5.4667814960629917
21
-1.575787401574803
0
LINE
8
BLACK
6
CONTINUOUS
10
5.4667814960629917
20
-1.575787401574803
11
5.463109094488189
21
-1.5750569291338583
0
LINE
8
BLACK
6
CONTINUOUS
10
5.463109094488189
20
-1.5750569291338583
11
5.4599957874015743
21
-1.572976653543307
0
LINE
8
BLACK
6
CONTINUOUS
10
5.4599957874015743
20
-1.572976653543307
11
5.4579155118110236
21
-1.5698633464566929
0
LINE
8
BLACK
6
CONTINUOUS
10
5.4579155118110236
20
-1.5698633464566929
11
5.4571850393700787
21
-1.5661909448818898
0
LINE
8
BLACK
6
CONTINUOUS
10
5.4571850393700787
20
-1.5661909448818898
11
5.4571850393700787
21
-1.5361712598425197
0
LINE
8
BLACK
6
CONTINUOUS
10
5.4571850393700787
20
-1.5361712598425197
11
5.4579155118110236
21
-1.5324988582677166
0
LINE
8
BLACK
6
CONTINUOUS
10
5.4579155118110236
20
-1.5324988582677166
11
5.4599957874015743
21
-1.5293855511811023
0
LINE
8
BLACK
6
CONTINUOUS
10
5.4599957874015743
20
-1.5293855511811023
11
5.463109094488189
21
-1.5273052755905512
0
LINE
8
BLACK
6
CONTINUOUS
10
5.463109094488189
20
-1.5273052755905512
11
5.4667814960629917
21
-1.5265748031496063
0
LINE
8
BLACK
6
CONTINUOUS
10
5.4667814960629917
20
-1.5265748031496063
11
5.4859744094488185
21
-1.5265748031496063
0
LINE
8
BLACK
6
CONTINUOUS
10
5.4859744094488185
20
-1.5265748031496063
11
5.4896468110236221
21
-1.5273052755905512
0
LINE
8
BLACK
6
CONTINUOUS
10
4.5554824015748032
20
-1.5084359448818898
11
4.5578772834645669
21
-1.5100361023622046
0
LINE
8
BLACK
6
CONTINUOUS
10
4.5578772834645669
20
-1.5100361023622046
11
4.5594774409448817
21
-1.5124309842519685
0
LINE
8
BLACK
6
CONTINUOUS
10
4.5594774409448817
20
-1.5124309842519685
11
4.5600393700787398
21
-1.5152559055118109
0
LINE
8
BLACK
6
CONTINUOUS
10
4.5600393700787398
20
-1.5152559055118109
11
4.5600393700787398
21
-1.5300196850393701
0
LINE
8
BLACK
6
CONTINUOUS
10
4.5600393700787398
20
-1.5300196850393701
11
4.5594774409448817
21
-1.5328446062992125
0
LINE
8
BLACK
6
CONTINUOUS
10
4.5594774409448817
20
-1.5328446062992125
11
4.5578772834645669
21
-1.5352394881889764
0
LINE
8
BLACK
6
CONTINUOUS
10
4.5578772834645669
20
-1.5352394881889764
11
4.5554824015748032
21
-1.5368396456692912
0
LINE
8
BLACK
6
CONTINUOUS
10
4.5554824015748032
20
-1.5368396456692912
11
4.5526574803149602
21
-1.5374015748031495
0
LINE
8
BLACK
6
CONTINUOUS
10
4.5526574803149602
20
-1.5374015748031495
11
4.5260826771653546
21
-1.5374015748031495
0
LINE
8
BLACK
6
CONTINUOUS
10
4.5260826771653546
20
-1.5374015748031495
11
4.5232577559055116
21
-1.5368396456692912
0
LINE
8
BLACK
6
CONTINUOUS
10
4.5232577559055116
20
-1.5368396456692912
11
4.5208628740157479
21
-1.5352394881889764
0
LINE
8
BLACK
6
CONTINUOUS
10
4.5208628740157479
20
-1.5352394881889764
11
4.5192627165354331
21
-1.5328446062992125
0
LINE
8
BLACK
6
CONTINUOUS
10
4.5192627165354331
20
-1.5328446062992125
11
4.518700787401575
21
-1.5300196850393701
0
LINE
8
BLACK
6
CONTINUOUS
10
4.518700787401575
20
-1.5300196850393701
11
4.518700787401575
21
-1.5152559055118109
0
LINE
8
BLACK
6
CONTINUOUS
10
4.518700787401575
20
-1.5152559055118109
11
4.5192627165354331
21
-1.5124309842519685
0
LINE
8
BLACK
6
CONTINUOUS
10
4.5192627165354331
20
-1.5124309842519685
11
4.5208628740157479
21
-1.5100361023622046
0
LINE
8
BLACK
6
CONTINUOUS
10
4.5208628740157479
20
-1.5100361023622046
11
4.5232577559055116
21
-1.5084359448818898
0
LINE
8
BLACK
6
CONTINUOUS
10
4.5232577559055116
20
-1.5084359448818898
11
4.5260826771653546
21
-1.5078740157480315
0
LINE
8
BLACK
6
CONTINUOUS
10
4.5260826771653546
20
-1.5078740157480315
11
4.5526574803149602
21
-1.5078740157480315
0
LINE
8
BLACK
6
CONTINUOUS
10
4.5526574803149602
20
-1.5078740157480315
11
4.5554824015748032
21
-1.5084359448818898
0
LINE
8
BLACK
6
CONTINUOUS
10
4.6582941338582673
20
-1.4692531102362205
11
4.6614872834645666
21
-1.4713866929133859
0
LINE
8
BLACK
6
CONTINUOUS
10
4.6614872834645666
20
-1.4713866929133859
11
4.6636208661417324
21
-1.474579842519685
0
LINE
8
BLACK
6
CONTINUOUS
10
4.6636208661417324
20
-1.474579842519685
11
4.6643700787401574
21
-1.4783464173228347
0
LINE
8
BLACK
6
CONTINUOUS
10
4.6643700787401574
20
-1.4783464173228347
11
4.6643700787401574
21
-1.5098424803149606
0
LINE
8
BLACK
6
CONTINUOUS
10
4.6643700787401574
20
-1.5098424803149606
11
4.6636208661417324
21
-1.5136090551181103
0
LINE
8
BLACK
6
CONTINUOUS
10
4.6636208661417324
20
-1.5136090551181103
11
4.6614872834645666
21
-1.5168022047244094
0
LINE
8
BLACK
6
CONTINUOUS
10
4.6614872834645666
20
-1.5168022047244094
11
4.6582941338582673
21
-1.5189357874015748
0
LINE
8
BLACK
6
CONTINUOUS
10
4.6582941338582673
20
-1.5189357874015748
11
4.6545275590551176
21
-1.519685
0
LINE
8
BLACK
6
CONTINUOUS
10
4.6545275590551176
20
-1.519685
11
4.6053149606299213
21
-1.519685
0
LINE
8
BLACK
6
CONTINUOUS
10
4.6053149606299213
20
-1.519685
11
4.6015483858267716
21
-1.5189357874015748
0
LINE
8
BLACK
6
CONTINUOUS
10
4.6015483858267716
20
-1.5189357874015748
11
4.5983552362204723
21
-1.5168022047244094
0
LINE
8
BLACK
6
CONTINUOUS
10
4.5983552362204723
20
-1.5168022047244094
11
4.5962216535433074
21
-1.5136090551181103
0
LINE
8
BLACK
6
CONTINUOUS
10
4.5962216535433074
20
-1.5136090551181103
11
4.5954724409448815
21
-1.5098424803149606
0
LINE
8
BLACK
6
CONTINUOUS
10
4.5954724409448815
20
-1.5098424803149606
11
4.5954724409448815
21
-1.4783464173228347
0
LINE
8
BLACK
6
CONTINUOUS
10
4.5954724409448815
20
-1.4783464173228347
11
4.5962216535433074
21
-1.474579842519685
0
LINE
8
BLACK
6
CONTINUOUS
10
4.5962216535433074
20
-1.474579842519685
11
4.5983552362204723
21
-1.4713866929133859
0
LINE
8
BLACK
6
CONTINUOUS
10
4.5983552362204723
20
-1.4713866929133859
11
4.6015483858267716
21
-1.4692531102362205
0
LINE
8
BLACK
6
CONTINUOUS
10
4.6015483858267716
20
-1.4692531102362205
11
4.6053149606299213
21
-1.4685038976377953
0
LINE
8
BLACK
6
CONTINUOUS
10
4.6053149606299213
20
-1.4685038976377953
11
4.6545275590551176
21
-1.4685038976377953
0
LINE
8
BLACK
6
CONTINUOUS
10
4.6545275590551176
20
-1.4685038976377953
11
4.6582941338582673
21
-1.4692531102362205
0
LINE
8
BLACK
6
CONTINUOUS
10
5.4166602755905506
20
-1.4482885433070867
11
5.41985342519685
21
-1.450422125984252
0
LINE
8
BLACK
6
CONTINUOUS
10
5.41985342519685
20
-1.450422125984252
11
5.4219870078740158
21
-1.4536152755905511
0
LINE
8
BLACK
6
CONTINUOUS
10
5.4219870078740158
20
-1.4536152755905511
11
5.4227362204724407
21
-1.4573818503937008
0
LINE
8
BLACK
6
CONTINUOUS
10
5.4227362204724407
20
-1.4573818503937008
11
5.4227362204724407
21
-1.4888779133858268
0
LINE
8
BLACK
6
CONTINUOUS
10
5.4227362204724407
20
-1.4888779133858268
11
5.4219870078740158
21
-1.4926444881889764
0
LINE
8
BLACK
6
CONTINUOUS
10
5.4219870078740158
20
-1.4926444881889764
11
5.41985342519685
21
-1.4958376377952756
0
LINE
8
BLACK
6
CONTINUOUS
10
5.41985342519685
20
-1.4958376377952756
11
5.4166602755905506
21
-1.4979712204724409
0
LINE
8
BLACK
6
CONTINUOUS
10
5.4166602755905506
20
-1.4979712204724409
11
5.4128937007874018
21
-1.4987204330708661
0
LINE
8
BLACK
6
CONTINUOUS
10
5.4128937007874018
20
-1.4987204330708661
11
5.3636811023622046
21
-1.4987204330708661
0
LINE
8
BLACK
6
CONTINUOUS
10
5.3636811023622046
20
-1.4987204330708661
11
5.359914527559055
21
-1.4979712204724409
0
LINE
8
BLACK
6
CONTINUOUS
10
5.359914527559055
20
-1.4979712204724409
11
5.3567213779527556
21
-1.4958376377952756
0
LINE
8
BLACK
6
CONTINUOUS
10
5.3567213779527556
20
-1.4958376377952756
11
5.3545877952755907
21
-1.4926444881889764
0
LINE
8
BLACK
6
CONTINUOUS
10
5.3545877952755907
20
-1.4926444881889764
11
5.3538385826771648
21
-1.4888779133858268
0
LINE
8
BLACK
6
CONTINUOUS
10
5.3538385826771648
20
-1.4888779133858268
11
5.3538385826771648
21
-1.4573818503937008
0
LINE
8
BLACK
6
CONTINUOUS
10
5.3538385826771648
20
-1.4573818503937008
11
5.3545877952755907
21
-1.4536152755905511
0
LINE
8
BLACK
6
CONTINUOUS
10
5.3545877952755907
20
-1.4536152755905511
11
5.3567213779527556
21
-1.450422125984252
0
LINE
8
BLACK
6
CONTINUOUS
10
5.3567213779527556
20
-1.450422125984252
11
5.359914527559055
21
-1.4482885433070867
0
LINE
8
BLACK
6
CONTINUOUS
10
5.359914527559055
20
-1.4482885433070867
11
5.3636811023622046
21
-1.4475393307086615
0
LINE
8
BLACK
6
CONTINUOUS
10
5.3636811023622046
20
-1.4475393307086615
11
5.4128937007874018
21
-1.4475393307086615
0
LINE
8
BLACK
6
CONTINUOUS
10
5.4128937007874018
20
-1.4475393307086615
11
5.4166602755905506
21
-1.4482885433070867
0
LINE
8
BLACK
6
CONTINUOUS
10
5.1997009055118113
20
-1.451236968503937
11
5.2016167716535433
21
-1.452517125984252
0
LINE
8
BLACK
6
CONTINUOUS
10
5.2016167716535433
20
-1.452517125984252
11
5.2028969291338578
21
-1.4544329921259842
0
LINE
8
BLACK
6
CONTINUOUS
10
5.2028969291338578
20
-1.4544329921259842
11
5.2033464566929135
21
-1.4566929527559054
0
LINE
8
BLACK
6
CONTINUOUS
10
5.2033464566929135
20
-1.4566929527559054
11
5.2033464566929135
21
-1.4862205118110237
0
LINE
8
BLACK
6
CONTINUOUS
10
5.2033464566929135
20
-1.4862205118110237
11
5.2028969291338578
21
-1.4884804724409448
0
LINE
8
BLACK
6
CONTINUOUS
10
5.2028969291338578
20
-1.4884804724409448
11
5.2016167716535433
21
-1.4903963385826771
0
LINE
8
BLACK
6
CONTINUOUS
10
5.2016167716535433
20
-1.4903963385826771
11
5.1997009055118113
21
-1.491676496062992
0
LINE
8
BLACK
6
CONTINUOUS
10
5.1997009055118113
20
-1.491676496062992
11
5.1974409448818895
21
-1.4921260236220473
0
LINE
8
BLACK
6
CONTINUOUS
10
5.1974409448818895
20
-1.4921260236220473
11
5.1856299212598422
21
-1.4921260236220473
0
LINE
8
BLACK
6
CONTINUOUS
10
5.1856299212598422
20
-1.4921260236220473
11
5.1833699606299213
21
-1.491676496062992
0
LINE
8
BLACK
6
CONTINUOUS
10
5.1833699606299213
20
-1.491676496062992
11
5.1814540944881893
21
-1.4903963385826771
0
LINE
8
BLACK
6
CONTINUOUS
10
5.1814540944881893
20
-1.4903963385826771
11
5.1801739370078739
21
-1.4884804724409448
0
LINE
8
BLACK
6
CONTINUOUS
10
5.1801739370078739
20
-1.4884804724409448
11
5.1797244094488191
21
-1.4862205118110237
0
LINE
8
BLACK
6
CONTINUOUS
10
5.1797244094488191
20
-1.4862205118110237
11
5.1797244094488191
21
-1.4566929527559054
0
LINE
8
BLACK
6
CONTINUOUS
10
5.1797244094488191
20
-1.4566929527559054
11
5.1801739370078739
21
-1.4544329921259842
0
LINE
8
BLACK
6
CONTINUOUS
10
5.1801739370078739
20
-1.4544329921259842
11
5.1814540944881893
21
-1.452517125984252
0
LINE
8
BLACK
6
CONTINUOUS
10
5.1814540944881893
20
-1.452517125984252
11
5.1833699606299213
21
-1.451236968503937
0
LINE
8
BLACK
6
CONTINUOUS
10
5.1833699606299213
20
-1.451236968503937
11
5.1856299212598422
21
-1.4507874409448818
0
LINE
8
BLACK
6
CONTINUOUS
10
5.1856299212598422
20
-1.4507874409448818
11
5.1974409448818895
21
-1.4507874409448818
0
LINE
8
BLACK
6
CONTINUOUS
10
5.1974409448818895
20
-1.4507874409448818
11
5.1997009055118113
21
-1.451236968503937
0
LINE
8
BLACK
6
CONTINUOUS
10
4.732378070866142
20
-1.4512369291338583
11
4.734293937007874
21
-1.4525170866141732
0
LINE
8
BLACK
6
CONTINUOUS
10
4.734293937007874
20
-1.4525170866141732
11
4.7355740944881886
21
-1.4544329527559055
0
LINE
8
BLACK
6
CONTINUOUS
10
4.7355740944881886
20
-1.4544329527559055
11
4.7360236220472443
21
-1.4566929133858268
0
LINE
8
BLACK
6
CONTINUOUS
10
4.7360236220472443
20
-1.4566929133858268
11
4.7360236220472443
21
-1.4862204724409449
0
LINE
8
BLACK
6
CONTINUOUS
10
4.7360236220472443
20
-1.4862204724409449
11
4.7355740944881886
21
-1.4884804330708661
0
LINE
8
BLACK
6
CONTINUOUS
10
4.7355740944881886
20
-1.4884804330708661
11
4.734293937007874
21
-1.4903962992125983
0
LINE
8
BLACK
6
CONTINUOUS
10
4.734293937007874
20
-1.4903962992125983
11
4.732378070866142
21
-1.4916764566929133
0
LINE
8
BLACK
6
CONTINUOUS
10
4.732378070866142
20
-1.4916764566929133
11
4.7301181102362202
21
-1.4921259842519685
0
LINE
8
BLACK
6
CONTINUOUS
10
4.7301181102362202
20
-1.4921259842519685
11
4.718307086614173
21
-1.4921259842519685
0
LINE
8
BLACK
6
CONTINUOUS
10
4.718307086614173
20
-1.4921259842519685
11
4.716047125984252
21
-1.4916764566929133
0
LINE
8
BLACK
6
CONTINUOUS
10
4.716047125984252
20
-1.4916764566929133
11
4.71413125984252
21
-1.4903962992125983
0
LINE
8
BLACK
6
CONTINUOUS
10
4.71413125984252
20
-1.4903962992125983
11
4.7128511023622046
21
-1.4884804330708661
0
LINE
8
BLACK
6
CONTINUOUS
10
4.7128511023622046
20
-1.4884804330708661
11
4.7124015748031498
21
-1.4862204724409449
0
LINE
8
BLACK
6
CONTINUOUS
10
4.7124015748031498
20
-1.4862204724409449
11
4.7124015748031498
21
-1.4566929133858268
0
LINE
8
BLACK
6
CONTINUOUS
10
4.7124015748031498
20
-1.4566929133858268
11
4.7128511023622046
21
-1.4544329527559055
0
LINE
8
BLACK
6
CONTINUOUS
10
4.7128511023622046
20
-1.4544329527559055
11
4.71413125984252
21
-1.4525170866141732
0
LINE
8
BLACK
6
CONTINUOUS
10
4.71413125984252
20
-1.4525170866141732
11
4.716047125984252
21
-1.4512369291338583
0
LINE
8
BLACK
6
CONTINUOUS
10
4.716047125984252
20
-1.4512369291338583
11
4.718307086614173
21
-1.450787401574803
0
LINE
8
BLACK
6
CONTINUOUS
10
4.718307086614173
20
-1.450787401574803
11
4.7301181102362202
21
-1.450787401574803
0
LINE
8
BLACK
6
CONTINUOUS
10
4.7301181102362202
20
-1.450787401574803
11
4.732378070866142
21
-1.4512369291338583
0
LINE
8
BLACK
6
CONTINUOUS
10
4.7823780314960631
20
-1.4512369291338583
11
4.7842938976377951
21
-1.4525170866141732
0
LINE
8
BLACK
6
CONTINUOUS
10
4.7842938976377951
20
-1.4525170866141732
11
4.7855740551181105
21
-1.4544329527559055
0
LINE
8
BLACK
6
CONTINUOUS
10
4.7855740551181105
20
-1.4544329527559055
11
4.7860235826771653
21
-1.4566929133858268
0
LINE
8
BLACK
6
CONTINUOUS
10
4.7860235826771653
20
-1.4566929133858268
11
4.7860235826771653
21
-1.4862204724409449
0
LINE
8
BLACK
6
CONTINUOUS
10
4.7860235826771653
20
-1.4862204724409449
11
4.7855740551181105
21
-1.4884804330708661
0
LINE
8
BLACK
6
CONTINUOUS
10
4.7855740551181105
20
-1.4884804330708661
11
4.7842938976377951
21
-1.4903962992125983
0
LINE
8
BLACK
6
CONTINUOUS
10
4.7842938976377951
20
-1.4903962992125983
11
4.7823780314960631
21
-1.4916764566929133
0
LINE
8
BLACK
6
CONTINUOUS
10
4.7823780314960631
20
-1.4916764566929133
11
4.7801180708661413
21
-1.4921259842519685
0
LINE
8
BLACK
6
CONTINUOUS
10
4.7801180708661413
20
-1.4921259842519685
11
4.768307047244094
21
-1.4921259842519685
0
LINE
8
BLACK
6
CONTINUOUS
10
4.768307047244094
20
-1.4921259842519685
11
4.7660470866141731
21
-1.4916764566929133
0
LINE
8
BLACK
6
CONTINUOUS
10
4.7660470866141731
20
-1.4916764566929133
11
4.7641312204724411
21
-1.4903962992125983
0
LINE
8
BLACK
6
CONTINUOUS
10
4.7641312204724411
20
-1.4903962992125983
11
4.7628510629921257
21
-1.4884804330708661
0
LINE
8
BLACK
6
CONTINUOUS
10
4.7628510629921257
20
-1.4884804330708661
11
4.7624015354330709
21
-1.4862204724409449
0
LINE
8
BLACK
6
CONTINUOUS
10
4.7624015354330709
20
-1.4862204724409449
11
4.7624015354330709
21
-1.4566929133858268
0
LINE
8
BLACK
6
CONTINUOUS
10
4.7624015354330709
20
-1.4566929133858268
11
4.7628510629921257
21
-1.4544329527559055
0
LINE
8
BLACK
6
CONTINUOUS
10
4.7628510629921257
20
-1.4544329527559055
11
4.7641312204724411
21
-1.4525170866141732
0
LINE
8
BLACK
6
CONTINUOUS
10
4.7641312204724411
20
-1.4525170866141732
11
4.7660470866141731
21
-1.4512369291338583
0
LINE
8
BLACK
6
CONTINUOUS
10
4.7660470866141731
20
-1.4512369291338583
11
4.768307047244094
21
-1.450787401574803
0
LINE
8
BLACK
6
CONTINUOUS
10
4.768307047244094
20
-1.450787401574803
11
4.7801180708661413
21
-1.450787401574803
0
LINE
8
BLACK
6
CONTINUOUS
10
4.7801180708661413
20
-1.450787401574803
11
4.7823780314960631
21
-1.4512369291338583
0
LINE
8
BLACK
6
CONTINUOUS
10
4.8323780708661417
20
-1.4512369291338583
11
4.8342939370078737
21
-1.4525170866141732
0
LINE
8
BLACK
6
CONTINUOUS
10
4.8342939370078737
20
-1.4525170866141732
11
4.8355740944881891
21
-1.4544329527559055
0
LINE
8
BLACK
6
CONTINUOUS
10
4.8355740944881891
20
-1.4544329527559055
11
4.8360236220472439
21
-1.4566929133858268
0
LINE
8
BLACK
6
CONTINUOUS
10
4.8360236220472439
20
-1.4566929133858268
11
4.8360236220472439
21
-1.4862204724409449
0
LINE
8
BLACK
6
CONTINUOUS
10
4.8360236220472439
20
-1.4862204724409449
11
4.8355740944881891
21
-1.4884804330708661
0
LINE
8
BLACK
6
CONTINUOUS
10
4.8355740944881891
20
-1.4884804330708661
11
4.8342939370078737
21
-1.4903962992125983
0
LINE
8
BLACK
6
CONTINUOUS
10
4.8342939370078737
20
-1.4903962992125983
11
4.8323780708661417
21
-1.4916764566929133
0
LINE
8
BLACK
6
CONTINUOUS
10
4.8323780708661417
20
-1.4916764566929133
11
4.8301181102362207
21
-1.4921259842519685
0
LINE
8
BLACK
6
CONTINUOUS
10
4.8301181102362207
20
-1.4921259842519685
11
4.8183070866141735
21
-1.4921259842519685
0
LINE
8
BLACK
6
CONTINUOUS
10
4.8183070866141735
20
-1.4921259842519685
11
4.8160471259842517
21
-1.4916764566929133
0
LINE
8
BLACK
6
CONTINUOUS
10
4.8160471259842517
20
-1.4916764566929133
11
4.8141312598425197
21
-1.4903962992125983
0
LINE
8
BLACK
6
CONTINUOUS
10
4.8141312598425197
20
-1.4903962992125983
11
4.8128511023622043
21
-1.4884804330708661
0
LINE
8
BLACK
6
CONTINUOUS
10
4.8128511023622043
20
-1.4884804330708661
11
4.8124015748031495
21
-1.4862204724409449
0
LINE
8
BLACK
6
CONTINUOUS
10
4.8124015748031495
20
-1.4862204724409449
11
4.8124015748031495
21
-1.4566929133858268
0
LINE
8
BLACK
6
CONTINUOUS
10
4.8124015748031495
20
-1.4566929133858268
11
4.8128511023622043
21
-1.4544329527559055
0
LINE
8
BLACK
6
CONTINUOUS
10
4.8128511023622043
20
-1.4544329527559055
11
4.8141312598425197
21
-1.4525170866141732
0
LINE
8
BLACK
6
CONTINUOUS
10
4.8141312598425197
20
-1.4525170866141732
11
4.8160471259842517
21
-1.4512369291338583
0
LINE
8
BLACK
6
CONTINUOUS
10
4.8160471259842517
20
-1.4512369291338583
11
4.8183070866141735
21
-1.450787401574803
0
LINE
8
BLACK
6
CONTINUOUS
10
4.8183070866141735
20
-1.450787401574803
11
4.8301181102362207
21
-1.450787401574803
0
LINE
8
BLACK
6
CONTINUOUS
10
4.8301181102362207
20
-1.450787401574803
11
4.8323780708661417
21
-1.4512369291338583
0
LINE
8
BLACK
6
CONTINUOUS
10
4.8823780314960628
20
-1.4512369291338583
11
4.8842938976377948
21
-1.4525170866141732
0
LINE
8
BLACK
6
CONTINUOUS
10
4.8842938976377948
20
-1.4525170866141732
11
4.8855740551181102
21
-1.4544329527559055
0
LINE
8
BLACK
6
CONTINUOUS
10
4.8855740551181102
20
-1.4544329527559055
11
4.886023582677165
21
-1.4566929133858268
0
LINE
8
BLACK
6
CONTINUOUS
10
4.886023582677165
20
-1.4566929133858268
11
4.886023582677165
21
-1.4862204724409449
0
LINE
8
BLACK
6
CONTINUOUS
10
4.886023582677165
20
-1.4862204724409449
11
4.8855740551181102
21
-1.4884804330708661
0
LINE
8
BLACK
6
CONTINUOUS
10
4.8855740551181102
20
-1.4884804330708661
11
4.8842938976377948
21
-1.4903962992125983
0
LINE
8
BLACK
6
CONTINUOUS
10
4.8842938976377948
20
-1.4903962992125983
11
4.8823780314960628
21
-1.4916764566929133
0
LINE
8
BLACK
6
CONTINUOUS
10
4.8823780314960628
20
-1.4916764566929133
11
4.8801180708661418
21
-1.4921259842519685
0
LINE
8
BLACK
6
CONTINUOUS
10
4.8801180708661418
20
-1.4921259842519685
11
4.8683070472440946
21
-1.4921259842519685
0
LINE
8
BLACK
6
CONTINUOUS
10
4.8683070472440946
20
-1.4921259842519685
11
4.8660470866141727
21
-1.4916764566929133
0
LINE
8
BLACK
6
CONTINUOUS
10
4.8660470866141727
20
-1.4916764566929133
11
4.8641312204724407
21
-1.4903962992125983
0
LINE
8
BLACK
6
CONTINUOUS
10
4.8641312204724407
20
-1.4903962992125983
11
4.8628510629921262
21
-1.4884804330708661
0
LINE
8
BLACK
6
CONTINUOUS
10
4.8628510629921262
20
-1.4884804330708661
11
4.8624015354330705
21
-1.4862204724409449
0
LINE
8
BLACK
6
CONTINUOUS
10
4.8624015354330705
20
-1.4862204724409449
11
4.8624015354330705
21
-1.4566929133858268
0
LINE
8
BLACK
6
CONTINUOUS
10
4.8624015354330705
20
-1.4566929133858268
11
4.8628510629921262
21
-1.4544329527559055
0
LINE
8
BLACK
6
CONTINUOUS
10
4.8628510629921262
20
-1.4544329527559055
11
4.8641312204724407
21
-1.4525170866141732
0
LINE
8
BLACK
6
CONTINUOUS
10
4.8641312204724407
20
-1.4525170866141732
11
4.8660470866141727
21
-1.4512369291338583
0
LINE
8
BLACK
6
CONTINUOUS
10
4.8660470866141727
20
-1.4512369291338583
11
4.8683070472440946
21
-1.450787401574803
0
LINE
8
BLACK
6
CONTINUOUS
10
4.8683070472440946
20
-1.450787401574803
11
4.8801180708661418
21
-1.450787401574803
0
LINE
8
BLACK
6
CONTINUOUS
10
4.8801180708661418
20
-1.450787401574803
11
4.8823780314960628
21
-1.4512369291338583
0
LINE
8
BLACK
6
CONTINUOUS
10
5.1497009055118106
20
-1.4512369291338583
11
5.1516167716535435
21
-1.4525170866141732
0
LINE
8
BLACK
6
CONTINUOUS
10
5.1516167716535435
20
-1.4525170866141732
11
5.152896929133858
21
-1.4544329527559055
0
LINE
8
BLACK
6
CONTINUOUS
10
5.152896929133858
20
-1.4544329527559055
11
5.1533464566929137
21
-1.4566929133858268
0
LINE
8
BLACK
6
CONTINUOUS
10
5.1533464566929137
20
-1.4566929133858268
11
5.1533464566929137
21
-1.4862204724409449
0
LINE
8
BLACK
6
CONTINUOUS
10
5.1533464566929137
20
-1.4862204724409449
11
5.152896929133858
21
-1.4884804330708661
0
LINE
8
BLACK
6
CONTINUOUS
10
5.152896929133858
20
-1.4884804330708661
11
5.1516167716535435
21
-1.4903962992125983
0
LINE
8
BLACK
6
CONTINUOUS
10
5.1516167716535435
20
-1.4903962992125983
11
5.1497009055118106
21
-1.4916764566929133
0
LINE
8
BLACK
6
CONTINUOUS
10
5.1497009055118106
20
-1.4916764566929133
11
5.1474409448818896
21
-1.4921259842519685
0
LINE
8
BLACK
6
CONTINUOUS
10
5.1474409448818896
20
-1.4921259842519685
11
5.1356299212598424
21
-1.4921259842519685
0
LINE
8
BLACK
6
CONTINUOUS
10
5.1356299212598424
20
-1.4921259842519685
11
5.1333699606299215
21
-1.4916764566929133
0
LINE
8
BLACK
6
CONTINUOUS
10
5.1333699606299215
20
-1.4916764566929133
11
5.1314540944881886
21
-1.4903962992125983
0
LINE
8
BLACK
6
CONTINUOUS
10
5.1314540944881886
20
-1.4903962992125983
11
5.1301739370078741
21
-1.4884804330708661
0
LINE
8
BLACK
6
CONTINUOUS
10
5.1301739370078741
20
-1.4884804330708661
11
5.1297244094488184
21
-1.4862204724409449
0
LINE
8
BLACK
6
CONTINUOUS
10
5.1297244094488184
20
-1.4862204724409449
11
5.1297244094488184
21
-1.4566929133858268
0
LINE
8
BLACK
6
CONTINUOUS
10
5.1297244094488184
20
-1.4566929133858268
11
5.1301739370078741
21
-1.4544329527559055
0
LINE
8
BLACK
6
CONTINUOUS
10
5.1301739370078741
20
-1.4544329527559055
11
5.1314540944881886
21
-1.4525170866141732
0
LINE
8
BLACK
6
CONTINUOUS
10
5.1314540944881886
20
-1.4525170866141732
11
5.1333699606299215
21
-1.4512369291338583
0
LINE
8
BLACK
6
CONTINUOUS
10
5.1333699606299215
20
-1.4512369291338583
11
5.1356299212598424
21
-1.450787401574803
0
LINE
8
BLACK
6
CONTINUOUS
10
5.1356299212598424
20
-1.450787401574803
11
5.1474409448818896
21
-1.450787401574803
0
LINE
8
BLACK
6
CONTINUOUS
10
5.1474409448818896
20
-1.450787401574803
11
5.1497009055118106
21
-1.4512369291338583
0
LINE
8
BLACK
6
CONTINUOUS
10
5.2497009055118111
20
-1.4512369291338583
11
5.2516167716535431
21
-1.4525170866141732
0
LINE
8
BLACK
6
CONTINUOUS
10
5.2516167716535431
20
-1.4525170866141732
11
5.2528969291338585
21
-1.4544329527559055
0
LINE
8
BLACK
6
CONTINUOUS
10
5.2528969291338585
20
-1.4544329527559055
11
5.2533464566929133
21
-1.4566929133858268
0
LINE
8
BLACK
6
CONTINUOUS
10
5.2533464566929133
20
-1.4566929133858268
11
5.2533464566929133
21
-1.4862204724409449
0
LINE
8
BLACK
6
CONTINUOUS
10
5.2533464566929133
20
-1.4862204724409449
11
5.2528969291338585
21
-1.4884804330708661
0
LINE
8
BLACK
6
CONTINUOUS
10
5.2528969291338585
20
-1.4884804330708661
11
5.2516167716535431
21
-1.4903962992125983
0
LINE
8
BLACK
6
CONTINUOUS
10
5.2516167716535431
20
-1.4903962992125983
11
5.2497009055118111
21
-1.4916764566929133
0
LINE
8
BLACK
6
CONTINUOUS
10
5.2497009055118111
20
-1.4916764566929133
11
5.2474409448818893
21
-1.4921259842519685
0
LINE
8
BLACK
6
CONTINUOUS
10
5.2474409448818893
20
-1.4921259842519685
11
5.2356299212598421
21
-1.4921259842519685
0
LINE
8
BLACK
6
CONTINUOUS
10
5.2356299212598421
20
-1.4921259842519685
11
5.2333699606299211
21
-1.4916764566929133
0
LINE
8
BLACK
6
CONTINUOUS
10
5.2333699606299211
20
-1.4916764566929133
11
5.2314540944881891
21
-1.4903962992125983
0
LINE
8
BLACK
6
CONTINUOUS
10
5.2314540944881891
20
-1.4903962992125983
11
5.2301739370078737
21
-1.4884804330708661
0
LINE
8
BLACK
6
CONTINUOUS
10
5.2301739370078737
20
-1.4884804330708661
11
5.2297244094488189
21
-1.4862204724409449
0
LINE
8
BLACK
6
CONTINUOUS
10
5.2297244094488189
20
-1.4862204724409449
11
5.2297244094488189
21
-1.4566929133858268
0
LINE
8
BLACK
6
CONTINUOUS
10
5.2297244094488189
20
-1.4566929133858268
11
5.2301739370078737
21
-1.4544329527559055
0
LINE
8
BLACK
6
CONTINUOUS
10
5.2301739370078737
20
-1.4544329527559055
11
5.2314540944881891
21
-1.4525170866141732
0
LINE
8
BLACK
6
CONTINUOUS
10
5.2314540944881891
20
-1.4525170866141732
11
5.2333699606299211
21
-1.4512369291338583
0
LINE
8
BLACK
6
CONTINUOUS
10
5.2333699606299211
20
-1.4512369291338583
11
5.2356299212598421
21
-1.450787401574803
0
LINE
8
BLACK
6
CONTINUOUS
10
5.2356299212598421
20
-1.450787401574803
11
5.2474409448818893
21
-1.450787401574803
0
LINE
8
BLACK
6
CONTINUOUS
10
5.2474409448818893
20
-1.450787401574803
11
5.2497009055118111
21
-1.4512369291338583
0
LINE
8
BLACK
6
CONTINUOUS
10
5.2997009055118109
20
-1.4512369291338583
11
5.3016167716535429
21
-1.4525170866141732
0
LINE
8
BLACK
6
CONTINUOUS
10
5.3016167716535429
20
-1.4525170866141732
11
5.3028969291338584
21
-1.4544329527559055
0
LINE
8
BLACK
6
CONTINUOUS
10
5.3028969291338584
20
-1.4544329527559055
11
5.3033464566929132
21
-1.4566929133858268
0
LINE
8
BLACK
6
CONTINUOUS
10
5.3033464566929132
20
-1.4566929133858268
11
5.3033464566929132
21
-1.4862204724409449
0
LINE
8
BLACK
6
CONTINUOUS
10
5.3033464566929132
20
-1.4862204724409449
11
5.3028969291338584
21
-1.4884804330708661
0
LINE
8
BLACK
6
CONTINUOUS
10
5.3028969291338584
20
-1.4884804330708661
11
5.3016167716535429
21
-1.4903962992125983
0
LINE
8
BLACK
6
CONTINUOUS
10
5.3016167716535429
20
-1.4903962992125983
11
5.2997009055118109
21
-1.4916764566929133
0
LINE
8
BLACK
6
CONTINUOUS
10
5.2997009055118109
20
-1.4916764566929133
11
5.29744094488189
21
-1.4921259842519685
0
LINE
8
BLACK
6
CONTINUOUS
10
5.29744094488189
20
-1.4921259842519685
11
5.2856299212598428
21
-1.4921259842519685
0
LINE
8
BLACK
6
CONTINUOUS
10
5.2856299212598428
20
-1.4921259842519685
11
5.2833699606299209
21
-1.4916764566929133
0
LINE
8
BLACK
6
CONTINUOUS
10
5.2833699606299209
20
-1.4916764566929133
11
5.2814540944881889
21
-1.4903962992125983
0
LINE
8
BLACK
6
CONTINUOUS
10
5.2814540944881889
20
-1.4903962992125983
11
5.2801739370078735
21
-1.4884804330708661
0
LINE
8
BLACK
6
CONTINUOUS
10
5.2801739370078735
20
-1.4884804330708661
11
5.2797244094488187
21
-1.4862204724409449
0
LINE
8
BLACK
6
CONTINUOUS
10
5.2797244094488187
20
-1.4862204724409449
11
5.2797244094488187
21
-1.4566929133858268
0
LINE
8
BLACK
6
CONTINUOUS
10
5.2797244094488187
20
-1.4566929133858268
11
5.2801739370078735
21
-1.4544329527559055
0
LINE
8
BLACK
6
CONTINUOUS
10
5.2801739370078735
20
-1.4544329527559055
11
5.2814540944881889
21
-1.4525170866141732
0
LINE
8
BLACK
6
CONTINUOUS
10
5.2814540944881889
20
-1.4525170866141732
11
5.2833699606299209
21
-1.4512369291338583
0
LINE
8
BLACK
6
CONTINUOUS
10
5.2833699606299209
20
-1.4512369291338583
11
5.2856299212598428
21
-1.450787401574803
0
LINE
8
BLACK
6
CONTINUOUS
10
5.2856299212598428
20
-1.450787401574803
11
5.29744094488189
21
-1.450787401574803
0
LINE
8
BLACK
6
CONTINUOUS
10
5.29744094488189
20
-1.450787401574803
11
5.2997009055118109
21
-1.4512369291338583
0
LINE
8
BLACK
6
CONTINUOUS
10
5.4924902755905514
20
-1.4611918503937007
11
5.494885157480315
21
-1.4627920078740158
0
LINE
8
BLACK
6
CONTINUOUS
10
5.494885157480315
20
-1.4627920078740158
11
5.4964853149606299
21
-1.4651868897637794
0
LINE
8
BLACK
6
CONTINUOUS
10
5.4964853149606299
20
-1.4651868897637794
11
5.497047244094488
21
-1.468011811023622
0
LINE
8
BLACK
6
CONTINUOUS
10
5.497047244094488
20
-1.468011811023622
11
5.497047244094488
21
-1.482775590551181
0
LINE
8
BLACK
6
CONTINUOUS
10
5.497047244094488
20
-1.482775590551181
11
5.4964853149606299
21
-1.4856005118110236
0
LINE
8
BLACK
6
CONTINUOUS
10
5.4964853149606299
20
-1.4856005118110236
11
5.494885157480315
21
-1.4879953937007873
0
LINE
8
BLACK
6
CONTINUOUS
10
5.494885157480315
20
-1.4879953937007873
11
5.4924902755905514
21
-1.4895955511811023
0
LINE
8
BLACK
6
CONTINUOUS
10
5.4924902755905514
20
-1.4895955511811023
11
5.4896653543307083
21
-1.4901574803149606
0
LINE
8
BLACK
6
CONTINUOUS
10
5.4896653543307083
20
-1.4901574803149606
11
5.4630905511811019
21
-1.4901574803149606
0
LINE
8
BLACK
6
CONTINUOUS
10
5.4630905511811019
20
-1.4901574803149606
11
5.4602656299212597
21
-1.4895955511811023
0
LINE
8
BLACK
6
CONTINUOUS
10
5.4602656299212597
20
-1.4895955511811023
11
5.4578707480314961
21
-1.4879953937007873
0
LINE
8
BLACK
6
CONTINUOUS
10
5.4578707480314961
20
-1.4879953937007873
11
5.4562705905511812
21
-1.4856005118110236
0
LINE
8
BLACK
6
CONTINUOUS
10
5.4562705905511812
20
-1.4856005118110236
11
5.4557086614173231
21
-1.482775590551181
0
LINE
8
BLACK
6
CONTINUOUS
10
5.4557086614173231
20
-1.482775590551181
11
5.4557086614173231
21
-1.468011811023622
0
LINE
8
BLACK
6
CONTINUOUS
10
5.4557086614173231
20
-1.468011811023622
11
5.4562705905511812
21
-1.4651868897637794
0
LINE
8
BLACK
6
CONTINUOUS
10
5.4562705905511812
20
-1.4651868897637794
11
5.4578707480314961
21
-1.4627920078740158
0
LINE
8
BLACK
6
CONTINUOUS
10
5.4578707480314961
20
-1.4627920078740158
11
5.4602656299212597
21
-1.4611918503937007
0
LINE
8
BLACK
6
CONTINUOUS
10
5.4602656299212597
20
-1.4611918503937007
11
5.4630905511811019
21
-1.4606299212598426
0
LINE
8
BLACK
6
CONTINUOUS
10
5.4630905511811019
20
-1.4606299212598426
11
5.4896653543307083
21
-1.4606299212598426
0
LINE
8
BLACK
6
CONTINUOUS
10
5.4896653543307083
20
-1.4606299212598426
11
5.4924902755905514
21
-1.4611918503937007
0
LINE
8
BLACK
6
CONTINUOUS
10
4.4932655118110238
20
-1.34317
11
4.4964586614173223
21
-1.3453035826771653
0
LINE
8
BLACK
6
CONTINUOUS
10
4.4964586614173223
20
-1.3453035826771653
11
4.5326491732283465
21
-1.3814940944881891
0
LINE
8
BLACK
6
CONTINUOUS
10
4.5326491732283465
20
-1.3814940944881891
11
4.5347827559055114
21
-1.3846872440944882
0
LINE
8
BLACK
6
CONTINUOUS
10
4.5347827559055114
20
-1.3846872440944882
11
4.535532007874016
21
-1.3884538188976379
0
LINE
8
BLACK
6
CONTINUOUS
10
4.535532007874016
20
-1.3884538188976379
11
4.5347827559055114
21
-1.3922203543307086
0
LINE
8
BLACK
6
CONTINUOUS
10
4.5347827559055114
20
-1.3922203543307086
11
4.5326491732283465
21
-1.3954135039370079
0
LINE
8
BLACK
6
CONTINUOUS
10
4.5326491732283465
20
-1.3954135039370079
11
4.4769714566929135
21
-1.4510912204724409
0
LINE
8
BLACK
6
CONTINUOUS
10
4.4769714566929135
20
-1.4510912204724409
11
4.4737783070866142
21
-1.4532248031496062
0
LINE
8
BLACK
6
CONTINUOUS
10
4.4737783070866142
20
-1.4532248031496062
11
4.4700117716535432
21
-1.4539740551181102
0
LINE
8
BLACK
6
CONTINUOUS
10
4.4700117716535432
20
-1.4539740551181102
11
4.4662451968503936
21
-1.4532248031496062
0
LINE
8
BLACK
6
CONTINUOUS
10
4.4662451968503936
20
-1.4532248031496062
11
4.4630520472440942
21
-1.4510912204724409
0
LINE
8
BLACK
6
CONTINUOUS
10
4.4630520472440942
20
-1.4510912204724409
11
4.4268615354330709
21
-1.4149007086614174
0
LINE
8
BLACK
6
CONTINUOUS
10
4.4268615354330709
20
-1.4149007086614174
11
4.4247279527559051
21
-1.411707559055118
0
LINE
8
BLACK
6
CONTINUOUS
10
4.4247279527559051
20
-1.411707559055118
11
4.4239787007874014
21
-1.4079409842519686
0
LINE
8
BLACK
6
CONTINUOUS
10
4.4239787007874014
20
-1.4079409842519686
11
4.4247279527559051
21
-1.4041744488188976
0
LINE
8
BLACK
6
CONTINUOUS
10
4.4247279527559051
20
-1.4041744488188976
11
4.4268615354330709
21
-1.4009812992125983
0
LINE
8
BLACK
6
CONTINUOUS
10
4.4268615354330709
20
-1.4009812992125983
11
4.4825392519685039
21
-1.3453035826771653
0
LINE
8
BLACK
6
CONTINUOUS
10
4.4825392519685039
20
-1.3453035826771653
11
4.4857324015748032
21
-1.34317
0
LINE
8
BLACK
6
CONTINUOUS
10
4.4857324015748032
20
-1.34317
11
4.4894989370078742
21
-1.342420748031496
0
LINE
8
BLACK
6
CONTINUOUS
10
4.4894989370078742
20
-1.342420748031496
11
4.4932655118110238
21
-1.34317
0
LINE
8
BLACK
6
CONTINUOUS
10
4.7716535433070861
20
-1.3976377952755905
11
4.7362204724409445
21
-1.3976377952755905
0
LINE
8
BLACK
6
CONTINUOUS
10
4.7362204724409445
20
-1.3976377952755905
11
4.7362204724409445
21
-1.3740157480314961
0
LINE
8
BLACK
6
CONTINUOUS
10
4.7362204724409445
20
-1.3740157480314961
11
4.7716535433070861
21
-1.3740157480314961
0
LINE
8
BLACK
6
CONTINUOUS
10
4.7716535433070861
20
-1.3740157480314961
11
4.7716535433070861
21
-1.3976377952755905
0
LINE
8
BLACK
6
CONTINUOUS
10
4.8169290944881888
20
-1.3976377952755905
11
4.7814960236220472
21
-1.3976377952755905
0
LINE
8
BLACK
6
CONTINUOUS
10
4.7814960236220472
20
-1.3976377952755905
11
4.7814960236220472
21
-1.3740157480314961
0
LINE
8
BLACK
6
CONTINUOUS
10
4.7814960236220472
20
-1.3740157480314961
11
4.8169290944881888
21
-1.3740157480314961
0
LINE
8
BLACK
6
CONTINUOUS
10
4.8169290944881888
20
-1.3740157480314961
11
4.8169290944881888
21
-1.3976377952755905
0
LINE
8
BLACK
6
CONTINUOUS
10
4.8622047244094491
20
-1.3976377952755905
11
4.8267716535433074
21
-1.3976377952755905
0
LINE
8
BLACK
6
CONTINUOUS
10
4.8267716535433074
20
-1.3976377952755905
11
4.8267716535433074
21
-1.3740157480314961
0
LINE
8
BLACK
6
CONTINUOUS
10
4.8267716535433074
20
-1.3740157480314961
11
4.8622047244094491
21
-1.3740157480314961
0
LINE
8
BLACK
6
CONTINUOUS
10
4.8622047244094491
20
-1.3740157480314961
11
4.8622047244094491
21
-1.3976377952755905
0
LINE
8
BLACK
6
CONTINUOUS
10
5.1889763779527556
20
-1.3976377952755905
11
5.1535433070866139
21
-1.3976377952755905
0
LINE
8
BLACK
6
CONTINUOUS
10
5.1535433070866139
20
-1.3976377952755905
11
5.1535433070866139
21
-1.3740157480314961
0
LINE
8
BLACK
6
CONTINUOUS
10
5.1535433070866139
20
-1.3740157480314961
11
5.1889763779527556
21
-1.3740157480314961
0
LINE
8
BLACK
6
CONTINUOUS
10
5.1889763779527556
20
-1.3740157480314961
11
5.1889763779527556
21
-1.3976377952755905
0
LINE
8
BLACK
6
CONTINUOUS
10
5.234251968503937
20
-1.3976377952755905
11
5.1988188976377954
21
-1.3976377952755905
0
LINE
8
BLACK
6
CONTINUOUS
10
5.1988188976377954
20
-1.3976377952755905
11
5.1988188976377954
21
-1.3740157480314961
0
LINE
8
BLACK
6
CONTINUOUS
10
5.1988188976377954
20
-1.3740157480314961
11
5.234251968503937
21
-1.3740157480314961
0
LINE
8
BLACK
6
CONTINUOUS
10
5.234251968503937
20
-1.3740157480314961
11
5.234251968503937
21
-1.3976377952755905
0
LINE
8
BLACK
6
CONTINUOUS
10
5.2795275590551176
20
-1.3976377952755905
11
5.2440944881889759
21
-1.3976377952755905
0
LINE
8
BLACK
6
CONTINUOUS
10
5.2440944881889759
20
-1.3976377952755905
11
5.2440944881889759
21
-1.3740157480314961
0
LINE
8
BLACK
6
CONTINUOUS
10
5.2440944881889759
20
-1.3740157480314961
11
5.2795275590551176
21
-1.3740157480314961
0
LINE
8
BLACK
6
CONTINUOUS
10
5.2795275590551176
20
-1.3740157480314961
11
5.2795275590551176
21
-1.3976377952755905
0
LINE
8
BLACK
6
CONTINUOUS
10
4.8169291732283464
20
-1.3641732283464567
11
4.7814961023622047
21
-1.3641732283464567
0
LINE
8
BLACK
6
CONTINUOUS
10
4.7814961023622047
20
-1.3641732283464567
11
4.7814961023622047
21
-1.3405511811023623
0
LINE
8
BLACK
6
CONTINUOUS
10
4.7814961023622047
20
-1.3405511811023623
11
4.8169291732283464
21
-1.3405511811023623
0
LINE
8
BLACK
6
CONTINUOUS
10
4.8169291732283464
20
-1.3405511811023623
11
4.8169291732283464
21
-1.3641732283464567
0
LINE
8
BLACK
6
CONTINUOUS
10
4.8622047244094491
20
-1.3641732283464567
11
4.8267716535433074
21
-1.3641732283464567
0
LINE
8
BLACK
6
CONTINUOUS
10
4.8267716535433074
20
-1.3641732283464567
11
4.8267716535433074
21
-1.3405511811023623
0
LINE
8
BLACK
6
CONTINUOUS
10
4.8267716535433074
20
-1.3405511811023623
11
4.8622047244094491
21
-1.3405511811023623
0
LINE
8
BLACK
6
CONTINUOUS
10
4.8622047244094491
20
-1.3405511811023623
11
4.8622047244094491
21
-1.3641732283464567
0
LINE
8
BLACK
6
CONTINUOUS
10
5.1889764173228343
20
-1.3641732283464567
11
5.1535433464566927
21
-1.3641732283464567
0
LINE
8
BLACK
6
CONTINUOUS
10
5.1535433464566927
20
-1.3641732283464567
11
5.1535433464566927
21
-1.3405511811023623
0
LINE
8
BLACK
6
CONTINUOUS
10
5.1535433464566927
20
-1.3405511811023623
11
5.1889764173228343
21
-1.3405511811023623
0
LINE
8
BLACK
6
CONTINUOUS
10
5.1889764173228343
20
-1.3405511811023623
11
5.1889764173228343
21
-1.3641732283464567
0
LINE
8
BLACK
6
CONTINUOUS
10
5.234251968503937
20
-1.3641732283464567
11
5.1988188976377954
21
-1.3641732283464567
0
LINE
8
BLACK
6
CONTINUOUS
10
5.1988188976377954
20
-1.3641732283464567
11
5.1988188976377954
21
-1.3405511811023623
0
LINE
8
BLACK
6
CONTINUOUS
10
5.1988188976377954
20
-1.3405511811023623
11
5.234251968503937
21
-1.3405511811023623
0
LINE
8
BLACK
6
CONTINUOUS
10
5.234251968503937
20
-1.3405511811023623
11
5.234251968503937
21
-1.3641732283464567
0
LINE
8
BLACK
6
CONTINUOUS
10
5.2795275590551176
20
-1.3641732283464567
11
5.2440944881889759
21
-1.3641732283464567
0
LINE
8
BLACK
6
CONTINUOUS
10
5.2440944881889759
20
-1.3641732283464567
11
5.2440944881889759
21
-1.3405511811023623
0
LINE
8
BLACK
6
CONTINUOUS
10
5.2440944881889759
20
-1.3405511811023623
11
5.2795275590551176
21
-1.3405511811023623
0
LINE
8
BLACK
6
CONTINUOUS
10
5.2795275590551176
20
-1.3405511811023623
11
5.2795275590551176
21
-1.3641732283464567
0
LINE
8
BLACK
6
CONTINUOUS
10
4.7716535826771649
20
-1.364173188976378
11
4.7362205118110232
21
-1.364173188976378
0
LINE
8
BLACK
6
CONTINUOUS
10
4.7362205118110232
20
-1.364173188976378
11
4.7362205118110232
21
-1.3405511417322835
0
LINE
8
BLACK
6
CONTINUOUS
10
4.7362205118110232
20
-1.3405511417322835
11
4.7716535826771649
21
-1.3405511417322835
0
LINE
8
BLACK
6
CONTINUOUS
10
4.7716535826771649
20
-1.3405511417322835
11
4.7716535826771649
21
-1.364173188976378
0
LINE
8
BLACK
6
CONTINUOUS
10
4.6046209448818898
20
-1.2318145669291338
11
4.6078140944881891
21
-1.2339481496062992
0
LINE
8
BLACK
6
CONTINUOUS
10
4.6078140944881891
20
-1.2339481496062992
11
4.6440046062992124
21
-1.2701386614173229
0
LINE
8
BLACK
6
CONTINUOUS
10
4.6440046062992124
20
-1.2701386614173229
11
4.6461381889763782
21
-1.273331811023622
0
LINE
8
BLACK
6
CONTINUOUS
10
4.6461381889763782
20
-1.273331811023622
11
4.6468874409448819
21
-1.2770983858267717
0
LINE
8
BLACK
6
CONTINUOUS
10
4.6468874409448819
20
-1.2770983858267717
11
4.6461381889763782
21
-1.2808649212598424
0
LINE
8
BLACK
6
CONTINUOUS
10
4.6461381889763782
20
-1.2808649212598424
11
4.6440046062992124
21
-1.2840580708661418
0
LINE
8
BLACK
6
CONTINUOUS
10
4.6440046062992124
20
-1.2840580708661418
11
4.5883268897637794
21
-1.3397357874015747
0
LINE
8
BLACK
6
CONTINUOUS
10
4.5883268897637794
20
-1.3397357874015747
11
4.5851337401574801
21
-1.3418693700787401
0
LINE
8
BLACK
6
CONTINUOUS
10
4.5851337401574801
20
-1.3418693700787401
11
4.5813672047244092
21
-1.342618622047244
0
LINE
8
BLACK
6
CONTINUOUS
10
4.5813672047244092
20
-1.342618622047244
11
4.5776006299212595
21
-1.3418693700787401
0
LINE
8
BLACK
6
CONTINUOUS
10
4.5776006299212595
20
-1.3418693700787401
11
4.5744074803149601
21
-1.3397357874015747
0
LINE
8
BLACK
6
CONTINUOUS
10
4.5744074803149601
20
-1.3397357874015747
11
4.5382169685039369
21
-1.3035452755905512
0
LINE
8
BLACK
6
CONTINUOUS
10
4.5382169685039369
20
-1.3035452755905512
11
4.536083385826772
21
-1.3003521259842519
0
LINE
8
BLACK
6
CONTINUOUS
10
4.536083385826772
20
-1.3003521259842519
11
4.5353341338582673
21
-1.2965855511811024
0
LINE
8
BLACK
6
CONTINUOUS
10
4.5353341338582673
20
-1.2965855511811024
11
4.536083385826772
21
-1.2928190157480315
0
LINE
8
BLACK
6
CONTINUOUS
10
4.536083385826772
20
-1.2928190157480315
11
4.5382169685039369
21
-1.2896258661417324
0
LINE
8
BLACK
6
CONTINUOUS
10
4.5382169685039369
20
-1.2896258661417324
11
4.5938946850393698
21
-1.2339481496062992
0
LINE
8
BLACK
6
CONTINUOUS
10
4.5938946850393698
20
-1.2339481496062992
11
4.5970878346456692
21
-1.2318145669291338
0
LINE
8
BLACK
6
CONTINUOUS
10
4.5970878346456692
20
-1.2318145669291338
11
4.6008543700787401
21
-1.2310653149606299
0
LINE
8
BLACK
6
CONTINUOUS
10
4.6008543700787401
20
-1.2310653149606299
11
4.6046209448818898
21
-1.2318145669291338
0
LINE
8
BLACK
6
CONTINUOUS
10
4.7716535433070861
20
-1.3307086614173229
11
4.7362204724409445
21
-1.3307086614173229
0
LINE
8
BLACK
6
CONTINUOUS
10
4.7362204724409445
20
-1.3307086614173229
11
4.7362204724409445
21
-1.3070866141732282
0
LINE
8
BLACK
6
CONTINUOUS
10
4.7362204724409445
20
-1.3070866141732282
11
4.7716535433070861
21
-1.3070866141732282
0
LINE
8
BLACK
6
CONTINUOUS
10
4.7716535433070861
20
-1.3070866141732282
11
4.7716535433070861
21
-1.3307086614173229
0
LINE
8
BLACK
6
CONTINUOUS
10
4.8169292125984251
20
-1.3307086614173229
11
4.7814961417322834
21
-1.3307086614173229
0
LINE
8
BLACK
6
CONTINUOUS
10
4.7814961417322834
20
-1.3307086614173229
11
4.7814961417322834
21
-1.3070866141732282
0
LINE
8
BLACK
6
CONTINUOUS
10
4.7814961417322834
20
-1.3070866141732282
11
4.8169292125984251
21
-1.3070866141732282
0
LINE
8
BLACK
6
CONTINUOUS
10
4.8169292125984251
20
-1.3070866141732282
11
4.8169292125984251
21
-1.3307086614173229
0
LINE
8
BLACK
6
CONTINUOUS
10
4.8622047244094491
20
-1.3307086614173229
11
4.8267716535433074
21
-1.3307086614173229
0
LINE
8
BLACK
6
CONTINUOUS
10
4.8267716535433074
20
-1.3307086614173229
11
4.8267716535433074
21
-1.3070866141732282
0
LINE
8
BLACK
6
CONTINUOUS
10
4.8267716535433074
20
-1.3070866141732282
11
4.8622047244094491
21
-1.3070866141732282
0
LINE
8
BLACK
6
CONTINUOUS
10
4.8622047244094491
20
-1.3070866141732282
11
4.8622047244094491
21
-1.3307086614173229
0
LINE
8
BLACK
6
CONTINUOUS
10
5.1889763779527556
20
-1.3307086614173229
11
5.1535433070866139
21
-1.3307086614173229
0
LINE
8
BLACK
6
CONTINUOUS
10
5.1535433070866139
20
-1.3307086614173229
11
5.1535433070866139
21
-1.3070866141732282
0
LINE
8
BLACK
6
CONTINUOUS
10
5.1535433070866139
20
-1.3070866141732282
11
5.1889763779527556
21
-1.3070866141732282
0
LINE
8
BLACK
6
CONTINUOUS
10
5.1889763779527556
20
-1.3070866141732282
11
5.1889763779527556
21
-1.3307086614173229
0
LINE
8
BLACK
6
CONTINUOUS
10
5.234251968503937
20
-1.3307086614173229
11
5.1988188976377954
21
-1.3307086614173229
0
LINE
8
BLACK
6
CONTINUOUS
10
5.1988188976377954
20
-1.3307086614173229
11
5.1988188976377954
21
-1.3070866141732282
0
LINE
8
BLACK
6
CONTINUOUS
10
5.1988188976377954
20
-1.3070866141732282
11
5.234251968503937
21
-1.3070866141732282
0
LINE
8
BLACK
6
CONTINUOUS
10
5.234251968503937
20
-1.3070866141732282
11
5.234251968503937
21
-1.3307086614173229
0
LINE
8
BLACK
6
CONTINUOUS
10
5.2795275590551176
20
-1.3307086614173229
11
5.2440944881889759
21
-1.3307086614173229
0
LINE
8
BLACK
6
CONTINUOUS
10
5.2440944881889759
20
-1.3307086614173229
11
5.2440944881889759
21
-1.3070866141732282
0
LINE
8
BLACK
6
CONTINUOUS
10
5.2440944881889759
20
-1.3070866141732282
11
5.2795275590551176
21
-1.3070866141732282
0
LINE
8
BLACK
6
CONTINUOUS
10
5.2795275590551176
20
-1.3070866141732282
11
5.2795275590551176
21
-1.3307086614173229
0
LINE
8
BLACK
6
CONTINUOUS
10
4.7716535433070861
20
-1.2972440944881889
11
4.7362204724409445
21
-1.2972440944881889
0
LINE
8
BLACK
6
CONTINUOUS
10
4.7362204724409445
20
-1.2972440944881889
11
4.7362204724409445
21
-1.2736220472440944
0
LINE
8
BLACK
6
CONTINUOUS
10
4.7362204724409445
20
-1.2736220472440944
11
4.7716535433070861
21
-1.2736220472440944
0
LINE
8
BLACK
6
CONTINUOUS
10
4.7716535433070861
20
-1.2736220472440944
11
4.7716535433070861
21
-1.2972440944881889
0
LINE
8
BLACK
6
CONTINUOUS
10
4.8622047637795278
20
-1.2972440944881889
11
4.8267716929133861
21
-1.2972440944881889
0
LINE
8
BLACK
6
CONTINUOUS
10
4.8267716929133861
20
-1.2972440944881889
11
4.8267716929133861
21
-1.2736220472440944
0
LINE
8
BLACK
6
CONTINUOUS
10
4.8267716929133861
20
-1.2736220472440944
11
4.8622047637795278
21
-1.2736220472440944
0
LINE
8
BLACK
6
CONTINUOUS
10
4.8622047637795278
20
-1.2736220472440944
11
4.8622047637795278
21
-1.2972440944881889
0
LINE
8
BLACK
6
CONTINUOUS
10
5.1889763779527556
20
-1.2972440944881889
11
5.1535433070866139
21
-1.2972440944881889
0
LINE
8
BLACK
6
CONTINUOUS
10
5.1535433070866139
20
-1.2972440944881889
11
5.1535433070866139
21
-1.2736220472440944
0
LINE
8
BLACK
6
CONTINUOUS
10
5.1535433070866139
20
-1.2736220472440944
11
5.1889763779527556
21
-1.2736220472440944
0
LINE
8
BLACK
6
CONTINUOUS
10
5.1889763779527556
20
-1.2736220472440944
11
5.1889763779527556
21
-1.2972440944881889
0
LINE
8
BLACK
6
CONTINUOUS
10
5.234251968503937
20
-1.2972440944881889
11
5.1988188976377954
21
-1.2972440944881889
0
LINE
8
BLACK
6
CONTINUOUS
10
5.1988188976377954
20
-1.2972440944881889
11
5.1988188976377954
21
-1.2736220472440944
0
LINE
8
BLACK
6
CONTINUOUS
10
5.1988188976377954
20
-1.2736220472440944
11
5.234251968503937
21
-1.2736220472440944
0
LINE
8
BLACK
6
CONTINUOUS
10
5.234251968503937
20
-1.2736220472440944
11
5.234251968503937
21
-1.2972440944881889
0
LINE
8
BLACK
6
CONTINUOUS
10
5.2795275984251964
20
-1.2972440944881889
11
5.2440945275590547
21
-1.2972440944881889
0
LINE
8
BLACK
6
CONTINUOUS
10
5.2440945275590547
20
-1.2972440944881889
11
5.2440945275590547
21
-1.2736220472440944
0
LINE
8
BLACK
6
CONTINUOUS
10
5.2440945275590547
20
-1.2736220472440944
11
5.2795275984251964
21
-1.2736220472440944
0
LINE
8
BLACK
6
CONTINUOUS
10
5.2795275984251964
20
-1.2736220472440944
11
5.2795275984251964
21
-1.2972440944881889
0
LINE
8
BLACK
6
CONTINUOUS
10
4.8169291338582676
20
-1.2972440157480314
11
4.7814960629921259
21
-1.2972440157480314
0
LINE
8
BLACK
6
CONTINUOUS
10
4.7814960629921259
20
-1.2972440157480314
11
4.7814960629921259
21
-1.2736219685039369
0
LINE
8
BLACK
6
CONTINUOUS
10
4.7814960629921259
20
-1.2736219685039369
11
4.8169291338582676
21
-1.2736219685039369
0
LINE
8
BLACK
6
CONTINUOUS
10
4.8169291338582676
20
-1.2736219685039369
11
4.8169291338582676
21
-1.2972440157480314
0
LINE
8
BLACK
6
CONTINUOUS
10
4.7860236220472441
20
-1.2637795669291338
11
4.7624015748031496
21
-1.2637795669291338
0
LINE
8
BLACK
6
CONTINUOUS
10
4.7624015748031496
20
-1.2637795669291338
11
4.7624015748031496
21
-1.2283464960629922
0
LINE
8
BLACK
6
CONTINUOUS
10
4.7624015748031496
20
-1.2283464960629922
11
4.7860236220472441
21
-1.2283464960629922
0
LINE
8
BLACK
6
CONTINUOUS
10
4.7860236220472441
20
-1.2283464960629922
11
4.7860236220472441
21
-1.2637795669291338
0
LINE
8
BLACK
6
CONTINUOUS
10
4.7360237007874018
20
-1.2637795275590551
11
4.7124016535433073
21
-1.2637795275590551
0
LINE
8
BLACK
6
CONTINUOUS
10
4.7124016535433073
20
-1.2637795275590551
11
4.7124016535433073
21
-1.2283464566929134
0
LINE
8
BLACK
6
CONTINUOUS
10
4.7124016535433073
20
-1.2283464566929134
11
4.7360237007874018
21
-1.2283464566929134
0
LINE
8
BLACK
6
CONTINUOUS
10
4.7360237007874018
20
-1.2283464566929134
11
4.7360237007874018
21
-1.2637795275590551
0
LINE
8
BLACK
6
CONTINUOUS
10
4.8360236220472439
20
-1.2637795275590551
11
4.8124015748031495
21
-1.2637795275590551
0
LINE
8
BLACK
6
CONTINUOUS
10
4.8124015748031495
20
-1.2637795275590551
11
4.8124015748031495
21
-1.2283464566929134
0
LINE
8
BLACK
6
CONTINUOUS
10
4.8124015748031495
20
-1.2283464566929134
11
4.8360236220472439
21
-1.2283464566929134
0
LINE
8
BLACK
6
CONTINUOUS
10
4.8360236220472439
20
-1.2283464566929134
11
4.8360236220472439
21
-1.2637795275590551
0
LINE
8
BLACK
6
CONTINUOUS
10
4.8860236220472437
20
-1.2637795275590551
11
4.8624015748031493
21
-1.2637795275590551
0
LINE
8
BLACK
6
CONTINUOUS
10
4.8624015748031493
20
-1.2637795275590551
11
4.8624015748031493
21
-1.2283464566929134
0
LINE
8
BLACK
6
CONTINUOUS
10
4.8624015748031493
20
-1.2283464566929134
11
4.8860236220472437
21
-1.2283464566929134
0
LINE
8
BLACK
6
CONTINUOUS
10
4.8860236220472437
20
-1.2283464566929134
11
4.8860236220472437
21
-1.2637795275590551
0
LINE
8
BLACK
6
CONTINUOUS
10
5.1533464566929137
20
-1.2637795275590551
11
5.1297244094488184
21
-1.2637795275590551
0
LINE
8
BLACK
6
CONTINUOUS
10
5.1297244094488184
20
-1.2637795275590551
11
5.1297244094488184
21
-1.2283464566929134
0
LINE
8
BLACK
6
CONTINUOUS
10
5.1297244094488184
20
-1.2283464566929134
11
5.1533464566929137
21
-1.2283464566929134
0
LINE
8
BLACK
6
CONTINUOUS
10
5.1533464566929137
20
-1.2283464566929134
11
5.1533464566929137
21
-1.2637795275590551
0
LINE
8
BLACK
6
CONTINUOUS
10
5.2033464566929135
20
-1.2637795275590551
11
5.1797244094488191
21
-1.2637795275590551
0
LINE
8
BLACK
6
CONTINUOUS
10
5.1797244094488191
20
-1.2637795275590551
11
5.1797244094488191
21
-1.2283464566929134
0
LINE
8
BLACK
6
CONTINUOUS
10
5.1797244094488191
20
-1.2283464566929134
11
5.2033464566929135
21
-1.2283464566929134
0
LINE
8
BLACK
6
CONTINUOUS
10
5.2033464566929135
20
-1.2283464566929134
11
5.2033464566929135
21
-1.2637795275590551
0
LINE
8
BLACK
6
CONTINUOUS
10
5.2533464566929133
20
-1.2637795275590551
11
5.2297244094488189
21
-1.2637795275590551
0
LINE
8
BLACK
6
CONTINUOUS
10
5.2297244094488189
20
-1.2637795275590551
11
5.2297244094488189
21
-1.2283464566929134
0
LINE
8
BLACK
6
CONTINUOUS
10
5.2297244094488189
20
-1.2283464566929134
11
5.2533464566929133
21
-1.2283464566929134
0
LINE
8
BLACK
6
CONTINUOUS
10
5.2533464566929133
20
-1.2283464566929134
11
5.2533464566929133
21
-1.2637795275590551
0
LINE
8
BLACK
6
CONTINUOUS
10
5.3033464566929132
20
-1.2637795275590551
11
5.2797244094488187
21
-1.2637795275590551
0
LINE
8
BLACK
6
CONTINUOUS
10
5.2797244094488187
20
-1.2637795275590551
11
5.2797244094488187
21
-1.2283464566929134
0
LINE
8
BLACK
6
CONTINUOUS
10
5.2797244094488187
20
-1.2283464566929134
11
5.3033464566929132
21
-1.2283464566929134
0
LINE
8
BLACK
6
CONTINUOUS
10
5.3033464566929132
20
-1.2283464566929134
11
5.3033464566929132
21
-1.2637795275590551
  0
ENDSEC
  0
EOF
