  0
SECTION
  2
HEADER
  9
$ANGBASE
  50
0.0
  9
$ANGDIR
  70
1
  9
$MEASUREMENT
  70
0
  0
ENDSEC
  0
SECTION
  2
TABLES
  0
TABLE
  2
LTYPE
  70
4
  0
LTYPE
  5
40F
  2
CONTINUOUS
  70
0
  3
Solid line
  72
65
  73
0
  40
0.0
  0
LTYPE
  5
410
  2
DASHDOT
 70
0
  3
Dash Dot ____ _ ____ _
 72
65
 73
4
 40
2.0
 49
1.25
 49
-0.25
 49
0.25
 49
-0.25
  0
LTYPE
  5
411
  2
DASHED
 70
0
  3
Dashed __ __ __ __ __
 72
65
 73
2
 40
0.75
 49
0.5
 49
-0.25
  0
LTYPE
  5
43B
  2
DOTTED
 70
0
  3
Dotted .  .  .  .
 72
65
 73
2
 40
0.2
 49
0.0
 49
-0.2
  0
ENDTAB
  0
TABLE
  2
STYLE
  70
4
  0
STYLE
  2
KICAD
  70
0
  40
0
  41
1
  42
1
  50
0
  71
0
  3
isocp.shx
  0
STYLE
  2
KICADB
  70
0
  40
0
  41
1
  42
1
  50
0
  71
0
  3
isocp.shx
  0
STYLE
  2
KICADI
  70
0
  40
0
  41
1
  42
1
  50
15
  71
0
  3
isocp.shx
  0
STYLE
  2
KICADBI
  70
0
  40
0
  41
1
  42
1
  50
15
  71
0
  3
isocp.shx
  0
ENDTAB
  0
TABLE
  2
LAYER
  70
1
  0
LAYER
  2
BLACK
  70
0
  62
7
  6
CONTINUOUS
  0
ENDTAB
  0
ENDSEC
  0
SECTION
  2
ENTITIES
0
LINE
8
BLACK
6
CONTINUOUS
10
5.2117980708661413
20
-3.9785366141732283
11
5.2149912204724407
21
-3.9806701968503937
0
LINE
8
BLACK
6
CONTINUOUS
10
5.2149912204724407
20
-3.9806701968503937
11
5.2171248031496065
21
-3.983863346456693
0
LINE
8
BLACK
6
CONTINUOUS
10
5.2171248031496065
20
-3.983863346456693
11
5.2178740157480314
21
-3.9876299212598423
0
LINE
8
BLACK
6
CONTINUOUS
10
5.2178740157480314
20
-3.9876299212598423
11
5.2178740157480314
21
-4.0289685039370076
0
LINE
8
BLACK
6
CONTINUOUS
10
5.2178740157480314
20
-4.0289685039370076
11
5.2171248031496065
21
-4.0327350787401572
0
LINE
8
BLACK
6
CONTINUOUS
10
5.2171248031496065
20
-4.0327350787401572
11
5.2149912204724407
21
-4.0359282283464566
0
LINE
8
BLACK
6
CONTINUOUS
10
5.2149912204724407
20
-4.0359282283464566
11
5.2117980708661413
21
-4.0380618110236224
0
LINE
8
BLACK
6
CONTINUOUS
10
5.2117980708661413
20
-4.0380618110236224
11
5.2080314960629916
21
-4.0388110236220474
0
LINE
8
BLACK
6
CONTINUOUS
10
5.2080314960629916
20
-4.0388110236220474
11
5.1706299212598426
21
-4.0388110236220474
0
LINE
8
BLACK
6
CONTINUOUS
10
5.1706299212598426
20
-4.0388110236220474
11
5.1698764173228344
21
-4.0386611417322831
0
LINE
8
BLACK
6
CONTINUOUS
10
5.1698764173228344
20
-4.0386611417322831
11
5.168343149606299
21
-4.0386611417322831
0
LINE
8
BLACK
6
CONTINUOUS
10
5.168343149606299
20
-4.0386611417322831
11
5.1639254330708662
21
-4.0374774015748027
0
LINE
8
BLACK
6
CONTINUOUS
10
5.1639254330708662
20
-4.0374774015748027
11
5.1599646062992122
21
-4.0351906299212601
0
LINE
8
BLACK
6
CONTINUOUS
10
5.1599646062992122
20
-4.0351906299212601
11
5.1567306299212596
21
-4.0319566535433067
0
LINE
8
BLACK
6
CONTINUOUS
10
5.1567306299212596
20
-4.0319566535433067
11
5.1544438582677161
21
-4.0279958267716536
0
LINE
8
BLACK
6
CONTINUOUS
10
5.1544438582677161
20
-4.0279958267716536
11
5.1532601181102358
21
-4.0235781102362207
0
LINE
8
BLACK
6
CONTINUOUS
10
5.1532601181102358
20
-4.0235781102362207
11
5.1531102362204724
21
-4.0212913385826772
0
LINE
8
BLACK
6
CONTINUOUS
10
5.1531102362204724
20
-4.0212913385826772
11
5.1531102362204724
21
-3.9953070866141731
0
LINE
8
BLACK
6
CONTINUOUS
10
5.1531102362204724
20
-3.9953070866141731
11
5.1532601181102358
21
-3.99302031496063
0
LINE
8
BLACK
6
CONTINUOUS
10
5.1532601181102358
20
-3.99302031496063
11
5.1544438582677161
21
-3.9886025984251967
0
LINE
8
BLACK
6
CONTINUOUS
10
5.1544438582677161
20
-3.9886025984251967
11
5.1567306299212596
21
-3.9846417716535432
0
LINE
8
BLACK
6
CONTINUOUS
10
5.1567306299212596
20
-3.9846417716535432
11
5.1599646062992122
21
-3.9814077952755906
0
LINE
8
BLACK
6
CONTINUOUS
10
5.1599646062992122
20
-3.9814077952755906
11
5.1639254330708662
21
-3.9791210236220471
0
LINE
8
BLACK
6
CONTINUOUS
10
5.1639254330708662
20
-3.9791210236220471
11
5.168343149606299
21
-3.9779372834645668
0
LINE
8
BLACK
6
CONTINUOUS
10
5.168343149606299
20
-3.9779372834645668
11
5.1698764173228344
21
-3.9779372834645668
0
LINE
8
BLACK
6
CONTINUOUS
10
5.1698764173228344
20
-3.9779372834645668
11
5.1706299212598426
21
-3.9777874015748029
0
LINE
8
BLACK
6
CONTINUOUS
10
5.1706299212598426
20
-3.9777874015748029
11
5.2080314960629916
21
-3.9777874015748029
0
LINE
8
BLACK
6
CONTINUOUS
10
5.2080314960629916
20
-3.9777874015748029
11
5.2117980708661413
21
-3.9785366141732283
0
LINE
8
BLACK
6
CONTINUOUS
10
5.2925067322834645
20
-3.9785366141732283
11
5.2956998818897638
21
-3.9806701968503937
0
LINE
8
BLACK
6
CONTINUOUS
10
5.2956998818897638
20
-3.9806701968503937
11
5.2978334645669287
21
-3.983863346456693
0
LINE
8
BLACK
6
CONTINUOUS
10
5.2978334645669287
20
-3.983863346456693
11
5.2985826771653546
21
-3.9876299212598423
0
LINE
8
BLACK
6
CONTINUOUS
10
5.2985826771653546
20
-3.9876299212598423
11
5.2985826771653546
21
-4.0289685039370076
0
LINE
8
BLACK
6
CONTINUOUS
10
5.2985826771653546
20
-4.0289685039370076
11
5.2978334645669287
21
-4.0327350787401572
0
LINE
8
BLACK
6
CONTINUOUS
10
5.2978334645669287
20
-4.0327350787401572
11
5.2956998818897638
21
-4.0359282283464566
0
LINE
8
BLACK
6
CONTINUOUS
10
5.2956998818897638
20
-4.0359282283464566
11
5.2925067322834645
21
-4.0380618110236224
0
LINE
8
BLACK
6
CONTINUOUS
10
5.2925067322834645
20
-4.0380618110236224
11
5.2887401574803148
21
-4.0388110236220474
0
LINE
8
BLACK
6
CONTINUOUS
10
5.2887401574803148
20
-4.0388110236220474
11
5.2493700787401574
21
-4.0388110236220474
0
LINE
8
BLACK
6
CONTINUOUS
10
5.2493700787401574
20
-4.0388110236220474
11
5.2456035039370077
21
-4.0380618110236224
0
LINE
8
BLACK
6
CONTINUOUS
10
5.2456035039370077
20
-4.0380618110236224
11
5.2424103543307083
21
-4.0359282283464566
0
LINE
8
BLACK
6
CONTINUOUS
10
5.2424103543307083
20
-4.0359282283464566
11
5.2402767716535434
21
-4.0327350787401572
0
LINE
8
BLACK
6
CONTINUOUS
10
5.2402767716535434
20
-4.0327350787401572
11
5.2395275590551176
21
-4.0289685039370076
0
LINE
8
BLACK
6
CONTINUOUS
10
5.2395275590551176
20
-4.0289685039370076
11
5.2395275590551176
21
-3.9876299212598423
0
LINE
8
BLACK
6
CONTINUOUS
10
5.2395275590551176
20
-3.9876299212598423
11
5.2402767716535434
21
-3.983863346456693
0
LINE
8
BLACK
6
CONTINUOUS
10
5.2402767716535434
20
-3.983863346456693
11
5.2424103543307083
21
-3.9806701968503937
0
LINE
8
BLACK
6
CONTINUOUS
10
5.2424103543307083
20
-3.9806701968503937
11
5.2456035039370077
21
-3.9785366141732283
0
LINE
8
BLACK
6
CONTINUOUS
10
5.2456035039370077
20
-3.9785366141732283
11
5.2493700787401574
21
-3.9777874015748029
0
LINE
8
BLACK
6
CONTINUOUS
10
5.2493700787401574
20
-3.9777874015748029
11
5.2887401574803148
21
-3.9777874015748029
0
LINE
8
BLACK
6
CONTINUOUS
10
5.2887401574803148
20
-3.9777874015748029
11
5.2925067322834645
21
-3.9785366141732283
0
LINE
8
BLACK
6
CONTINUOUS
10
5.3712468897637793
20
-3.9785366141732283
11
5.3744400393700786
21
-3.9806701968503937
0
LINE
8
BLACK
6
CONTINUOUS
10
5.3744400393700786
20
-3.9806701968503937
11
5.3765736220472435
21
-3.983863346456693
0
LINE
8
BLACK
6
CONTINUOUS
10
5.3765736220472435
20
-3.983863346456693
11
5.3773228346456694
21
-3.9876299212598423
0
LINE
8
BLACK
6
CONTINUOUS
10
5.3773228346456694
20
-3.9876299212598423
11
5.3773228346456694
21
-4.0289685039370076
0
LINE
8
BLACK
6
CONTINUOUS
10
5.3773228346456694
20
-4.0289685039370076
11
5.3765736220472435
21
-4.0327350787401572
0
LINE
8
BLACK
6
CONTINUOUS
10
5.3765736220472435
20
-4.0327350787401572
11
5.3744400393700786
21
-4.0359282283464566
0
LINE
8
BLACK
6
CONTINUOUS
10
5.3744400393700786
20
-4.0359282283464566
11
5.3712468897637793
21
-4.0380618110236224
0
LINE
8
BLACK
6
CONTINUOUS
10
5.3712468897637793
20
-4.0380618110236224
11
5.3674803149606296
21
-4.0388110236220474
0
LINE
8
BLACK
6
CONTINUOUS
10
5.3674803149606296
20
-4.0388110236220474
11
5.3281102362204722
21
-4.0388110236220474
0
LINE
8
BLACK
6
CONTINUOUS
10
5.3281102362204722
20
-4.0388110236220474
11
5.3243436614173225
21
-4.0380618110236224
0
LINE
8
BLACK
6
CONTINUOUS
10
5.3243436614173225
20
-4.0380618110236224
11
5.3211505118110232
21
-4.0359282283464566
0
LINE
8
BLACK
6
CONTINUOUS
10
5.3211505118110232
20
-4.0359282283464566
11
5.3190169291338583
21
-4.0327350787401572
0
LINE
8
BLACK
6
CONTINUOUS
10
5.3190169291338583
20
-4.0327350787401572
11
5.3182677165354333
21
-4.0289685039370076
0
LINE
8
BLACK
6
CONTINUOUS
10
5.3182677165354333
20
-4.0289685039370076
11
5.3182677165354333
21
-3.9876299212598423
0
LINE
8
BLACK
6
CONTINUOUS
10
5.3182677165354333
20
-3.9876299212598423
11
5.3190169291338583
21
-3.983863346456693
0
LINE
8
BLACK
6
CONTINUOUS
10
5.3190169291338583
20
-3.983863346456693
11
5.3211505118110232
21
-3.9806701968503937
0
LINE
8
BLACK
6
CONTINUOUS
10
5.3211505118110232
20
-3.9806701968503937
11
5.3243436614173225
21
-3.9785366141732283
0
LINE
8
BLACK
6
CONTINUOUS
10
5.3243436614173225
20
-3.9785366141732283
11
5.3281102362204722
21
-3.9777874015748029
0
LINE
8
BLACK
6
CONTINUOUS
10
5.3281102362204722
20
-3.9777874015748029
11
5.3674803149606296
21
-3.9777874015748029
0
LINE
8
BLACK
6
CONTINUOUS
10
5.3674803149606296
20
-3.9777874015748029
11
5.3712468897637793
21
-3.9785366141732283
0
LINE
8
BLACK
6
CONTINUOUS
10
5.4469739763779526
20
-3.9779372834645668
11
5.4485072440944879
21
-3.9779372834645668
0
LINE
8
BLACK
6
CONTINUOUS
10
5.4485072440944879
20
-3.9779372834645668
11
5.4529249606299208
21
-3.9791210236220471
0
LINE
8
BLACK
6
CONTINUOUS
10
5.4529249606299208
20
-3.9791210236220471
11
5.4568857874015748
21
-3.9814077952755906
0
LINE
8
BLACK
6
CONTINUOUS
10
5.4568857874015748
20
-3.9814077952755906
11
5.4601197637795273
21
-3.9846417716535432
0
LINE
8
BLACK
6
CONTINUOUS
10
5.4601197637795273
20
-3.9846417716535432
11
5.4624065354330709
21
-3.9886025984251967
0
LINE
8
BLACK
6
CONTINUOUS
10
5.4624065354330709
20
-3.9886025984251967
11
5.4635902755905512
21
-3.99302031496063
0
LINE
8
BLACK
6
CONTINUOUS
10
5.4635902755905512
20
-3.99302031496063
11
5.4637401574803146
21
-3.9953070866141731
0
LINE
8
BLACK
6
CONTINUOUS
10
5.4637401574803146
20
-3.9953070866141731
11
5.4637401574803146
21
-4.0212913385826772
0
LINE
8
BLACK
6
CONTINUOUS
10
5.4637401574803146
20
-4.0212913385826772
11
5.4635902755905512
21
-4.0235781102362207
0
LINE
8
BLACK
6
CONTINUOUS
10
5.4635902755905512
20
-4.0235781102362207
11
5.4624065354330709
21
-4.0279958267716536
0
LINE
8
BLACK
6
CONTINUOUS
10
5.4624065354330709
20
-4.0279958267716536
11
5.4601197637795273
21
-4.0319566535433067
0
LINE
8
BLACK
6
CONTINUOUS
10
5.4601197637795273
20
-4.0319566535433067
11
5.4568857874015748
21
-4.0351906299212601
0
LINE
8
BLACK
6
CONTINUOUS
10
5.4568857874015748
20
-4.0351906299212601
11
5.4529249606299208
21
-4.0374774015748027
0
LINE
8
BLACK
6
CONTINUOUS
10
5.4529249606299208
20
-4.0374774015748027
11
5.4485072440944879
21
-4.0386611417322831
0
LINE
8
BLACK
6
CONTINUOUS
10
5.4485072440944879
20
-4.0386611417322831
11
5.4469739763779526
21
-4.0386611417322831
0
LINE
8
BLACK
6
CONTINUOUS
10
5.4469739763779526
20
-4.0386611417322831
11
5.4462204724409444
21
-4.0388110236220474
0
LINE
8
BLACK
6
CONTINUOUS
10
5.4462204724409444
20
-4.0388110236220474
11
5.4088188976377953
21
-4.0388110236220474
0
LINE
8
BLACK
6
CONTINUOUS
10
5.4088188976377953
20
-4.0388110236220474
11
5.4050523228346457
21
-4.0380618110236224
0
LINE
8
BLACK
6
CONTINUOUS
10
5.4050523228346457
20
-4.0380618110236224
11
5.4018591732283463
21
-4.0359282283464566
0
LINE
8
BLACK
6
CONTINUOUS
10
5.4018591732283463
20
-4.0359282283464566
11
5.3997255905511814
21
-4.0327350787401572
0
LINE
8
BLACK
6
CONTINUOUS
10
5.3997255905511814
20
-4.0327350787401572
11
5.3989763779527555
21
-4.0289685039370076
0
LINE
8
BLACK
6
CONTINUOUS
10
5.3989763779527555
20
-4.0289685039370076
11
5.3989763779527555
21
-3.9876299212598423
0
LINE
8
BLACK
6
CONTINUOUS
10
5.3989763779527555
20
-3.9876299212598423
11
5.3997255905511814
21
-3.983863346456693
0
LINE
8
BLACK
6
CONTINUOUS
10
5.3997255905511814
20
-3.983863346456693
11
5.4018591732283463
21
-3.9806701968503937
0
LINE
8
BLACK
6
CONTINUOUS
10
5.4018591732283463
20
-3.9806701968503937
11
5.4050523228346457
21
-3.9785366141732283
0
LINE
8
BLACK
6
CONTINUOUS
10
5.4050523228346457
20
-3.9785366141732283
11
5.4088188976377953
21
-3.9777874015748029
0
LINE
8
BLACK
6
CONTINUOUS
10
5.4088188976377953
20
-3.9777874015748029
11
5.4462204724409444
21
-3.9777874015748029
0
LINE
8
BLACK
6
CONTINUOUS
10
5.4462204724409444
20
-3.9777874015748029
11
5.4469739763779526
21
-3.9779372834645668
0
LINE
8
BLACK
6
CONTINUOUS
10
5.2626877165354333
20
-3.8757248818897638
11
5.2639649999999998
21
-3.8765783070866142
0
LINE
8
BLACK
6
CONTINUOUS
10
5.2639649999999998
20
-3.8765783070866142
11
5.2648184251968502
21
-3.8778555905511811
0
LINE
8
BLACK
6
CONTINUOUS
10
5.2648184251968502
20
-3.8778555905511811
11
5.2651181102362203
21
-3.8793622047244094
0
LINE
8
BLACK
6
CONTINUOUS
10
5.2651181102362203
20
-3.8793622047244094
11
5.2651181102362203
21
-3.9246377952755904
0
LINE
8
BLACK
6
CONTINUOUS
10
5.2651181102362203
20
-3.9246377952755904
11
5.2648184251968502
21
-3.9261444094488187
0
LINE
8
BLACK
6
CONTINUOUS
10
5.2648184251968502
20
-3.9261444094488187
11
5.2639649999999998
21
-3.9274216929133856
0
LINE
8
BLACK
6
CONTINUOUS
10
5.2639649999999998
20
-3.9274216929133856
11
5.2626877165354333
21
-3.928275118110236
0
LINE
8
BLACK
6
CONTINUOUS
10
5.2626877165354333
20
-3.928275118110236
11
5.2611811023622046
21
-3.9285748031496062
0
LINE
8
BLACK
6
CONTINUOUS
10
5.2611811023622046
20
-3.9285748031496062
11
5.2533070866141731
21
-3.9285748031496062
0
LINE
8
BLACK
6
CONTINUOUS
10
5.2533070866141731
20
-3.9285748031496062
11
5.2518004724409444
21
-3.928275118110236
0
LINE
8
BLACK
6
CONTINUOUS
10
5.2518004724409444
20
-3.928275118110236
11
5.2505231889763779
21
-3.9274216929133856
0
LINE
8
BLACK
6
CONTINUOUS
10
5.2505231889763779
20
-3.9274216929133856
11
5.2496697637795275
21
-3.9261444094488187
0
LINE
8
BLACK
6
CONTINUOUS
10
5.2496697637795275
20
-3.9261444094488187
11
5.2493700787401574
21
-3.9246377952755904
0
LINE
8
BLACK
6
CONTINUOUS
10
5.2493700787401574
20
-3.9246377952755904
11
5.2493700787401574
21
-3.8793622047244094
0
LINE
8
BLACK
6
CONTINUOUS
10
5.2493700787401574
20
-3.8793622047244094
11
5.2496697637795275
21
-3.8778555905511811
0
LINE
8
BLACK
6
CONTINUOUS
10
5.2496697637795275
20
-3.8778555905511811
11
5.2505231889763779
21
-3.8765783070866142
0
LINE
8
BLACK
6
CONTINUOUS
10
5.2505231889763779
20
-3.8765783070866142
11
5.2518004724409444
21
-3.8757248818897638
0
LINE
8
BLACK
6
CONTINUOUS
10
5.2518004724409444
20
-3.8757248818897638
11
5.2533070866141731
21
-3.8754251968503937
0
LINE
8
BLACK
6
CONTINUOUS
10
5.2533070866141731
20
-3.8754251968503937
11
5.2611811023622046
21
-3.8754251968503937
0
LINE
8
BLACK
6
CONTINUOUS
10
5.2611811023622046
20
-3.8754251968503937
11
5.2626877165354333
21
-3.8757248818897638
0
LINE
8
BLACK
6
CONTINUOUS
10
5.2882782677165352
20
-3.8757248818897638
11
5.2895555511811025
21
-3.8765783070866142
0
LINE
8
BLACK
6
CONTINUOUS
10
5.2895555511811025
20
-3.8765783070866142
11
5.2904089763779529
21
-3.8778555905511811
0
LINE
8
BLACK
6
CONTINUOUS
10
5.2904089763779529
20
-3.8778555905511811
11
5.2907086614173231
21
-3.8793622047244094
0
LINE
8
BLACK
6
CONTINUOUS
10
5.2907086614173231
20
-3.8793622047244094
11
5.2907086614173231
21
-3.9246377952755904
0
LINE
8
BLACK
6
CONTINUOUS
10
5.2907086614173231
20
-3.9246377952755904
11
5.2904089763779529
21
-3.9261444094488187
0
LINE
8
BLACK
6
CONTINUOUS
10
5.2904089763779529
20
-3.9261444094488187
11
5.2895555511811025
21
-3.9274216929133856
0
LINE
8
BLACK
6
CONTINUOUS
10
5.2895555511811025
20
-3.9274216929133856
11
5.2882782677165352
21
-3.928275118110236
0
LINE
8
BLACK
6
CONTINUOUS
10
5.2882782677165352
20
-3.928275118110236
11
5.2867716535433074
21
-3.9285748031496062
0
LINE
8
BLACK
6
CONTINUOUS
10
5.2867716535433074
20
-3.9285748031496062
11
5.2788976377952759
21
-3.9285748031496062
0
LINE
8
BLACK
6
CONTINUOUS
10
5.2788976377952759
20
-3.9285748031496062
11
5.2773910236220472
21
-3.928275118110236
0
LINE
8
BLACK
6
CONTINUOUS
10
5.2773910236220472
20
-3.928275118110236
11
5.2761137401574798
21
-3.9274216929133856
0
LINE
8
BLACK
6
CONTINUOUS
10
5.2761137401574798
20
-3.9274216929133856
11
5.2752603149606294
21
-3.9261444094488187
0
LINE
8
BLACK
6
CONTINUOUS
10
5.2752603149606294
20
-3.9261444094488187
11
5.2749606299212601
21
-3.9246377952755904
0
LINE
8
BLACK
6
CONTINUOUS
10
5.2749606299212601
20
-3.9246377952755904
11
5.2749606299212601
21
-3.8793622047244094
0
LINE
8
BLACK
6
CONTINUOUS
10
5.2749606299212601
20
-3.8793622047244094
11
5.2752603149606294
21
-3.8778555905511811
0
LINE
8
BLACK
6
CONTINUOUS
10
5.2752603149606294
20
-3.8778555905511811
11
5.2761137401574798
21
-3.8765783070866142
0
LINE
8
BLACK
6
CONTINUOUS
10
5.2761137401574798
20
-3.8765783070866142
11
5.2773910236220472
21
-3.8757248818897638
0
LINE
8
BLACK
6
CONTINUOUS
10
5.2773910236220472
20
-3.8757248818897638
11
5.2788976377952759
21
-3.8754251968503937
0
LINE
8
BLACK
6
CONTINUOUS
10
5.2788976377952759
20
-3.8754251968503937
11
5.2867716535433074
21
-3.8754251968503937
0
LINE
8
BLACK
6
CONTINUOUS
10
5.2867716535433074
20
-3.8754251968503937
11
5.2882782677165352
21
-3.8757248818897638
0
LINE
8
BLACK
6
CONTINUOUS
10
5.313868818897638
20
-3.8757248818897638
11
5.3151461023622044
21
-3.8765783070866142
0
LINE
8
BLACK
6
CONTINUOUS
10
5.3151461023622044
20
-3.8765783070866142
11
5.3159995275590548
21
-3.8778555905511811
0
LINE
8
BLACK
6
CONTINUOUS
10
5.3159995275590548
20
-3.8778555905511811
11
5.316299212598425
21
-3.8793622047244094
0
LINE
8
BLACK
6
CONTINUOUS
10
5.316299212598425
20
-3.8793622047244094
11
5.316299212598425
21
-3.9246377952755904
0
LINE
8
BLACK
6
CONTINUOUS
10
5.316299212598425
20
-3.9246377952755904
11
5.3159995275590548
21
-3.9261444094488187
0
LINE
8
BLACK
6
CONTINUOUS
10
5.3159995275590548
20
-3.9261444094488187
11
5.3151461023622044
21
-3.9274216929133856
0
LINE
8
BLACK
6
CONTINUOUS
10
5.3151461023622044
20
-3.9274216929133856
11
5.313868818897638
21
-3.928275118110236
0
LINE
8
BLACK
6
CONTINUOUS
10
5.313868818897638
20
-3.928275118110236
11
5.3123622047244092
21
-3.9285748031496062
0
LINE
8
BLACK
6
CONTINUOUS
10
5.3123622047244092
20
-3.9285748031496062
11
5.3044881889763777
21
-3.9285748031496062
0
LINE
8
BLACK
6
CONTINUOUS
10
5.3044881889763777
20
-3.9285748031496062
11
5.3029815748031499
21
-3.928275118110236
0
LINE
8
BLACK
6
CONTINUOUS
10
5.3029815748031499
20
-3.928275118110236
11
5.3017042913385826
21
-3.9274216929133856
0
LINE
8
BLACK
6
CONTINUOUS
10
5.3017042913385826
20
-3.9274216929133856
11
5.3008508661417322
21
-3.9261444094488187
0
LINE
8
BLACK
6
CONTINUOUS
10
5.3008508661417322
20
-3.9261444094488187
11
5.300551181102362
21
-3.9246377952755904
0
LINE
8
BLACK
6
CONTINUOUS
10
5.300551181102362
20
-3.9246377952755904
11
5.300551181102362
21
-3.8793622047244094
0
LINE
8
BLACK
6
CONTINUOUS
10
5.300551181102362
20
-3.8793622047244094
11
5.3008508661417322
21
-3.8778555905511811
0
LINE
8
BLACK
6
CONTINUOUS
10
5.3008508661417322
20
-3.8778555905511811
11
5.3017042913385826
21
-3.8765783070866142
0
LINE
8
BLACK
6
CONTINUOUS
10
5.3017042913385826
20
-3.8765783070866142
11
5.3029815748031499
21
-3.8757248818897638
0
LINE
8
BLACK
6
CONTINUOUS
10
5.3029815748031499
20
-3.8757248818897638
11
5.3044881889763777
21
-3.8754251968503937
0
LINE
8
BLACK
6
CONTINUOUS
10
5.3044881889763777
20
-3.8754251968503937
11
5.3123622047244092
21
-3.8754251968503937
0
LINE
8
BLACK
6
CONTINUOUS
10
5.3123622047244092
20
-3.8754251968503937
11
5.313868818897638
21
-3.8757248818897638
0
LINE
8
BLACK
6
CONTINUOUS
10
5.3394593700787398
20
-3.8757248818897638
11
5.3407366535433072
21
-3.8765783070866142
0
LINE
8
BLACK
6
CONTINUOUS
10
5.3407366535433072
20
-3.8765783070866142
11
5.3415900787401576
21
-3.8778555905511811
0
LINE
8
BLACK
6
CONTINUOUS
10
5.3415900787401576
20
-3.8778555905511811
11
5.3418897637795277
21
-3.8793622047244094
0
LINE
8
BLACK
6
CONTINUOUS
10
5.3418897637795277
20
-3.8793622047244094
11
5.3418897637795277
21
-3.9246377952755904
0
LINE
8
BLACK
6
CONTINUOUS
10
5.3418897637795277
20
-3.9246377952755904
11
5.3415900787401576
21
-3.9261444094488187
0
LINE
8
BLACK
6
CONTINUOUS
10
5.3415900787401576
20
-3.9261444094488187
11
5.3407366535433072
21
-3.9274216929133856
0
LINE
8
BLACK
6
CONTINUOUS
10
5.3407366535433072
20
-3.9274216929133856
11
5.3394593700787398
21
-3.928275118110236
0
LINE
8
BLACK
6
CONTINUOUS
10
5.3394593700787398
20
-3.928275118110236
11
5.337952755905512
21
-3.9285748031496062
0
LINE
8
BLACK
6
CONTINUOUS
10
5.337952755905512
20
-3.9285748031496062
11
5.3300787401574805
21
-3.9285748031496062
0
LINE
8
BLACK
6
CONTINUOUS
10
5.3300787401574805
20
-3.9285748031496062
11
5.3285721259842518
21
-3.928275118110236
0
LINE
8
BLACK
6
CONTINUOUS
10
5.3285721259842518
20
-3.928275118110236
11
5.3272948425196853
21
-3.9274216929133856
0
LINE
8
BLACK
6
CONTINUOUS
10
5.3272948425196853
20
-3.9274216929133856
11
5.3264414173228349
21
-3.9261444094488187
0
LINE
8
BLACK
6
CONTINUOUS
10
5.3264414173228349
20
-3.9261444094488187
11
5.3261417322834648
21
-3.9246377952755904
0
LINE
8
BLACK
6
CONTINUOUS
10
5.3261417322834648
20
-3.9246377952755904
11
5.3261417322834648
21
-3.8793622047244094
0
LINE
8
BLACK
6
CONTINUOUS
10
5.3261417322834648
20
-3.8793622047244094
11
5.3264414173228349
21
-3.8778555905511811
0
LINE
8
BLACK
6
CONTINUOUS
10
5.3264414173228349
20
-3.8778555905511811
11
5.3272948425196853
21
-3.8765783070866142
0
LINE
8
BLACK
6
CONTINUOUS
10
5.3272948425196853
20
-3.8765783070866142
11
5.3285721259842518
21
-3.8757248818897638
0
LINE
8
BLACK
6
CONTINUOUS
10
5.3285721259842518
20
-3.8757248818897638
11
5.3300787401574805
21
-3.8754251968503937
0
LINE
8
BLACK
6
CONTINUOUS
10
5.3300787401574805
20
-3.8754251968503937
11
5.337952755905512
21
-3.8754251968503937
0
LINE
8
BLACK
6
CONTINUOUS
10
5.337952755905512
20
-3.8754251968503937
11
5.3394593700787398
21
-3.8757248818897638
0
LINE
8
BLACK
6
CONTINUOUS
10
5.3650499212598426
20
-3.8757248818897638
11
5.3663272047244091
21
-3.8765783070866142
0
LINE
8
BLACK
6
CONTINUOUS
10
5.3663272047244091
20
-3.8765783070866142
11
5.3671806299212594
21
-3.8778555905511811
0
LINE
8
BLACK
6
CONTINUOUS
10
5.3671806299212594
20
-3.8778555905511811
11
5.3674803149606296
21
-3.8793622047244094
0
LINE
8
BLACK
6
CONTINUOUS
10
5.3674803149606296
20
-3.8793622047244094
11
5.3674803149606296
21
-3.9246377952755904
0
LINE
8
BLACK
6
CONTINUOUS
10
5.3674803149606296
20
-3.9246377952755904
11
5.3671806299212594
21
-3.9261444094488187
0
LINE
8
BLACK
6
CONTINUOUS
10
5.3671806299212594
20
-3.9261444094488187
11
5.3663272047244091
21
-3.9274216929133856
0
LINE
8
BLACK
6
CONTINUOUS
10
5.3663272047244091
20
-3.9274216929133856
11
5.3650499212598426
21
-3.928275118110236
0
LINE
8
BLACK
6
CONTINUOUS
10
5.3650499212598426
20
-3.928275118110236
11
5.3635433070866139
21
-3.9285748031496062
0
LINE
8
BLACK
6
CONTINUOUS
10
5.3635433070866139
20
-3.9285748031496062
11
5.3556692913385824
21
-3.9285748031496062
0
LINE
8
BLACK
6
CONTINUOUS
10
5.3556692913385824
20
-3.9285748031496062
11
5.3541626771653545
21
-3.928275118110236
0
LINE
8
BLACK
6
CONTINUOUS
10
5.3541626771653545
20
-3.928275118110236
11
5.3528853937007872
21
-3.9274216929133856
0
LINE
8
BLACK
6
CONTINUOUS
10
5.3528853937007872
20
-3.9274216929133856
11
5.3520319685039368
21
-3.9261444094488187
0
LINE
8
BLACK
6
CONTINUOUS
10
5.3520319685039368
20
-3.9261444094488187
11
5.3517322834645666
21
-3.9246377952755904
0
LINE
8
BLACK
6
CONTINUOUS
10
5.3517322834645666
20
-3.9246377952755904
11
5.3517322834645666
21
-3.8793622047244094
0
LINE
8
BLACK
6
CONTINUOUS
10
5.3517322834645666
20
-3.8793622047244094
11
5.3520319685039368
21
-3.8778555905511811
0
LINE
8
BLACK
6
CONTINUOUS
10
5.3520319685039368
20
-3.8778555905511811
11
5.3528853937007872
21
-3.8765783070866142
0
LINE
8
BLACK
6
CONTINUOUS
10
5.3528853937007872
20
-3.8765783070866142
11
5.3541626771653545
21
-3.8757248818897638
0
LINE
8
BLACK
6
CONTINUOUS
10
5.3541626771653545
20
-3.8757248818897638
11
5.3556692913385824
21
-3.8754251968503937
0
LINE
8
BLACK
6
CONTINUOUS
10
5.3556692913385824
20
-3.8754251968503937
11
5.3635433070866139
21
-3.8754251968503937
0
LINE
8
BLACK
6
CONTINUOUS
10
5.3635433070866139
20
-3.8754251968503937
11
5.3650499212598426
21
-3.8757248818897638
0
LINE
8
BLACK
6
CONTINUOUS
10
5.2183464566929132
20
-3.8834592125984253
11
5.2230620078740158
21
-3.8847227165354328
0
LINE
8
BLACK
6
CONTINUOUS
10
5.2230620078740158
20
-3.8847227165354328
11
5.227289842519685
21
-3.8871636614173228
0
LINE
8
BLACK
6
CONTINUOUS
10
5.227289842519685
20
-3.8871636614173228
11
5.2307418503937004
21
-3.8906156692913383
0
LINE
8
BLACK
6
CONTINUOUS
10
5.2307418503937004
20
-3.8906156692913383
11
5.2331827952755905
21
-3.894843503937008
0
LINE
8
BLACK
6
CONTINUOUS
10
5.2331827952755905
20
-3.894843503937008
11
5.234446299212598
21
-3.8995590551181101
0
LINE
8
BLACK
6
CONTINUOUS
10
5.234446299212598
20
-3.8995590551181101
11
5.234446299212598
21
-3.9044409448818898
0
LINE
8
BLACK
6
CONTINUOUS
10
5.234446299212598
20
-3.9044409448818898
11
5.2331827952755905
21
-3.9091564960629919
0
LINE
8
BLACK
6
CONTINUOUS
10
5.2331827952755905
20
-3.9091564960629919
11
5.2307418503937004
21
-3.9133843307086615
0
LINE
8
BLACK
6
CONTINUOUS
10
5.2307418503937004
20
-3.9133843307086615
11
5.227289842519685
21
-3.916836338582677
0
LINE
8
BLACK
6
CONTINUOUS
10
5.227289842519685
20
-3.916836338582677
11
5.2230620078740158
21
-3.9192772834645671
0
LINE
8
BLACK
6
CONTINUOUS
10
5.2230620078740158
20
-3.9192772834645671
11
5.2183464566929132
21
-3.9205407874015745
0
LINE
8
BLACK
6
CONTINUOUS
10
5.2183464566929132
20
-3.9205407874015745
11
5.2159055118110231
21
-3.9207007874015747
0
LINE
8
BLACK
6
CONTINUOUS
10
5.2159055118110231
20
-3.9207007874015747
11
5.2040944881889759
21
-3.9207007874015747
0
LINE
8
BLACK
6
CONTINUOUS
10
5.2040944881889759
20
-3.9207007874015747
11
5.2016535433070867
21
-3.9205407874015745
0
LINE
8
BLACK
6
CONTINUOUS
10
5.2016535433070867
20
-3.9205407874015745
11
5.1969379921259842
21
-3.9192772834645671
0
LINE
8
BLACK
6
CONTINUOUS
10
5.1969379921259842
20
-3.9192772834645671
11
5.1927101574803149
21
-3.916836338582677
0
LINE
8
BLACK
6
CONTINUOUS
10
5.1927101574803149
20
-3.916836338582677
11
5.1892581496062995
21
-3.9133843307086615
0
LINE
8
BLACK
6
CONTINUOUS
10
5.1892581496062995
20
-3.9133843307086615
11
5.1868172047244094
21
-3.9091564960629919
0
LINE
8
BLACK
6
CONTINUOUS
10
5.1868172047244094
20
-3.9091564960629919
11
5.1855537007874011
21
-3.9044409448818898
0
LINE
8
BLACK
6
CONTINUOUS
10
5.1855537007874011
20
-3.9044409448818898
11
5.1855537007874011
21
-3.8995590551181101
0
LINE
8
BLACK
6
CONTINUOUS
10
5.1855537007874011
20
-3.8995590551181101
11
5.1868172047244094
21
-3.894843503937008
0
LINE
8
BLACK
6
CONTINUOUS
10
5.1868172047244094
20
-3.894843503937008
11
5.1892581496062995
21
-3.8906156692913383
0
LINE
8
BLACK
6
CONTINUOUS
10
5.1892581496062995
20
-3.8906156692913383
11
5.1927101574803149
21
-3.8871636614173228
0
LINE
8
BLACK
6
CONTINUOUS
10
5.1927101574803149
20
-3.8871636614173228
11
5.1969379921259842
21
-3.8847227165354328
0
LINE
8
BLACK
6
CONTINUOUS
10
5.1969379921259842
20
-3.8847227165354328
11
5.2016535433070867
21
-3.8834592125984253
0
LINE
8
BLACK
6
CONTINUOUS
10
5.2016535433070867
20
-3.8834592125984253
11
5.2040944881889759
21
-3.8832992125984251
0
LINE
8
BLACK
6
CONTINUOUS
10
5.2040944881889759
20
-3.8832992125984251
11
5.2159055118110231
21
-3.8832992125984251
0
LINE
8
BLACK
6
CONTINUOUS
10
5.2159055118110231
20
-3.8832992125984251
11
5.2183464566929132
21
-3.8834592125984253
0
LINE
8
BLACK
6
CONTINUOUS
10
5.4151968503937002
20
-3.8834592125984253
11
5.4199124015748028
21
-3.8847227165354328
0
LINE
8
BLACK
6
CONTINUOUS
10
5.4199124015748028
20
-3.8847227165354328
11
5.424140236220472
21
-3.8871636614173228
0
LINE
8
BLACK
6
CONTINUOUS
10
5.424140236220472
20
-3.8871636614173228
11
5.4275922440944884
21
-3.8906156692913383
0
LINE
8
BLACK
6
CONTINUOUS
10
5.4275922440944884
20
-3.8906156692913383
11
5.4300331889763775
21
-3.894843503937008
0
LINE
8
BLACK
6
CONTINUOUS
10
5.4300331889763775
20
-3.894843503937008
11
5.4312966929133859
21
-3.8995590551181101
0
LINE
8
BLACK
6
CONTINUOUS
10
5.4312966929133859
20
-3.8995590551181101
11
5.4312966929133859
21
-3.9044409448818898
0
LINE
8
BLACK
6
CONTINUOUS
10
5.4312966929133859
20
-3.9044409448818898
11
5.4300331889763775
21
-3.9091564960629919
0
LINE
8
BLACK
6
CONTINUOUS
10
5.4300331889763775
20
-3.9091564960629919
11
5.4275922440944884
21
-3.9133843307086615
0
LINE
8
BLACK
6
CONTINUOUS
10
5.4275922440944884
20
-3.9133843307086615
11
5.424140236220472
21
-3.916836338582677
0
LINE
8
BLACK
6
CONTINUOUS
10
5.424140236220472
20
-3.916836338582677
11
5.4199124015748028
21
-3.9192772834645671
0
LINE
8
BLACK
6
CONTINUOUS
10
5.4199124015748028
20
-3.9192772834645671
11
5.4151968503937002
21
-3.9205407874015745
0
LINE
8
BLACK
6
CONTINUOUS
10
5.4151968503937002
20
-3.9205407874015745
11
5.4127559055118111
21
-3.9207007874015747
0
LINE
8
BLACK
6
CONTINUOUS
10
5.4127559055118111
20
-3.9207007874015747
11
5.4009448818897638
21
-3.9207007874015747
0
LINE
8
BLACK
6
CONTINUOUS
10
5.4009448818897638
20
-3.9207007874015747
11
5.3985039370078738
21
-3.9205407874015745
0
LINE
8
BLACK
6
CONTINUOUS
10
5.3985039370078738
20
-3.9205407874015745
11
5.3937883858267712
21
-3.9192772834645671
0
LINE
8
BLACK
6
CONTINUOUS
10
5.3937883858267712
20
-3.9192772834645671
11
5.389560551181102
21
-3.916836338582677
0
LINE
8
BLACK
6
CONTINUOUS
10
5.389560551181102
20
-3.916836338582677
11
5.3861085433070865
21
-3.9133843307086615
0
LINE
8
BLACK
6
CONTINUOUS
10
5.3861085433070865
20
-3.9133843307086615
11
5.3836675984251965
21
-3.9091564960629919
0
LINE
8
BLACK
6
CONTINUOUS
10
5.3836675984251965
20
-3.9091564960629919
11
5.382404094488189
21
-3.9044409448818898
0
LINE
8
BLACK
6
CONTINUOUS
10
5.382404094488189
20
-3.9044409448818898
11
5.382404094488189
21
-3.8995590551181101
0
LINE
8
BLACK
6
CONTINUOUS
10
5.382404094488189
20
-3.8995590551181101
11
5.3836675984251965
21
-3.894843503937008
0
LINE
8
BLACK
6
CONTINUOUS
10
5.3836675984251965
20
-3.894843503937008
11
5.3861085433070865
21
-3.8906156692913383
0
LINE
8
BLACK
6
CONTINUOUS
10
5.3861085433070865
20
-3.8906156692913383
11
5.389560551181102
21
-3.8871636614173228
0
LINE
8
BLACK
6
CONTINUOUS
10
5.389560551181102
20
-3.8871636614173228
11
5.3937883858267712
21
-3.8847227165354328
0
LINE
8
BLACK
6
CONTINUOUS
10
5.3937883858267712
20
-3.8847227165354328
11
5.3985039370078738
21
-3.8834592125984253
0
LINE
8
BLACK
6
CONTINUOUS
10
5.3985039370078738
20
-3.8834592125984253
11
5.4009448818897638
21
-3.8832992125984251
0
LINE
8
BLACK
6
CONTINUOUS
10
5.4009448818897638
20
-3.8832992125984251
11
5.4127559055118111
21
-3.8832992125984251
0
LINE
8
BLACK
6
CONTINUOUS
10
5.4127559055118111
20
-3.8832992125984251
11
5.4151968503937002
21
-3.8834592125984253
0
LINE
8
BLACK
6
CONTINUOUS
10
5.3306220472440939
20
-3.8308740157480314
11
5.283377952755905
21
-3.8308740157480314
0
LINE
8
BLACK
6
CONTINUOUS
10
5.283377952755905
20
-3.8308740157480314
11
5.283377952755905
21
-3.8151259842519685
0
LINE
8
BLACK
6
CONTINUOUS
10
5.283377952755905
20
-3.8151259842519685
11
5.3306220472440939
21
-3.8151259842519685
0
LINE
8
BLACK
6
CONTINUOUS
10
5.3306220472440939
20
-3.8151259842519685
11
5.3306220472440939
21
-3.8308740157480314
0
LINE
8
BLACK
6
CONTINUOUS
10
5.5353464566929134
20
-3.8308740157480314
11
5.4881023622047245
21
-3.8308740157480314
0
LINE
8
BLACK
6
CONTINUOUS
10
5.4881023622047245
20
-3.8308740157480314
11
5.4881023622047245
21
-3.8151259842519685
0
LINE
8
BLACK
6
CONTINUOUS
10
5.4881023622047245
20
-3.8151259842519685
11
5.5353464566929134
21
-3.8151259842519685
0
LINE
8
BLACK
6
CONTINUOUS
10
5.5353464566929134
20
-3.8151259842519685
11
5.5353464566929134
21
-3.8308740157480314
0
LINE
8
BLACK
6
CONTINUOUS
10
5.3306220472440939
20
-3.8058740157480315
11
5.283377952755905
21
-3.8058740157480315
0
LINE
8
BLACK
6
CONTINUOUS
10
5.283377952755905
20
-3.8058740157480315
11
5.283377952755905
21
-3.7901259842519686
0
LINE
8
BLACK
6
CONTINUOUS
10
5.283377952755905
20
-3.7901259842519686
11
5.3306220472440939
21
-3.7901259842519686
0
LINE
8
BLACK
6
CONTINUOUS
10
5.3306220472440939
20
-3.7901259842519686
11
5.3306220472440939
21
-3.8058740157480315
0
LINE
8
BLACK
6
CONTINUOUS
10
5.5353464566929134
20
-3.8058740157480315
11
5.4881023622047245
21
-3.8058740157480315
0
LINE
8
BLACK
6
CONTINUOUS
10
5.4881023622047245
20
-3.8058740157480315
11
5.4881023622047245
21
-3.7901259842519686
0
LINE
8
BLACK
6
CONTINUOUS
10
5.4881023622047245
20
-3.7901259842519686
11
5.5353464566929134
21
-3.7901259842519686
0
LINE
8
BLACK
6
CONTINUOUS
10
5.5353464566929134
20
-3.7901259842519686
11
5.5353464566929134
21
-3.8058740157480315
0
LINE
8
BLACK
6
CONTINUOUS
10
5.3306220472440939
20
-3.7808740157480316
11
5.283377952755905
21
-3.7808740157480316
0
LINE
8
BLACK
6
CONTINUOUS
10
5.283377952755905
20
-3.7808740157480316
11
5.283377952755905
21
-3.7651259842519682
0
LINE
8
BLACK
6
CONTINUOUS
10
5.283377952755905
20
-3.7651259842519682
11
5.3306220472440939
21
-3.7651259842519682
0
LINE
8
BLACK
6
CONTINUOUS
10
5.3306220472440939
20
-3.7651259842519682
11
5.3306220472440939
21
-3.7808740157480316
0
LINE
8
BLACK
6
CONTINUOUS
10
5.5353464566929134
20
-3.7808740157480316
11
5.4881023622047245
21
-3.7808740157480316
0
LINE
8
BLACK
6
CONTINUOUS
10
5.4881023622047245
20
-3.7808740157480316
11
5.4881023622047245
21
-3.7651259842519682
0
LINE
8
BLACK
6
CONTINUOUS
10
5.4881023622047245
20
-3.7651259842519682
11
5.5353464566929134
21
-3.7651259842519682
0
LINE
8
BLACK
6
CONTINUOUS
10
5.5353464566929134
20
-3.7651259842519682
11
5.5353464566929134
21
-3.7808740157480316
0
LINE
8
BLACK
6
CONTINUOUS
10
5.6673571259842515
20
-3.7106980314960629
11
5.6705502755905508
21
-3.7128316141732283
0
LINE
8
BLACK
6
CONTINUOUS
10
5.6705502755905508
20
-3.7128316141732283
11
5.6726838582677166
21
-3.7160247637795276
0
LINE
8
BLACK
6
CONTINUOUS
10
5.6726838582677166
20
-3.7160247637795276
11
5.6734330708661416
21
-3.7197913385826773
0
LINE
8
BLACK
6
CONTINUOUS
10
5.6734330708661416
20
-3.7197913385826773
11
5.6734330708661416
21
-3.7522716535433069
0
LINE
8
BLACK
6
CONTINUOUS
10
5.6734330708661416
20
-3.7522716535433069
11
5.6726838582677166
21
-3.7560382283464566
0
LINE
8
BLACK
6
CONTINUOUS
10
5.6726838582677166
20
-3.7560382283464566
11
5.6705502755905508
21
-3.759231377952756
0
LINE
8
BLACK
6
CONTINUOUS
10
5.6705502755905508
20
-3.759231377952756
11
5.6673571259842515
21
-3.7613649606299213
0
LINE
8
BLACK
6
CONTINUOUS
10
5.6673571259842515
20
-3.7613649606299213
11
5.6635905511811027
21
-3.7621141732283463
0
LINE
8
BLACK
6
CONTINUOUS
10
5.6635905511811027
20
-3.7621141732283463
11
5.6124094488188971
21
-3.7621141732283463
0
LINE
8
BLACK
6
CONTINUOUS
10
5.6124094488188971
20
-3.7621141732283463
11
5.6086428740157483
21
-3.7613649606299213
0
LINE
8
BLACK
6
CONTINUOUS
10
5.6086428740157483
20
-3.7613649606299213
11
5.605449724409449
21
-3.759231377952756
0
LINE
8
BLACK
6
CONTINUOUS
10
5.605449724409449
20
-3.759231377952756
11
5.6033161417322832
21
-3.7560382283464566
0
LINE
8
BLACK
6
CONTINUOUS
10
5.6033161417322832
20
-3.7560382283464566
11
5.6025669291338582
21
-3.7522716535433069
0
LINE
8
BLACK
6
CONTINUOUS
10
5.6025669291338582
20
-3.7522716535433069
11
5.6025669291338582
21
-3.7197913385826773
0
LINE
8
BLACK
6
CONTINUOUS
10
5.6025669291338582
20
-3.7197913385826773
11
5.6033161417322832
21
-3.7160247637795276
0
LINE
8
BLACK
6
CONTINUOUS
10
5.6033161417322832
20
-3.7160247637795276
11
5.605449724409449
21
-3.7128316141732283
0
LINE
8
BLACK
6
CONTINUOUS
10
5.605449724409449
20
-3.7128316141732283
11
5.6086428740157483
21
-3.7106980314960629
0
LINE
8
BLACK
6
CONTINUOUS
10
5.6086428740157483
20
-3.7106980314960629
11
5.6124094488188971
21
-3.7099488188976375
0
LINE
8
BLACK
6
CONTINUOUS
10
5.6124094488188971
20
-3.7099488188976375
11
5.6635905511811027
21
-3.7099488188976375
0
LINE
8
BLACK
6
CONTINUOUS
10
5.6635905511811027
20
-3.7099488188976375
11
5.6673571259842515
21
-3.7106980314960629
0
LINE
8
BLACK
6
CONTINUOUS
10
5.3306220472440939
20
-3.7558740157480313
11
5.283377952755905
21
-3.7558740157480313
0
LINE
8
BLACK
6
CONTINUOUS
10
5.283377952755905
20
-3.7558740157480313
11
5.283377952755905
21
-3.7401259842519683
0
LINE
8
BLACK
6
CONTINUOUS
10
5.283377952755905
20
-3.7401259842519683
11
5.3306220472440939
21
-3.7401259842519683
0
LINE
8
BLACK
6
CONTINUOUS
10
5.3306220472440939
20
-3.7401259842519683
11
5.3306220472440939
21
-3.7558740157480313
0
LINE
8
BLACK
6
CONTINUOUS
10
5.5353464566929134
20
-3.7558740157480313
11
5.4881023622047245
21
-3.7558740157480313
0
LINE
8
BLACK
6
CONTINUOUS
10
5.4881023622047245
20
-3.7558740157480313
11
5.4881023622047245
21
-3.7401259842519683
0
LINE
8
BLACK
6
CONTINUOUS
10
5.4881023622047245
20
-3.7401259842519683
11
5.5353464566929134
21
-3.7401259842519683
0
LINE
8
BLACK
6
CONTINUOUS
10
5.5353464566929134
20
-3.7401259842519683
11
5.5353464566929134
21
-3.7558740157480313
0
LINE
8
BLACK
6
CONTINUOUS
10
5.3306220472440939
20
-3.7308740157480313
11
5.283377952755905
21
-3.7308740157480313
0
LINE
8
BLACK
6
CONTINUOUS
10
5.283377952755905
20
-3.7308740157480313
11
5.283377952755905
21
-3.7151259842519684
0
LINE
8
BLACK
6
CONTINUOUS
10
5.283377952755905
20
-3.7151259842519684
11
5.3306220472440939
21
-3.7151259842519684
0
LINE
8
BLACK
6
CONTINUOUS
10
5.3306220472440939
20
-3.7151259842519684
11
5.3306220472440939
21
-3.7308740157480313
0
LINE
8
BLACK
6
CONTINUOUS
10
5.5353464566929134
20
-3.7308740157480313
11
5.4881023622047245
21
-3.7308740157480313
0
LINE
8
BLACK
6
CONTINUOUS
10
5.4881023622047245
20
-3.7308740157480313
11
5.4881023622047245
21
-3.7151259842519684
0
LINE
8
BLACK
6
CONTINUOUS
10
5.4881023622047245
20
-3.7151259842519684
11
5.5353464566929134
21
-3.7151259842519684
0
LINE
8
BLACK
6
CONTINUOUS
10
5.5353464566929134
20
-3.7151259842519684
11
5.5353464566929134
21
-3.7308740157480313
0
LINE
8
BLACK
6
CONTINUOUS
10
5.3306220472440939
20
-3.7058740157480314
11
5.283377952755905
21
-3.7058740157480314
0
LINE
8
BLACK
6
CONTINUOUS
10
5.283377952755905
20
-3.7058740157480314
11
5.283377952755905
21
-3.6901259842519685
0
LINE
8
BLACK
6
CONTINUOUS
10
5.283377952755905
20
-3.6901259842519685
11
5.3306220472440939
21
-3.6901259842519685
0
LINE
8
BLACK
6
CONTINUOUS
10
5.3306220472440939
20
-3.6901259842519685
11
5.3306220472440939
21
-3.7058740157480314
0
LINE
8
BLACK
6
CONTINUOUS
10
5.5353464566929134
20
-3.7058740157480314
11
5.4881023622047245
21
-3.7058740157480314
0
LINE
8
BLACK
6
CONTINUOUS
10
5.4881023622047245
20
-3.7058740157480314
11
5.4881023622047245
21
-3.6901259842519685
0
LINE
8
BLACK
6
CONTINUOUS
10
5.4881023622047245
20
-3.6901259842519685
11
5.5353464566929134
21
-3.6901259842519685
0
LINE
8
BLACK
6
CONTINUOUS
10
5.5353464566929134
20
-3.6901259842519685
11
5.5353464566929134
21
-3.7058740157480314
0
LINE
8
BLACK
6
CONTINUOUS
10
4.8237402755905512
20
-3.6766385039370078
11
4.8256561417322832
21
-3.6779186614173227
0
LINE
8
BLACK
6
CONTINUOUS
10
4.8256561417322832
20
-3.6779186614173227
11
4.8269362992125986
21
-3.6798345275590552
0
LINE
8
BLACK
6
CONTINUOUS
10
4.8269362992125986
20
-3.6798345275590552
11
4.8273858267716534
21
-3.6820944881889761
0
LINE
8
BLACK
6
CONTINUOUS
10
4.8273858267716534
20
-3.6820944881889761
11
4.8273858267716534
21
-3.6939055118110233
0
LINE
8
BLACK
6
CONTINUOUS
10
4.8273858267716534
20
-3.6939055118110233
11
4.8269362992125986
21
-3.6961654724409447
0
LINE
8
BLACK
6
CONTINUOUS
10
4.8269362992125986
20
-3.6961654724409447
11
4.8256561417322832
21
-3.6980813385826772
0
LINE
8
BLACK
6
CONTINUOUS
10
4.8256561417322832
20
-3.6980813385826772
11
4.8237402755905512
21
-3.6993614960629921
0
LINE
8
BLACK
6
CONTINUOUS
10
4.8237402755905512
20
-3.6993614960629921
11
4.8214803149606302
21
-3.6998110236220469
0
LINE
8
BLACK
6
CONTINUOUS
10
4.8214803149606302
20
-3.6998110236220469
11
4.7565196850393701
21
-3.6998110236220469
0
LINE
8
BLACK
6
CONTINUOUS
10
4.7565196850393701
20
-3.6998110236220469
11
4.7542597244094491
21
-3.6993614960629921
0
LINE
8
BLACK
6
CONTINUOUS
10
4.7542597244094491
20
-3.6993614960629921
11
4.7523438582677162
21
-3.6980813385826772
0
LINE
8
BLACK
6
CONTINUOUS
10
4.7523438582677162
20
-3.6980813385826772
11
4.7510637007874017
21
-3.6961654724409447
0
LINE
8
BLACK
6
CONTINUOUS
10
4.7510637007874017
20
-3.6961654724409447
11
4.750614173228346
21
-3.6939055118110233
0
LINE
8
BLACK
6
CONTINUOUS
10
4.750614173228346
20
-3.6939055118110233
11
4.750614173228346
21
-3.6820944881889761
0
LINE
8
BLACK
6
CONTINUOUS
10
4.750614173228346
20
-3.6820944881889761
11
4.7510637007874017
21
-3.6798345275590552
0
LINE
8
BLACK
6
CONTINUOUS
10
4.7510637007874017
20
-3.6798345275590552
11
4.7523438582677162
21
-3.6779186614173227
0
LINE
8
BLACK
6
CONTINUOUS
10
4.7523438582677162
20
-3.6779186614173227
11
4.7542597244094491
21
-3.6766385039370078
0
LINE
8
BLACK
6
CONTINUOUS
10
4.7542597244094491
20
-3.6766385039370078
11
4.7565196850393701
21
-3.6761889763779525
0
LINE
8
BLACK
6
CONTINUOUS
10
4.7565196850393701
20
-3.6761889763779525
11
4.8214803149606302
21
-3.6761889763779525
0
LINE
8
BLACK
6
CONTINUOUS
10
4.8214803149606302
20
-3.6761889763779525
11
4.8237402755905512
21
-3.6766385039370078
0
LINE
8
BLACK
6
CONTINUOUS
10
5.0186221653543308
20
-3.6766385039370078
11
5.0205380314960628
21
-3.6779186614173227
0
LINE
8
BLACK
6
CONTINUOUS
10
5.0205380314960628
20
-3.6779186614173227
11
5.0218181889763782
21
-3.6798345275590552
0
LINE
8
BLACK
6
CONTINUOUS
10
5.0218181889763782
20
-3.6798345275590552
11
5.022267716535433
21
-3.6820944881889761
0
LINE
8
BLACK
6
CONTINUOUS
10
5.022267716535433
20
-3.6820944881889761
11
5.022267716535433
21
-3.6939055118110233
0
LINE
8
BLACK
6
CONTINUOUS
10
5.022267716535433
20
-3.6939055118110233
11
5.0218181889763782
21
-3.6961654724409447
0
LINE
8
BLACK
6
CONTINUOUS
10
5.0218181889763782
20
-3.6961654724409447
11
5.0205380314960628
21
-3.6980813385826772
0
LINE
8
BLACK
6
CONTINUOUS
10
5.0205380314960628
20
-3.6980813385826772
11
5.0186221653543308
21
-3.6993614960629921
0
LINE
8
BLACK
6
CONTINUOUS
10
5.0186221653543308
20
-3.6993614960629921
11
5.016362204724409
21
-3.6998110236220469
0
LINE
8
BLACK
6
CONTINUOUS
10
5.016362204724409
20
-3.6998110236220469
11
4.9514015748031497
21
-3.6998110236220469
0
LINE
8
BLACK
6
CONTINUOUS
10
4.9514015748031497
20
-3.6998110236220469
11
4.9491416141732278
21
-3.6993614960629921
0
LINE
8
BLACK
6
CONTINUOUS
10
4.9491416141732278
20
-3.6993614960629921
11
4.9472257480314958
21
-3.6980813385826772
0
LINE
8
BLACK
6
CONTINUOUS
10
4.9472257480314958
20
-3.6980813385826772
11
4.9459455905511813
21
-3.6961654724409447
0
LINE
8
BLACK
6
CONTINUOUS
10
4.9459455905511813
20
-3.6961654724409447
11
4.9454960629921256
21
-3.6939055118110233
0
LINE
8
BLACK
6
CONTINUOUS
10
4.9454960629921256
20
-3.6939055118110233
11
4.9454960629921256
21
-3.6820944881889761
0
LINE
8
BLACK
6
CONTINUOUS
10
4.9454960629921256
20
-3.6820944881889761
11
4.9459455905511813
21
-3.6798345275590552
0
LINE
8
BLACK
6
CONTINUOUS
10
4.9459455905511813
20
-3.6798345275590552
11
4.9472257480314958
21
-3.6779186614173227
0
LINE
8
BLACK
6
CONTINUOUS
10
4.9472257480314958
20
-3.6779186614173227
11
4.9491416141732278
21
-3.6766385039370078
0
LINE
8
BLACK
6
CONTINUOUS
10
4.9491416141732278
20
-3.6766385039370078
11
4.9514015748031497
21
-3.6761889763779525
0
LINE
8
BLACK
6
CONTINUOUS
10
4.9514015748031497
20
-3.6761889763779525
11
5.016362204724409
21
-3.6761889763779525
0
LINE
8
BLACK
6
CONTINUOUS
10
5.016362204724409
20
-3.6761889763779525
11
5.0186221653543308
21
-3.6766385039370078
0
LINE
8
BLACK
6
CONTINUOUS
10
5.3306220472440939
20
-3.6808740157480315
11
5.283377952755905
21
-3.6808740157480315
0
LINE
8
BLACK
6
CONTINUOUS
10
5.283377952755905
20
-3.6808740157480315
11
5.283377952755905
21
-3.6651259842519686
0
LINE
8
BLACK
6
CONTINUOUS
10
5.283377952755905
20
-3.6651259842519686
11
5.3306220472440939
21
-3.6651259842519686
0
LINE
8
BLACK
6
CONTINUOUS
10
5.3306220472440939
20
-3.6651259842519686
11
5.3306220472440939
21
-3.6808740157480315
0
LINE
8
BLACK
6
CONTINUOUS
10
5.5353464566929134
20
-3.6808740157480315
11
5.4881023622047245
21
-3.6808740157480315
0
LINE
8
BLACK
6
CONTINUOUS
10
5.4881023622047245
20
-3.6808740157480315
11
5.4881023622047245
21
-3.6651259842519686
0
LINE
8
BLACK
6
CONTINUOUS
10
5.4881023622047245
20
-3.6651259842519686
11
5.5353464566929134
21
-3.6651259842519686
0
LINE
8
BLACK
6
CONTINUOUS
10
5.5353464566929134
20
-3.6651259842519686
11
5.5353464566929134
21
-3.6808740157480315
0
LINE
8
BLACK
6
CONTINUOUS
10
5.3306220472440939
20
-3.6558740157480316
11
5.283377952755905
21
-3.6558740157480316
0
LINE
8
BLACK
6
CONTINUOUS
10
5.283377952755905
20
-3.6558740157480316
11
5.283377952755905
21
-3.6401259842519682
0
LINE
8
BLACK
6
CONTINUOUS
10
5.283377952755905
20
-3.6401259842519682
11
5.3306220472440939
21
-3.6401259842519682
0
LINE
8
BLACK
6
CONTINUOUS
10
5.3306220472440939
20
-3.6401259842519682
11
5.3306220472440939
21
-3.6558740157480316
0
LINE
8
BLACK
6
CONTINUOUS
10
5.5353464566929134
20
-3.6558740157480316
11
5.4881023622047245
21
-3.6558740157480316
0
LINE
8
BLACK
6
CONTINUOUS
10
5.4881023622047245
20
-3.6558740157480316
11
5.4881023622047245
21
-3.6401259842519682
0
LINE
8
BLACK
6
CONTINUOUS
10
5.4881023622047245
20
-3.6401259842519682
11
5.5353464566929134
21
-3.6401259842519682
0
LINE
8
BLACK
6
CONTINUOUS
10
5.5353464566929134
20
-3.6401259842519682
11
5.5353464566929134
21
-3.6558740157480316
0
LINE
8
BLACK
6
CONTINUOUS
10
4.8237402755905512
20
-3.6266385039370079
11
4.8256561417322832
21
-3.6279186614173229
0
LINE
8
BLACK
6
CONTINUOUS
10
4.8256561417322832
20
-3.6279186614173229
11
4.8269362992125986
21
-3.6298345275590549
0
LINE
8
BLACK
6
CONTINUOUS
10
4.8269362992125986
20
-3.6298345275590549
11
4.8273858267716534
21
-3.6320944881889763
0
LINE
8
BLACK
6
CONTINUOUS
10
4.8273858267716534
20
-3.6320944881889763
11
4.8273858267716534
21
-3.6439055118110235
0
LINE
8
BLACK
6
CONTINUOUS
10
4.8273858267716534
20
-3.6439055118110235
11
4.8269362992125986
21
-3.6461654724409449
0
LINE
8
BLACK
6
CONTINUOUS
10
4.8269362992125986
20
-3.6461654724409449
11
4.8256561417322832
21
-3.6480813385826769
0
LINE
8
BLACK
6
CONTINUOUS
10
4.8256561417322832
20
-3.6480813385826769
11
4.8237402755905512
21
-3.6493614960629919
0
LINE
8
BLACK
6
CONTINUOUS
10
4.8237402755905512
20
-3.6493614960629919
11
4.8214803149606302
21
-3.6498110236220471
0
LINE
8
BLACK
6
CONTINUOUS
10
4.8214803149606302
20
-3.6498110236220471
11
4.7565196850393701
21
-3.6498110236220471
0
LINE
8
BLACK
6
CONTINUOUS
10
4.7565196850393701
20
-3.6498110236220471
11
4.7542597244094491
21
-3.6493614960629919
0
LINE
8
BLACK
6
CONTINUOUS
10
4.7542597244094491
20
-3.6493614960629919
11
4.7523438582677162
21
-3.6480813385826769
0
LINE
8
BLACK
6
CONTINUOUS
10
4.7523438582677162
20
-3.6480813385826769
11
4.7510637007874017
21
-3.6461654724409449
0
LINE
8
BLACK
6
CONTINUOUS
10
4.7510637007874017
20
-3.6461654724409449
11
4.750614173228346
21
-3.6439055118110235
0
LINE
8
BLACK
6
CONTINUOUS
10
4.750614173228346
20
-3.6439055118110235
11
4.750614173228346
21
-3.6320944881889763
0
LINE
8
BLACK
6
CONTINUOUS
10
4.750614173228346
20
-3.6320944881889763
11
4.7510637007874017
21
-3.6298345275590549
0
LINE
8
BLACK
6
CONTINUOUS
10
4.7510637007874017
20
-3.6298345275590549
11
4.7523438582677162
21
-3.6279186614173229
0
LINE
8
BLACK
6
CONTINUOUS
10
4.7523438582677162
20
-3.6279186614173229
11
4.7542597244094491
21
-3.6266385039370079
0
LINE
8
BLACK
6
CONTINUOUS
10
4.7542597244094491
20
-3.6266385039370079
11
4.7565196850393701
21
-3.6261889763779527
0
LINE
8
BLACK
6
CONTINUOUS
10
4.7565196850393701
20
-3.6261889763779527
11
4.8214803149606302
21
-3.6261889763779527
0
LINE
8
BLACK
6
CONTINUOUS
10
4.8214803149606302
20
-3.6261889763779527
11
4.8237402755905512
21
-3.6266385039370079
0
LINE
8
BLACK
6
CONTINUOUS
10
5.0186221653543308
20
-3.6266385039370079
11
5.0205380314960628
21
-3.6279186614173229
0
LINE
8
BLACK
6
CONTINUOUS
10
5.0205380314960628
20
-3.6279186614173229
11
5.0218181889763782
21
-3.6298345275590549
0
LINE
8
BLACK
6
CONTINUOUS
10
5.0218181889763782
20
-3.6298345275590549
11
5.022267716535433
21
-3.6320944881889763
0
LINE
8
BLACK
6
CONTINUOUS
10
5.022267716535433
20
-3.6320944881889763
11
5.022267716535433
21
-3.6439055118110235
0
LINE
8
BLACK
6
CONTINUOUS
10
5.022267716535433
20
-3.6439055118110235
11
5.0218181889763782
21
-3.6461654724409449
0
LINE
8
BLACK
6
CONTINUOUS
10
5.0218181889763782
20
-3.6461654724409449
11
5.0205380314960628
21
-3.6480813385826769
0
LINE
8
BLACK
6
CONTINUOUS
10
5.0205380314960628
20
-3.6480813385826769
11
5.0186221653543308
21
-3.6493614960629919
0
LINE
8
BLACK
6
CONTINUOUS
10
5.0186221653543308
20
-3.6493614960629919
11
5.016362204724409
21
-3.6498110236220471
0
LINE
8
BLACK
6
CONTINUOUS
10
5.016362204724409
20
-3.6498110236220471
11
4.9514015748031497
21
-3.6498110236220471
0
LINE
8
BLACK
6
CONTINUOUS
10
4.9514015748031497
20
-3.6498110236220471
11
4.9491416141732278
21
-3.6493614960629919
0
LINE
8
BLACK
6
CONTINUOUS
10
4.9491416141732278
20
-3.6493614960629919
11
4.9472257480314958
21
-3.6480813385826769
0
LINE
8
BLACK
6
CONTINUOUS
10
4.9472257480314958
20
-3.6480813385826769
11
4.9459455905511813
21
-3.6461654724409449
0
LINE
8
BLACK
6
CONTINUOUS
10
4.9459455905511813
20
-3.6461654724409449
11
4.9454960629921256
21
-3.6439055118110235
0
LINE
8
BLACK
6
CONTINUOUS
10
4.9454960629921256
20
-3.6439055118110235
11
4.9454960629921256
21
-3.6320944881889763
0
LINE
8
BLACK
6
CONTINUOUS
10
4.9454960629921256
20
-3.6320944881889763
11
4.9459455905511813
21
-3.6298345275590549
0
LINE
8
BLACK
6
CONTINUOUS
10
4.9459455905511813
20
-3.6298345275590549
11
4.9472257480314958
21
-3.6279186614173229
0
LINE
8
BLACK
6
CONTINUOUS
10
4.9472257480314958
20
-3.6279186614173229
11
4.9491416141732278
21
-3.6266385039370079
0
LINE
8
BLACK
6
CONTINUOUS
10
4.9491416141732278
20
-3.6266385039370079
11
4.9514015748031497
21
-3.6261889763779527
0
LINE
8
BLACK
6
CONTINUOUS
10
4.9514015748031497
20
-3.6261889763779527
11
5.016362204724409
21
-3.6261889763779527
0
LINE
8
BLACK
6
CONTINUOUS
10
5.016362204724409
20
-3.6261889763779527
11
5.0186221653543308
21
-3.6266385039370079
0
LINE
8
BLACK
6
CONTINUOUS
10
5.6673571259842515
20
-3.5876665354330708
11
5.6705502755905508
21
-3.5898001181102361
0
LINE
8
BLACK
6
CONTINUOUS
10
5.6705502755905508
20
-3.5898001181102361
11
5.6726838582677166
21
-3.5929932677165355
0
LINE
8
BLACK
6
CONTINUOUS
10
5.6726838582677166
20
-3.5929932677165355
11
5.6734330708661416
21
-3.5967598425196852
0
LINE
8
BLACK
6
CONTINUOUS
10
5.6734330708661416
20
-3.5967598425196852
11
5.6734330708661416
21
-3.6292401574803148
0
LINE
8
BLACK
6
CONTINUOUS
10
5.6734330708661416
20
-3.6292401574803148
11
5.6726838582677166
21
-3.6330067322834645
0
LINE
8
BLACK
6
CONTINUOUS
10
5.6726838582677166
20
-3.6330067322834645
11
5.6705502755905508
21
-3.6361998818897638
0
LINE
8
BLACK
6
CONTINUOUS
10
5.6705502755905508
20
-3.6361998818897638
11
5.6673571259842515
21
-3.6383334645669292
0
LINE
8
BLACK
6
CONTINUOUS
10
5.6673571259842515
20
-3.6383334645669292
11
5.6635905511811027
21
-3.6390826771653542
0
LINE
8
BLACK
6
CONTINUOUS
10
5.6635905511811027
20
-3.6390826771653542
11
5.6124094488188971
21
-3.6390826771653542
0
LINE
8
BLACK
6
CONTINUOUS
10
5.6124094488188971
20
-3.6390826771653542
11
5.6086428740157483
21
-3.6383334645669292
0
LINE
8
BLACK
6
CONTINUOUS
10
5.6086428740157483
20
-3.6383334645669292
11
5.605449724409449
21
-3.6361998818897638
0
LINE
8
BLACK
6
CONTINUOUS
10
5.605449724409449
20
-3.6361998818897638
11
5.6033161417322832
21
-3.6330067322834645
0
LINE
8
BLACK
6
CONTINUOUS
10
5.6033161417322832
20
-3.6330067322834645
11
5.6025669291338582
21
-3.6292401574803148
0
LINE
8
BLACK
6
CONTINUOUS
10
5.6025669291338582
20
-3.6292401574803148
11
5.6025669291338582
21
-3.5967598425196852
0
LINE
8
BLACK
6
CONTINUOUS
10
5.6025669291338582
20
-3.5967598425196852
11
5.6033161417322832
21
-3.5929932677165355
0
LINE
8
BLACK
6
CONTINUOUS
10
5.6033161417322832
20
-3.5929932677165355
11
5.605449724409449
21
-3.5898001181102361
0
LINE
8
BLACK
6
CONTINUOUS
10
5.605449724409449
20
-3.5898001181102361
11
5.6086428740157483
21
-3.5876665354330708
0
LINE
8
BLACK
6
CONTINUOUS
10
5.6086428740157483
20
-3.5876665354330708
11
5.6124094488188971
21
-3.5869173228346454
0
LINE
8
BLACK
6
CONTINUOUS
10
5.6124094488188971
20
-3.5869173228346454
11
5.6635905511811027
21
-3.5869173228346454
0
LINE
8
BLACK
6
CONTINUOUS
10
5.6635905511811027
20
-3.5869173228346454
11
5.6673571259842515
21
-3.5876665354330708
0
LINE
8
BLACK
6
CONTINUOUS
10
4.8237402755905512
20
-3.5766385039370077
11
4.8256561417322832
21
-3.5779186614173226
0
LINE
8
BLACK
6
CONTINUOUS
10
4.8256561417322832
20
-3.5779186614173226
11
4.8269362992125986
21
-3.5798345275590551
0
LINE
8
BLACK
6
CONTINUOUS
10
4.8269362992125986
20
-3.5798345275590551
11
4.8273858267716534
21
-3.5820944881889765
0
LINE
8
BLACK
6
CONTINUOUS
10
4.8273858267716534
20
-3.5820944881889765
11
4.8273858267716534
21
-3.5939055118110237
0
LINE
8
BLACK
6
CONTINUOUS
10
4.8273858267716534
20
-3.5939055118110237
11
4.8269362992125986
21
-3.5961654724409446
0
LINE
8
BLACK
6
CONTINUOUS
10
4.8269362992125986
20
-3.5961654724409446
11
4.8256561417322832
21
-3.5980813385826771
0
LINE
8
BLACK
6
CONTINUOUS
10
4.8256561417322832
20
-3.5980813385826771
11
4.8237402755905512
21
-3.599361496062992
0
LINE
8
BLACK
6
CONTINUOUS
10
4.8237402755905512
20
-3.599361496062992
11
4.8214803149606302
21
-3.5998110236220473
0
LINE
8
BLACK
6
CONTINUOUS
10
4.8214803149606302
20
-3.5998110236220473
11
4.7565196850393701
21
-3.5998110236220473
0
LINE
8
BLACK
6
CONTINUOUS
10
4.7565196850393701
20
-3.5998110236220473
11
4.7542597244094491
21
-3.599361496062992
0
LINE
8
BLACK
6
CONTINUOUS
10
4.7542597244094491
20
-3.599361496062992
11
4.7523438582677162
21
-3.5980813385826771
0
LINE
8
BLACK
6
CONTINUOUS
10
4.7523438582677162
20
-3.5980813385826771
11
4.7510637007874017
21
-3.5961654724409446
0
LINE
8
BLACK
6
CONTINUOUS
10
4.7510637007874017
20
-3.5961654724409446
11
4.750614173228346
21
-3.5939055118110237
0
LINE
8
BLACK
6
CONTINUOUS
10
4.750614173228346
20
-3.5939055118110237
11
4.750614173228346
21
-3.5820944881889765
0
LINE
8
BLACK
6
CONTINUOUS
10
4.750614173228346
20
-3.5820944881889765
11
4.7510637007874017
21
-3.5798345275590551
0
LINE
8
BLACK
6
CONTINUOUS
10
4.7510637007874017
20
-3.5798345275590551
11
4.7523438582677162
21
-3.5779186614173226
0
LINE
8
BLACK
6
CONTINUOUS
10
4.7523438582677162
20
-3.5779186614173226
11
4.7542597244094491
21
-3.5766385039370077
0
LINE
8
BLACK
6
CONTINUOUS
10
4.7542597244094491
20
-3.5766385039370077
11
4.7565196850393701
21
-3.5761889763779529
0
LINE
8
BLACK
6
CONTINUOUS
10
4.7565196850393701
20
-3.5761889763779529
11
4.8214803149606302
21
-3.5761889763779529
0
LINE
8
BLACK
6
CONTINUOUS
10
4.8214803149606302
20
-3.5761889763779529
11
4.8237402755905512
21
-3.5766385039370077
0
LINE
8
BLACK
6
CONTINUOUS
10
5.0186221653543308
20
-3.5766385039370077
11
5.0205380314960628
21
-3.5779186614173226
0
LINE
8
BLACK
6
CONTINUOUS
10
5.0205380314960628
20
-3.5779186614173226
11
5.0218181889763782
21
-3.5798345275590551
0
LINE
8
BLACK
6
CONTINUOUS
10
5.0218181889763782
20
-3.5798345275590551
11
5.022267716535433
21
-3.5820944881889765
0
LINE
8
BLACK
6
CONTINUOUS
10
5.022267716535433
20
-3.5820944881889765
11
5.022267716535433
21
-3.5939055118110237
0
LINE
8
BLACK
6
CONTINUOUS
10
5.022267716535433
20
-3.5939055118110237
11
5.0218181889763782
21
-3.5961654724409446
0
LINE
8
BLACK
6
CONTINUOUS
10
5.0218181889763782
20
-3.5961654724409446
11
5.0205380314960628
21
-3.5980813385826771
0
LINE
8
BLACK
6
CONTINUOUS
10
5.0205380314960628
20
-3.5980813385826771
11
5.0186221653543308
21
-3.599361496062992
0
LINE
8
BLACK
6
CONTINUOUS
10
5.0186221653543308
20
-3.599361496062992
11
5.016362204724409
21
-3.5998110236220473
0
LINE
8
BLACK
6
CONTINUOUS
10
5.016362204724409
20
-3.5998110236220473
11
4.9514015748031497
21
-3.5998110236220473
0
LINE
8
BLACK
6
CONTINUOUS
10
4.9514015748031497
20
-3.5998110236220473
11
4.9491416141732278
21
-3.599361496062992
0
LINE
8
BLACK
6
CONTINUOUS
10
4.9491416141732278
20
-3.599361496062992
11
4.9472257480314958
21
-3.5980813385826771
0
LINE
8
BLACK
6
CONTINUOUS
10
4.9472257480314958
20
-3.5980813385826771
11
4.9459455905511813
21
-3.5961654724409446
0
LINE
8
BLACK
6
CONTINUOUS
10
4.9459455905511813
20
-3.5961654724409446
11
4.9454960629921256
21
-3.5939055118110237
0
LINE
8
BLACK
6
CONTINUOUS
10
4.9454960629921256
20
-3.5939055118110237
11
4.9454960629921256
21
-3.5820944881889765
0
LINE
8
BLACK
6
CONTINUOUS
10
4.9454960629921256
20
-3.5820944881889765
11
4.9459455905511813
21
-3.5798345275590551
0
LINE
8
BLACK
6
CONTINUOUS
10
4.9459455905511813
20
-3.5798345275590551
11
4.9472257480314958
21
-3.5779186614173226
0
LINE
8
BLACK
6
CONTINUOUS
10
4.9472257480314958
20
-3.5779186614173226
11
4.9491416141732278
21
-3.5766385039370077
0
LINE
8
BLACK
6
CONTINUOUS
10
4.9491416141732278
20
-3.5766385039370077
11
4.9514015748031497
21
-3.5761889763779529
0
LINE
8
BLACK
6
CONTINUOUS
10
4.9514015748031497
20
-3.5761889763779529
11
5.016362204724409
21
-3.5761889763779529
0
LINE
8
BLACK
6
CONTINUOUS
10
5.016362204724409
20
-3.5761889763779529
11
5.0186221653543308
21
-3.5766385039370077
0
LINE
8
BLACK
6
CONTINUOUS
10
4.8237402755905512
20
-3.5266385039370078
11
4.8256561417322832
21
-3.5279186614173228
0
LINE
8
BLACK
6
CONTINUOUS
10
4.8256561417322832
20
-3.5279186614173228
11
4.8269362992125986
21
-3.5298345275590552
0
LINE
8
BLACK
6
CONTINUOUS
10
4.8269362992125986
20
-3.5298345275590552
11
4.8273858267716534
21
-3.5320944881889762
0
LINE
8
BLACK
6
CONTINUOUS
10
4.8273858267716534
20
-3.5320944881889762
11
4.8273858267716534
21
-3.5439055118110234
0
LINE
8
BLACK
6
CONTINUOUS
10
4.8273858267716534
20
-3.5439055118110234
11
4.8269362992125986
21
-3.5461654724409448
0
LINE
8
BLACK
6
CONTINUOUS
10
4.8269362992125986
20
-3.5461654724409448
11
4.8256561417322832
21
-3.5480813385826773
0
LINE
8
BLACK
6
CONTINUOUS
10
4.8256561417322832
20
-3.5480813385826773
11
4.8237402755905512
21
-3.5493614960629922
0
LINE
8
BLACK
6
CONTINUOUS
10
4.8237402755905512
20
-3.5493614960629922
11
4.8214803149606302
21
-3.549811023622047
0
LINE
8
BLACK
6
CONTINUOUS
10
4.8214803149606302
20
-3.549811023622047
11
4.7565196850393701
21
-3.549811023622047
0
LINE
8
BLACK
6
CONTINUOUS
10
4.7565196850393701
20
-3.549811023622047
11
4.7542597244094491
21
-3.5493614960629922
0
LINE
8
BLACK
6
CONTINUOUS
10
4.7542597244094491
20
-3.5493614960629922
11
4.7523438582677162
21
-3.5480813385826773
0
LINE
8
BLACK
6
CONTINUOUS
10
4.7523438582677162
20
-3.5480813385826773
11
4.7510637007874017
21
-3.5461654724409448
0
LINE
8
BLACK
6
CONTINUOUS
10
4.7510637007874017
20
-3.5461654724409448
11
4.750614173228346
21
-3.5439055118110234
0
LINE
8
BLACK
6
CONTINUOUS
10
4.750614173228346
20
-3.5439055118110234
11
4.750614173228346
21
-3.5320944881889762
0
LINE
8
BLACK
6
CONTINUOUS
10
4.750614173228346
20
-3.5320944881889762
11
4.7510637007874017
21
-3.5298345275590552
0
LINE
8
BLACK
6
CONTINUOUS
10
4.7510637007874017
20
-3.5298345275590552
11
4.7523438582677162
21
-3.5279186614173228
0
LINE
8
BLACK
6
CONTINUOUS
10
4.7523438582677162
20
-3.5279186614173228
11
4.7542597244094491
21
-3.5266385039370078
0
LINE
8
BLACK
6
CONTINUOUS
10
4.7542597244094491
20
-3.5266385039370078
11
4.7565196850393701
21
-3.5261889763779526
0
LINE
8
BLACK
6
CONTINUOUS
10
4.7565196850393701
20
-3.5261889763779526
11
4.8214803149606302
21
-3.5261889763779526
0
LINE
8
BLACK
6
CONTINUOUS
10
4.8214803149606302
20
-3.5261889763779526
11
4.8237402755905512
21
-3.5266385039370078
0
LINE
8
BLACK
6
CONTINUOUS
10
5.0186221653543308
20
-3.5266385039370078
11
5.0205380314960628
21
-3.5279186614173228
0
LINE
8
BLACK
6
CONTINUOUS
10
5.0205380314960628
20
-3.5279186614173228
11
5.0218181889763782
21
-3.5298345275590552
0
LINE
8
BLACK
6
CONTINUOUS
10
5.0218181889763782
20
-3.5298345275590552
11
5.022267716535433
21
-3.5320944881889762
0
LINE
8
BLACK
6
CONTINUOUS
10
5.022267716535433
20
-3.5320944881889762
11
5.022267716535433
21
-3.5439055118110234
0
LINE
8
BLACK
6
CONTINUOUS
10
5.022267716535433
20
-3.5439055118110234
11
5.0218181889763782
21
-3.5461654724409448
0
LINE
8
BLACK
6
CONTINUOUS
10
5.0218181889763782
20
-3.5461654724409448
11
5.0205380314960628
21
-3.5480813385826773
0
LINE
8
BLACK
6
CONTINUOUS
10
5.0205380314960628
20
-3.5480813385826773
11
5.0186221653543308
21
-3.5493614960629922
0
LINE
8
BLACK
6
CONTINUOUS
10
5.0186221653543308
20
-3.5493614960629922
11
5.016362204724409
21
-3.549811023622047
0
LINE
8
BLACK
6
CONTINUOUS
10
5.016362204724409
20
-3.549811023622047
11
4.9514015748031497
21
-3.549811023622047
0
LINE
8
BLACK
6
CONTINUOUS
10
4.9514015748031497
20
-3.549811023622047
11
4.9491416141732278
21
-3.5493614960629922
0
LINE
8
BLACK
6
CONTINUOUS
10
4.9491416141732278
20
-3.5493614960629922
11
4.9472257480314958
21
-3.5480813385826773
0
LINE
8
BLACK
6
CONTINUOUS
10
4.9472257480314958
20
-3.5480813385826773
11
4.9459455905511813
21
-3.5461654724409448
0
LINE
8
BLACK
6
CONTINUOUS
10
4.9459455905511813
20
-3.5461654724409448
11
4.9454960629921256
21
-3.5439055118110234
0
LINE
8
BLACK
6
CONTINUOUS
10
4.9454960629921256
20
-3.5439055118110234
11
4.9454960629921256
21
-3.5320944881889762
0
LINE
8
BLACK
6
CONTINUOUS
10
4.9454960629921256
20
-3.5320944881889762
11
4.9459455905511813
21
-3.5298345275590552
0
LINE
8
BLACK
6
CONTINUOUS
10
4.9459455905511813
20
-3.5298345275590552
11
4.9472257480314958
21
-3.5279186614173228
0
LINE
8
BLACK
6
CONTINUOUS
10
4.9472257480314958
20
-3.5279186614173228
11
4.9491416141732278
21
-3.5266385039370078
0
LINE
8
BLACK
6
CONTINUOUS
10
4.9491416141732278
20
-3.5266385039370078
11
4.9514015748031497
21
-3.5261889763779526
0
LINE
8
BLACK
6
CONTINUOUS
10
4.9514015748031497
20
-3.5261889763779526
11
5.016362204724409
21
-3.5261889763779526
0
LINE
8
BLACK
6
CONTINUOUS
10
5.016362204724409
20
-3.5261889763779526
11
5.0186221653543308
21
-3.5266385039370078
0
LINE
8
BLACK
6
CONTINUOUS
10
4.7983571259842517
20
-3.4156665354330706
11
4.801550275590551
21
-3.417800118110236
0
LINE
8
BLACK
6
CONTINUOUS
10
4.801550275590551
20
-3.417800118110236
11
4.8036838582677168
21
-3.4209932677165353
0
LINE
8
BLACK
6
CONTINUOUS
10
4.8036838582677168
20
-3.4209932677165353
11
4.8044330708661418
21
-3.424759842519685
0
LINE
8
BLACK
6
CONTINUOUS
10
4.8044330708661418
20
-3.424759842519685
11
4.8044330708661418
21
-3.4572401574803151
0
LINE
8
BLACK
6
CONTINUOUS
10
4.8044330708661418
20
-3.4572401574803151
11
4.8036838582677168
21
-3.4610067322834643
0
LINE
8
BLACK
6
CONTINUOUS
10
4.8036838582677168
20
-3.4610067322834643
11
4.801550275590551
21
-3.4641998818897637
0
LINE
8
BLACK
6
CONTINUOUS
10
4.801550275590551
20
-3.4641998818897637
11
4.7983571259842517
21
-3.466333464566929
0
LINE
8
BLACK
6
CONTINUOUS
10
4.7983571259842517
20
-3.466333464566929
11
4.794590551181102
21
-3.4670826771653545
0
LINE
8
BLACK
6
CONTINUOUS
10
4.794590551181102
20
-3.4670826771653545
11
4.7434094488188974
21
-3.4670826771653545
0
LINE
8
BLACK
6
CONTINUOUS
10
4.7434094488188974
20
-3.4670826771653545
11
4.7396428740157477
21
-3.466333464566929
0
LINE
8
BLACK
6
CONTINUOUS
10
4.7396428740157477
20
-3.466333464566929
11
4.7364497244094483
21
-3.4641998818897637
0
LINE
8
BLACK
6
CONTINUOUS
10
4.7364497244094483
20
-3.4641998818897637
11
4.7343161417322834
21
-3.4610067322834643
0
LINE
8
BLACK
6
CONTINUOUS
10
4.7343161417322834
20
-3.4610067322834643
11
4.7335669291338585
21
-3.4572401574803151
0
LINE
8
BLACK
6
CONTINUOUS
10
4.7335669291338585
20
-3.4572401574803151
11
4.7335669291338585
21
-3.424759842519685
0
LINE
8
BLACK
6
CONTINUOUS
10
4.7335669291338585
20
-3.424759842519685
11
4.7343161417322834
21
-3.4209932677165353
0
LINE
8
BLACK
6
CONTINUOUS
10
4.7343161417322834
20
-3.4209932677165353
11
4.7364497244094483
21
-3.417800118110236
0
LINE
8
BLACK
6
CONTINUOUS
10
4.7364497244094483
20
-3.417800118110236
11
4.7396428740157477
21
-3.4156665354330706
0
LINE
8
BLACK
6
CONTINUOUS
10
4.7396428740157477
20
-3.4156665354330706
11
4.7434094488188974
21
-3.4149173228346457
0
LINE
8
BLACK
6
CONTINUOUS
10
4.7434094488188974
20
-3.4149173228346457
11
4.794590551181102
21
-3.4149173228346457
0
LINE
8
BLACK
6
CONTINUOUS
10
4.794590551181102
20
-3.4149173228346457
11
4.7983571259842517
21
-3.4156665354330706
0
LINE
8
BLACK
6
CONTINUOUS
10
5.1037402755905514
20
-3.4226385039370077
11
5.1056561417322834
21
-3.4239186614173227
0
LINE
8
BLACK
6
CONTINUOUS
10
5.1056561417322834
20
-3.4239186614173227
11
5.106936299212598
21
-3.4258345275590552
0
LINE
8
BLACK
6
CONTINUOUS
10
5.106936299212598
20
-3.4258345275590552
11
5.1073858267716536
21
-3.4280944881889761
0
LINE
8
BLACK
6
CONTINUOUS
10
5.1073858267716536
20
-3.4280944881889761
11
5.1073858267716536
21
-3.4399055118110233
0
LINE
8
BLACK
6
CONTINUOUS
10
5.1073858267716536
20
-3.4399055118110233
11
5.106936299212598
21
-3.4421654724409447
0
LINE
8
BLACK
6
CONTINUOUS
10
5.106936299212598
20
-3.4421654724409447
11
5.1056561417322834
21
-3.4440813385826772
0
LINE
8
BLACK
6
CONTINUOUS
10
5.1056561417322834
20
-3.4440813385826772
11
5.1037402755905514
21
-3.4453614960629921
0
LINE
8
BLACK
6
CONTINUOUS
10
5.1037402755905514
20
-3.4453614960629921
11
5.1014803149606296
21
-3.4458110236220474
0
LINE
8
BLACK
6
CONTINUOUS
10
5.1014803149606296
20
-3.4458110236220474
11
5.0365196850393703
21
-3.4458110236220474
0
LINE
8
BLACK
6
CONTINUOUS
10
5.0365196850393703
20
-3.4458110236220474
11
5.0342597244094485
21
-3.4453614960629921
0
LINE
8
BLACK
6
CONTINUOUS
10
5.0342597244094485
20
-3.4453614960629921
11
5.0323438582677165
21
-3.4440813385826772
0
LINE
8
BLACK
6
CONTINUOUS
10
5.0323438582677165
20
-3.4440813385826772
11
5.0310637007874011
21
-3.4421654724409447
0
LINE
8
BLACK
6
CONTINUOUS
10
5.0310637007874011
20
-3.4421654724409447
11
5.0306141732283463
21
-3.4399055118110233
0
LINE
8
BLACK
6
CONTINUOUS
10
5.0306141732283463
20
-3.4399055118110233
11
5.0306141732283463
21
-3.4280944881889761
0
LINE
8
BLACK
6
CONTINUOUS
10
5.0306141732283463
20
-3.4280944881889761
11
5.0310637007874011
21
-3.4258345275590552
0
LINE
8
BLACK
6
CONTINUOUS
10
5.0310637007874011
20
-3.4258345275590552
11
5.0323438582677165
21
-3.4239186614173227
0
LINE
8
BLACK
6
CONTINUOUS
10
5.0323438582677165
20
-3.4239186614173227
11
5.0342597244094485
21
-3.4226385039370077
0
LINE
8
BLACK
6
CONTINUOUS
10
5.0342597244094485
20
-3.4226385039370077
11
5.0365196850393703
21
-3.4221889763779525
0
LINE
8
BLACK
6
CONTINUOUS
10
5.0365196850393703
20
-3.4221889763779525
11
5.1014803149606296
21
-3.4221889763779525
0
LINE
8
BLACK
6
CONTINUOUS
10
5.1014803149606296
20
-3.4221889763779525
11
5.1037402755905514
21
-3.4226385039370077
0
LINE
8
BLACK
6
CONTINUOUS
10
5.2986221653543302
20
-3.4226385039370077
11
5.3005380314960631
21
-3.4239186614173227
0
LINE
8
BLACK
6
CONTINUOUS
10
5.3005380314960631
20
-3.4239186614173227
11
5.3018181889763776
21
-3.4258345275590552
0
LINE
8
BLACK
6
CONTINUOUS
10
5.3018181889763776
20
-3.4258345275590552
11
5.3022677165354333
21
-3.4280944881889761
0
LINE
8
BLACK
6
CONTINUOUS
10
5.3022677165354333
20
-3.4280944881889761
11
5.3022677165354333
21
-3.4399055118110233
0
LINE
8
BLACK
6
CONTINUOUS
10
5.3022677165354333
20
-3.4399055118110233
11
5.3018181889763776
21
-3.4421654724409447
0
LINE
8
BLACK
6
CONTINUOUS
10
5.3018181889763776
20
-3.4421654724409447
11
5.3005380314960631
21
-3.4440813385826772
0
LINE
8
BLACK
6
CONTINUOUS
10
5.3005380314960631
20
-3.4440813385826772
11
5.2986221653543302
21
-3.4453614960629921
0
LINE
8
BLACK
6
CONTINUOUS
10
5.2986221653543302
20
-3.4453614960629921
11
5.2963622047244092
21
-3.4458110236220474
0
LINE
8
BLACK
6
CONTINUOUS
10
5.2963622047244092
20
-3.4458110236220474
11
5.231401574803149
21
-3.4458110236220474
0
LINE
8
BLACK
6
CONTINUOUS
10
5.231401574803149
20
-3.4458110236220474
11
5.2291416141732281
21
-3.4453614960629921
0
LINE
8
BLACK
6
CONTINUOUS
10
5.2291416141732281
20
-3.4453614960629921
11
5.2272257480314961
21
-3.4440813385826772
0
LINE
8
BLACK
6
CONTINUOUS
10
5.2272257480314961
20
-3.4440813385826772
11
5.2259455905511807
21
-3.4421654724409447
0
LINE
8
BLACK
6
CONTINUOUS
10
5.2259455905511807
20
-3.4421654724409447
11
5.2254960629921259
21
-3.4399055118110233
0
LINE
8
BLACK
6
CONTINUOUS
10
5.2254960629921259
20
-3.4399055118110233
11
5.2254960629921259
21
-3.4280944881889761
0
LINE
8
BLACK
6
CONTINUOUS
10
5.2254960629921259
20
-3.4280944881889761
11
5.2259455905511807
21
-3.4258345275590552
0
LINE
8
BLACK
6
CONTINUOUS
10
5.2259455905511807
20
-3.4258345275590552
11
5.2272257480314961
21
-3.4239186614173227
0
LINE
8
BLACK
6
CONTINUOUS
10
5.2272257480314961
20
-3.4239186614173227
11
5.2291416141732281
21
-3.4226385039370077
0
LINE
8
BLACK
6
CONTINUOUS
10
5.2291416141732281
20
-3.4226385039370077
11
5.231401574803149
21
-3.4221889763779525
0
LINE
8
BLACK
6
CONTINUOUS
10
5.231401574803149
20
-3.4221889763779525
11
5.2963622047244092
21
-3.4221889763779525
0
LINE
8
BLACK
6
CONTINUOUS
10
5.2963622047244092
20
-3.4221889763779525
11
5.2986221653543302
21
-3.4226385039370077
0
LINE
8
BLACK
6
CONTINUOUS
10
5.1037402755905514
20
-3.3726385039370079
11
5.1056561417322834
21
-3.3739186614173229
0
LINE
8
BLACK
6
CONTINUOUS
10
5.1056561417322834
20
-3.3739186614173229
11
5.106936299212598
21
-3.3758345275590549
0
LINE
8
BLACK
6
CONTINUOUS
10
5.106936299212598
20
-3.3758345275590549
11
5.1073858267716536
21
-3.3780944881889763
0
LINE
8
BLACK
6
CONTINUOUS
10
5.1073858267716536
20
-3.3780944881889763
11
5.1073858267716536
21
-3.3899055118110235
0
LINE
8
BLACK
6
CONTINUOUS
10
5.1073858267716536
20
-3.3899055118110235
11
5.106936299212598
21
-3.3921654724409449
0
LINE
8
BLACK
6
CONTINUOUS
10
5.106936299212598
20
-3.3921654724409449
11
5.1056561417322834
21
-3.3940813385826769
0
LINE
8
BLACK
6
CONTINUOUS
10
5.1056561417322834
20
-3.3940813385826769
11
5.1037402755905514
21
-3.3953614960629919
0
LINE
8
BLACK
6
CONTINUOUS
10
5.1037402755905514
20
-3.3953614960629919
11
5.1014803149606296
21
-3.3958110236220471
0
LINE
8
BLACK
6
CONTINUOUS
10
5.1014803149606296
20
-3.3958110236220471
11
5.0365196850393703
21
-3.3958110236220471
0
LINE
8
BLACK
6
CONTINUOUS
10
5.0365196850393703
20
-3.3958110236220471
11
5.0342597244094485
21
-3.3953614960629919
0
LINE
8
BLACK
6
CONTINUOUS
10
5.0342597244094485
20
-3.3953614960629919
11
5.0323438582677165
21
-3.3940813385826769
0
LINE
8
BLACK
6
CONTINUOUS
10
5.0323438582677165
20
-3.3940813385826769
11
5.0310637007874011
21
-3.3921654724409449
0
LINE
8
BLACK
6
CONTINUOUS
10
5.0310637007874011
20
-3.3921654724409449
11
5.0306141732283463
21
-3.3899055118110235
0
LINE
8
BLACK
6
CONTINUOUS
10
5.0306141732283463
20
-3.3899055118110235
11
5.0306141732283463
21
-3.3780944881889763
0
LINE
8
BLACK
6
CONTINUOUS
10
5.0306141732283463
20
-3.3780944881889763
11
5.0310637007874011
21
-3.3758345275590549
0
LINE
8
BLACK
6
CONTINUOUS
10
5.0310637007874011
20
-3.3758345275590549
11
5.0323438582677165
21
-3.3739186614173229
0
LINE
8
BLACK
6
CONTINUOUS
10
5.0323438582677165
20
-3.3739186614173229
11
5.0342597244094485
21
-3.3726385039370079
0
LINE
8
BLACK
6
CONTINUOUS
10
5.0342597244094485
20
-3.3726385039370079
11
5.0365196850393703
21
-3.3721889763779527
0
LINE
8
BLACK
6
CONTINUOUS
10
5.0365196850393703
20
-3.3721889763779527
11
5.1014803149606296
21
-3.3721889763779527
0
LINE
8
BLACK
6
CONTINUOUS
10
5.1014803149606296
20
-3.3721889763779527
11
5.1037402755905514
21
-3.3726385039370079
0
LINE
8
BLACK
6
CONTINUOUS
10
5.2986221653543302
20
-3.3726385039370079
11
5.3005380314960631
21
-3.3739186614173229
0
LINE
8
BLACK
6
CONTINUOUS
10
5.3005380314960631
20
-3.3739186614173229
11
5.3018181889763776
21
-3.3758345275590549
0
LINE
8
BLACK
6
CONTINUOUS
10
5.3018181889763776
20
-3.3758345275590549
11
5.3022677165354333
21
-3.3780944881889763
0
LINE
8
BLACK
6
CONTINUOUS
10
5.3022677165354333
20
-3.3780944881889763
11
5.3022677165354333
21
-3.3899055118110235
0
LINE
8
BLACK
6
CONTINUOUS
10
5.3022677165354333
20
-3.3899055118110235
11
5.3018181889763776
21
-3.3921654724409449
0
LINE
8
BLACK
6
CONTINUOUS
10
5.3018181889763776
20
-3.3921654724409449
11
5.3005380314960631
21
-3.3940813385826769
0
LINE
8
BLACK
6
CONTINUOUS
10
5.3005380314960631
20
-3.3940813385826769
11
5.2986221653543302
21
-3.3953614960629919
0
LINE
8
BLACK
6
CONTINUOUS
10
5.2986221653543302
20
-3.3953614960629919
11
5.2963622047244092
21
-3.3958110236220471
0
LINE
8
BLACK
6
CONTINUOUS
10
5.2963622047244092
20
-3.3958110236220471
11
5.231401574803149
21
-3.3958110236220471
0
LINE
8
BLACK
6
CONTINUOUS
10
5.231401574803149
20
-3.3958110236220471
11
5.2291416141732281
21
-3.3953614960629919
0
LINE
8
BLACK
6
CONTINUOUS
10
5.2291416141732281
20
-3.3953614960629919
11
5.2272257480314961
21
-3.3940813385826769
0
LINE
8
BLACK
6
CONTINUOUS
10
5.2272257480314961
20
-3.3940813385826769
11
5.2259455905511807
21
-3.3921654724409449
0
LINE
8
BLACK
6
CONTINUOUS
10
5.2259455905511807
20
-3.3921654724409449
11
5.2254960629921259
21
-3.3899055118110235
0
LINE
8
BLACK
6
CONTINUOUS
10
5.2254960629921259
20
-3.3899055118110235
11
5.2254960629921259
21
-3.3780944881889763
0
LINE
8
BLACK
6
CONTINUOUS
10
5.2254960629921259
20
-3.3780944881889763
11
5.2259455905511807
21
-3.3758345275590549
0
LINE
8
BLACK
6
CONTINUOUS
10
5.2259455905511807
20
-3.3758345275590549
11
5.2272257480314961
21
-3.3739186614173229
0
LINE
8
BLACK
6
CONTINUOUS
10
5.2272257480314961
20
-3.3739186614173229
11
5.2291416141732281
21
-3.3726385039370079
0
LINE
8
BLACK
6
CONTINUOUS
10
5.2291416141732281
20
-3.3726385039370079
11
5.231401574803149
21
-3.3721889763779527
0
LINE
8
BLACK
6
CONTINUOUS
10
5.231401574803149
20
-3.3721889763779527
11
5.2963622047244092
21
-3.3721889763779527
0
LINE
8
BLACK
6
CONTINUOUS
10
5.2963622047244092
20
-3.3721889763779527
11
5.2986221653543302
21
-3.3726385039370079
0
LINE
8
BLACK
6
CONTINUOUS
10
5.1037402755905514
20
-3.3226385039370077
11
5.1056561417322834
21
-3.3239186614173226
0
LINE
8
BLACK
6
CONTINUOUS
10
5.1056561417322834
20
-3.3239186614173226
11
5.106936299212598
21
-3.3258345275590551
0
LINE
8
BLACK
6
CONTINUOUS
10
5.106936299212598
20
-3.3258345275590551
11
5.1073858267716536
21
-3.3280944881889765
0
LINE
8
BLACK
6
CONTINUOUS
10
5.1073858267716536
20
-3.3280944881889765
11
5.1073858267716536
21
-3.3399055118110237
0
LINE
8
BLACK
6
CONTINUOUS
10
5.1073858267716536
20
-3.3399055118110237
11
5.106936299212598
21
-3.3421654724409446
0
LINE
8
BLACK
6
CONTINUOUS
10
5.106936299212598
20
-3.3421654724409446
11
5.1056561417322834
21
-3.3440813385826771
0
LINE
8
BLACK
6
CONTINUOUS
10
5.1056561417322834
20
-3.3440813385826771
11
5.1037402755905514
21
-3.345361496062992
0
LINE
8
BLACK
6
CONTINUOUS
10
5.1037402755905514
20
-3.345361496062992
11
5.1014803149606296
21
-3.3458110236220473
0
LINE
8
BLACK
6
CONTINUOUS
10
5.1014803149606296
20
-3.3458110236220473
11
5.0365196850393703
21
-3.3458110236220473
0
LINE
8
BLACK
6
CONTINUOUS
10
5.0365196850393703
20
-3.3458110236220473
11
5.0342597244094485
21
-3.345361496062992
0
LINE
8
BLACK
6
CONTINUOUS
10
5.0342597244094485
20
-3.345361496062992
11
5.0323438582677165
21
-3.3440813385826771
0
LINE
8
BLACK
6
CONTINUOUS
10
5.0323438582677165
20
-3.3440813385826771
11
5.0310637007874011
21
-3.3421654724409446
0
LINE
8
BLACK
6
CONTINUOUS
10
5.0310637007874011
20
-3.3421654724409446
11
5.0306141732283463
21
-3.3399055118110237
0
LINE
8
BLACK
6
CONTINUOUS
10
5.0306141732283463
20
-3.3399055118110237
11
5.0306141732283463
21
-3.3280944881889765
0
LINE
8
BLACK
6
CONTINUOUS
10
5.0306141732283463
20
-3.3280944881889765
11
5.0310637007874011
21
-3.3258345275590551
0
LINE
8
BLACK
6
CONTINUOUS
10
5.0310637007874011
20
-3.3258345275590551
11
5.0323438582677165
21
-3.3239186614173226
0
LINE
8
BLACK
6
CONTINUOUS
10
5.0323438582677165
20
-3.3239186614173226
11
5.0342597244094485
21
-3.3226385039370077
0
LINE
8
BLACK
6
CONTINUOUS
10
5.0342597244094485
20
-3.3226385039370077
11
5.0365196850393703
21
-3.3221889763779529
0
LINE
8
BLACK
6
CONTINUOUS
10
5.0365196850393703
20
-3.3221889763779529
11
5.1014803149606296
21
-3.3221889763779529
0
LINE
8
BLACK
6
CONTINUOUS
10
5.1014803149606296
20
-3.3221889763779529
11
5.1037402755905514
21
-3.3226385039370077
0
LINE
8
BLACK
6
CONTINUOUS
10
5.2986221653543302
20
-3.3226385039370077
11
5.3005380314960631
21
-3.3239186614173226
0
LINE
8
BLACK
6
CONTINUOUS
10
5.3005380314960631
20
-3.3239186614173226
11
5.3018181889763776
21
-3.3258345275590551
0
LINE
8
BLACK
6
CONTINUOUS
10
5.3018181889763776
20
-3.3258345275590551
11
5.3022677165354333
21
-3.3280944881889765
0
LINE
8
BLACK
6
CONTINUOUS
10
5.3022677165354333
20
-3.3280944881889765
11
5.3022677165354333
21
-3.3399055118110237
0
LINE
8
BLACK
6
CONTINUOUS
10
5.3022677165354333
20
-3.3399055118110237
11
5.3018181889763776
21
-3.3421654724409446
0
LINE
8
BLACK
6
CONTINUOUS
10
5.3018181889763776
20
-3.3421654724409446
11
5.3005380314960631
21
-3.3440813385826771
0
LINE
8
BLACK
6
CONTINUOUS
10
5.3005380314960631
20
-3.3440813385826771
11
5.2986221653543302
21
-3.345361496062992
0
LINE
8
BLACK
6
CONTINUOUS
10
5.2986221653543302
20
-3.345361496062992
11
5.2963622047244092
21
-3.3458110236220473
0
LINE
8
BLACK
6
CONTINUOUS
10
5.2963622047244092
20
-3.3458110236220473
11
5.231401574803149
21
-3.3458110236220473
0
LINE
8
BLACK
6
CONTINUOUS
10
5.231401574803149
20
-3.3458110236220473
11
5.2291416141732281
21
-3.345361496062992
0
LINE
8
BLACK
6
CONTINUOUS
10
5.2291416141732281
20
-3.345361496062992
11
5.2272257480314961
21
-3.3440813385826771
0
LINE
8
BLACK
6
CONTINUOUS
10
5.2272257480314961
20
-3.3440813385826771
11
5.2259455905511807
21
-3.3421654724409446
0
LINE
8
BLACK
6
CONTINUOUS
10
5.2259455905511807
20
-3.3421654724409446
11
5.2254960629921259
21
-3.3399055118110237
0
LINE
8
BLACK
6
CONTINUOUS
10
5.2254960629921259
20
-3.3399055118110237
11
5.2254960629921259
21
-3.3280944881889765
0
LINE
8
BLACK
6
CONTINUOUS
10
5.2254960629921259
20
-3.3280944881889765
11
5.2259455905511807
21
-3.3258345275590551
0
LINE
8
BLACK
6
CONTINUOUS
10
5.2259455905511807
20
-3.3258345275590551
11
5.2272257480314961
21
-3.3239186614173226
0
LINE
8
BLACK
6
CONTINUOUS
10
5.2272257480314961
20
-3.3239186614173226
11
5.2291416141732281
21
-3.3226385039370077
0
LINE
8
BLACK
6
CONTINUOUS
10
5.2291416141732281
20
-3.3226385039370077
11
5.231401574803149
21
-3.3221889763779529
0
LINE
8
BLACK
6
CONTINUOUS
10
5.231401574803149
20
-3.3221889763779529
11
5.2963622047244092
21
-3.3221889763779529
0
LINE
8
BLACK
6
CONTINUOUS
10
5.2963622047244092
20
-3.3221889763779529
11
5.2986221653543302
21
-3.3226385039370077
0
LINE
8
BLACK
6
CONTINUOUS
10
4.7983571259842517
20
-3.2926350393700785
11
4.801550275590551
21
-3.2947686220472439
0
LINE
8
BLACK
6
CONTINUOUS
10
4.801550275590551
20
-3.2947686220472439
11
4.8036838582677168
21
-3.2979617716535432
0
LINE
8
BLACK
6
CONTINUOUS
10
4.8036838582677168
20
-3.2979617716535432
11
4.8044330708661418
21
-3.3017283464566929
0
LINE
8
BLACK
6
CONTINUOUS
10
4.8044330708661418
20
-3.3017283464566929
11
4.8044330708661418
21
-3.334208661417323
0
LINE
8
BLACK
6
CONTINUOUS
10
4.8044330708661418
20
-3.334208661417323
11
4.8036838582677168
21
-3.3379752362204722
0
LINE
8
BLACK
6
CONTINUOUS
10
4.8036838582677168
20
-3.3379752362204722
11
4.801550275590551
21
-3.3411683858267716
0
LINE
8
BLACK
6
CONTINUOUS
10
4.801550275590551
20
-3.3411683858267716
11
4.7983571259842517
21
-3.3433019685039369
0
LINE
8
BLACK
6
CONTINUOUS
10
4.7983571259842517
20
-3.3433019685039369
11
4.794590551181102
21
-3.3440511811023623
0
LINE
8
BLACK
6
CONTINUOUS
10
4.794590551181102
20
-3.3440511811023623
11
4.7434094488188974
21
-3.3440511811023623
0
LINE
8
BLACK
6
CONTINUOUS
10
4.7434094488188974
20
-3.3440511811023623
11
4.7396428740157477
21
-3.3433019685039369
0
LINE
8
BLACK
6
CONTINUOUS
10
4.7396428740157477
20
-3.3433019685039369
11
4.7364497244094483
21
-3.3411683858267716
0
LINE
8
BLACK
6
CONTINUOUS
10
4.7364497244094483
20
-3.3411683858267716
11
4.7343161417322834
21
-3.3379752362204722
0
LINE
8
BLACK
6
CONTINUOUS
10
4.7343161417322834
20
-3.3379752362204722
11
4.7335669291338585
21
-3.334208661417323
0
LINE
8
BLACK
6
CONTINUOUS
10
4.7335669291338585
20
-3.334208661417323
11
4.7335669291338585
21
-3.3017283464566929
0
LINE
8
BLACK
6
CONTINUOUS
10
4.7335669291338585
20
-3.3017283464566929
11
4.7343161417322834
21
-3.2979617716535432
0
LINE
8
BLACK
6
CONTINUOUS
10
4.7343161417322834
20
-3.2979617716535432
11
4.7364497244094483
21
-3.2947686220472439
0
LINE
8
BLACK
6
CONTINUOUS
10
4.7364497244094483
20
-3.2947686220472439
11
4.7396428740157477
21
-3.2926350393700785
0
LINE
8
BLACK
6
CONTINUOUS
10
4.7396428740157477
20
-3.2926350393700785
11
4.7434094488188974
21
-3.2918858267716535
0
LINE
8
BLACK
6
CONTINUOUS
10
4.7434094488188974
20
-3.2918858267716535
11
4.794590551181102
21
-3.2918858267716535
0
LINE
8
BLACK
6
CONTINUOUS
10
4.794590551181102
20
-3.2918858267716535
11
4.7983571259842517
21
-3.2926350393700785
0
LINE
8
BLACK
6
CONTINUOUS
10
5.1037402755905514
20
-3.2726385039370078
11
5.1056561417322834
21
-3.2739186614173228
0
LINE
8
BLACK
6
CONTINUOUS
10
5.1056561417322834
20
-3.2739186614173228
11
5.106936299212598
21
-3.2758345275590552
0
LINE
8
BLACK
6
CONTINUOUS
10
5.106936299212598
20
-3.2758345275590552
11
5.1073858267716536
21
-3.2780944881889762
0
LINE
8
BLACK
6
CONTINUOUS
10
5.1073858267716536
20
-3.2780944881889762
11
5.1073858267716536
21
-3.2899055118110234
0
LINE
8
BLACK
6
CONTINUOUS
10
5.1073858267716536
20
-3.2899055118110234
11
5.106936299212598
21
-3.2921654724409448
0
LINE
8
BLACK
6
CONTINUOUS
10
5.106936299212598
20
-3.2921654724409448
11
5.1056561417322834
21
-3.2940813385826773
0
LINE
8
BLACK
6
CONTINUOUS
10
5.1056561417322834
20
-3.2940813385826773
11
5.1037402755905514
21
-3.2953614960629922
0
LINE
8
BLACK
6
CONTINUOUS
10
5.1037402755905514
20
-3.2953614960629922
11
5.1014803149606296
21
-3.295811023622047
0
LINE
8
BLACK
6
CONTINUOUS
10
5.1014803149606296
20
-3.295811023622047
11
5.0365196850393703
21
-3.295811023622047
0
LINE
8
BLACK
6
CONTINUOUS
10
5.0365196850393703
20
-3.295811023622047
11
5.0342597244094485
21
-3.2953614960629922
0
LINE
8
BLACK
6
CONTINUOUS
10
5.0342597244094485
20
-3.2953614960629922
11
5.0323438582677165
21
-3.2940813385826773
0
LINE
8
BLACK
6
CONTINUOUS
10
5.0323438582677165
20
-3.2940813385826773
11
5.0310637007874011
21
-3.2921654724409448
0
LINE
8
BLACK
6
CONTINUOUS
10
5.0310637007874011
20
-3.2921654724409448
11
5.0306141732283463
21
-3.2899055118110234
0
LINE
8
BLACK
6
CONTINUOUS
10
5.0306141732283463
20
-3.2899055118110234
11
5.0306141732283463
21
-3.2780944881889762
0
LINE
8
BLACK
6
CONTINUOUS
10
5.0306141732283463
20
-3.2780944881889762
11
5.0310637007874011
21
-3.2758345275590552
0
LINE
8
BLACK
6
CONTINUOUS
10
5.0310637007874011
20
-3.2758345275590552
11
5.0323438582677165
21
-3.2739186614173228
0
LINE
8
BLACK
6
CONTINUOUS
10
5.0323438582677165
20
-3.2739186614173228
11
5.0342597244094485
21
-3.2726385039370078
0
LINE
8
BLACK
6
CONTINUOUS
10
5.0342597244094485
20
-3.2726385039370078
11
5.0365196850393703
21
-3.2721889763779526
0
LINE
8
BLACK
6
CONTINUOUS
10
5.0365196850393703
20
-3.2721889763779526
11
5.1014803149606296
21
-3.2721889763779526
0
LINE
8
BLACK
6
CONTINUOUS
10
5.1014803149606296
20
-3.2721889763779526
11
5.1037402755905514
21
-3.2726385039370078
0
LINE
8
BLACK
6
CONTINUOUS
10
5.2986221653543302
20
-3.2726385039370078
11
5.3005380314960631
21
-3.2739186614173228
0
LINE
8
BLACK
6
CONTINUOUS
10
5.3005380314960631
20
-3.2739186614173228
11
5.3018181889763776
21
-3.2758345275590552
0
LINE
8
BLACK
6
CONTINUOUS
10
5.3018181889763776
20
-3.2758345275590552
11
5.3022677165354333
21
-3.2780944881889762
0
LINE
8
BLACK
6
CONTINUOUS
10
5.3022677165354333
20
-3.2780944881889762
11
5.3022677165354333
21
-3.2899055118110234
0
LINE
8
BLACK
6
CONTINUOUS
10
5.3022677165354333
20
-3.2899055118110234
11
5.3018181889763776
21
-3.2921654724409448
0
LINE
8
BLACK
6
CONTINUOUS
10
5.3018181889763776
20
-3.2921654724409448
11
5.3005380314960631
21
-3.2940813385826773
0
LINE
8
BLACK
6
CONTINUOUS
10
5.3005380314960631
20
-3.2940813385826773
11
5.2986221653543302
21
-3.2953614960629922
0
LINE
8
BLACK
6
CONTINUOUS
10
5.2986221653543302
20
-3.2953614960629922
11
5.2963622047244092
21
-3.295811023622047
0
LINE
8
BLACK
6
CONTINUOUS
10
5.2963622047244092
20
-3.295811023622047
11
5.231401574803149
21
-3.295811023622047
0
LINE
8
BLACK
6
CONTINUOUS
10
5.231401574803149
20
-3.295811023622047
11
5.2291416141732281
21
-3.2953614960629922
0
LINE
8
BLACK
6
CONTINUOUS
10
5.2291416141732281
20
-3.2953614960629922
11
5.2272257480314961
21
-3.2940813385826773
0
LINE
8
BLACK
6
CONTINUOUS
10
5.2272257480314961
20
-3.2940813385826773
11
5.2259455905511807
21
-3.2921654724409448
0
LINE
8
BLACK
6
CONTINUOUS
10
5.2259455905511807
20
-3.2921654724409448
11
5.2254960629921259
21
-3.2899055118110234
0
LINE
8
BLACK
6
CONTINUOUS
10
5.2254960629921259
20
-3.2899055118110234
11
5.2254960629921259
21
-3.2780944881889762
0
LINE
8
BLACK
6
CONTINUOUS
10
5.2254960629921259
20
-3.2780944881889762
11
5.2259455905511807
21
-3.2758345275590552
0
LINE
8
BLACK
6
CONTINUOUS
10
5.2259455905511807
20
-3.2758345275590552
11
5.2272257480314961
21
-3.2739186614173228
0
LINE
8
BLACK
6
CONTINUOUS
10
5.2272257480314961
20
-3.2739186614173228
11
5.2291416141732281
21
-3.2726385039370078
0
LINE
8
BLACK
6
CONTINUOUS
10
5.2291416141732281
20
-3.2726385039370078
11
5.231401574803149
21
-3.2721889763779526
0
LINE
8
BLACK
6
CONTINUOUS
10
5.231401574803149
20
-3.2721889763779526
11
5.2963622047244092
21
-3.2721889763779526
0
LINE
8
BLACK
6
CONTINUOUS
10
5.2963622047244092
20
-3.2721889763779526
11
5.2986221653543302
21
-3.2726385039370078
0
LINE
8
BLACK
6
CONTINUOUS
10
4.7014371259842518
20
-3.2234416535433068
11
4.7033529921259838
21
-3.2247218110236218
0
LINE
8
BLACK
6
CONTINUOUS
10
4.7033529921259838
20
-3.2247218110236218
11
4.7046331496062992
21
-3.2266376771653542
0
LINE
8
BLACK
6
CONTINUOUS
10
4.7046331496062992
20
-3.2266376771653542
11
4.705082677165354
21
-3.2288976377952756
0
LINE
8
BLACK
6
CONTINUOUS
10
4.705082677165354
20
-3.2288976377952756
11
4.705082677165354
21
-3.2407086614173228
0
LINE
8
BLACK
6
CONTINUOUS
10
4.705082677165354
20
-3.2407086614173228
11
4.7046331496062992
21
-3.2429686220472442
0
LINE
8
BLACK
6
CONTINUOUS
10
4.7046331496062992
20
-3.2429686220472442
11
4.7033529921259838
21
-3.2448844881889762
0
LINE
8
BLACK
6
CONTINUOUS
10
4.7033529921259838
20
-3.2448844881889762
11
4.7014371259842518
21
-3.2461646456692912
0
LINE
8
BLACK
6
CONTINUOUS
10
4.7014371259842518
20
-3.2461646456692912
11
4.6991771653543308
21
-3.2466141732283464
0
LINE
8
BLACK
6
CONTINUOUS
10
4.6991771653543308
20
-3.2466141732283464
11
4.6588228346456688
21
-3.2466141732283464
0
LINE
8
BLACK
6
CONTINUOUS
10
4.6588228346456688
20
-3.2466141732283464
11
4.6565628740157479
21
-3.2461646456692912
0
LINE
8
BLACK
6
CONTINUOUS
10
4.6565628740157479
20
-3.2461646456692912
11
4.6546470078740159
21
-3.2448844881889762
0
LINE
8
BLACK
6
CONTINUOUS
10
4.6546470078740159
20
-3.2448844881889762
11
4.6533668503937005
21
-3.2429686220472442
0
LINE
8
BLACK
6
CONTINUOUS
10
4.6533668503937005
20
-3.2429686220472442
11
4.6529173228346457
21
-3.2407086614173228
0
LINE
8
BLACK
6
CONTINUOUS
10
4.6529173228346457
20
-3.2407086614173228
11
4.6529173228346457
21
-3.2288976377952756
0
LINE
8
BLACK
6
CONTINUOUS
10
4.6529173228346457
20
-3.2288976377952756
11
4.6533668503937005
21
-3.2266376771653542
0
LINE
8
BLACK
6
CONTINUOUS
10
4.6533668503937005
20
-3.2266376771653542
11
4.6546470078740159
21
-3.2247218110236218
0
LINE
8
BLACK
6
CONTINUOUS
10
4.6546470078740159
20
-3.2247218110236218
11
4.6565628740157479
21
-3.2234416535433068
0
LINE
8
BLACK
6
CONTINUOUS
10
4.6565628740157479
20
-3.2234416535433068
11
4.6588228346456688
21
-3.222992125984252
0
LINE
8
BLACK
6
CONTINUOUS
10
4.6588228346456688
20
-3.222992125984252
11
4.6991771653543308
21
-3.222992125984252
0
LINE
8
BLACK
6
CONTINUOUS
10
4.6991771653543308
20
-3.222992125984252
11
4.7014371259842518
21
-3.2234416535433068
0
LINE
8
BLACK
6
CONTINUOUS
10
4.8774909842519687
20
-3.1673003937007875
11
4.880684133858268
21
-3.1694339763779529
0
LINE
8
BLACK
6
CONTINUOUS
10
4.880684133858268
20
-3.1694339763779529
11
4.882817716535433
21
-3.1726271259842518
0
LINE
8
BLACK
6
CONTINUOUS
10
4.882817716535433
20
-3.1726271259842518
11
4.8835669291338579
21
-3.1763937007874015
0
LINE
8
BLACK
6
CONTINUOUS
10
4.8835669291338579
20
-3.1763937007874015
11
4.8835669291338579
21
-3.2256062992125982
0
LINE
8
BLACK
6
CONTINUOUS
10
4.8835669291338579
20
-3.2256062992125982
11
4.882817716535433
21
-3.2293728740157479
0
LINE
8
BLACK
6
CONTINUOUS
10
4.882817716535433
20
-3.2293728740157479
11
4.880684133858268
21
-3.2325660236220473
0
LINE
8
BLACK
6
CONTINUOUS
10
4.880684133858268
20
-3.2325660236220473
11
4.8774909842519687
21
-3.2346996062992126
0
LINE
8
BLACK
6
CONTINUOUS
10
4.8774909842519687
20
-3.2346996062992126
11
4.873724409448819
21
-3.2354488188976376
0
LINE
8
BLACK
6
CONTINUOUS
10
4.873724409448819
20
-3.2354488188976376
11
4.8422283464566931
21
-3.2354488188976376
0
LINE
8
BLACK
6
CONTINUOUS
10
4.8422283464566931
20
-3.2354488188976376
11
4.8384617716535434
21
-3.2346996062992126
0
LINE
8
BLACK
6
CONTINUOUS
10
4.8384617716535434
20
-3.2346996062992126
11
4.8352686220472441
21
-3.2325660236220473
0
LINE
8
BLACK
6
CONTINUOUS
10
4.8352686220472441
20
-3.2325660236220473
11
4.8331350393700783
21
-3.2293728740157479
0
LINE
8
BLACK
6
CONTINUOUS
10
4.8331350393700783
20
-3.2293728740157479
11
4.8323858267716533
21
-3.2256062992125982
0
LINE
8
BLACK
6
CONTINUOUS
10
4.8323858267716533
20
-3.2256062992125982
11
4.8323858267716533
21
-3.1763937007874015
0
LINE
8
BLACK
6
CONTINUOUS
10
4.8323858267716533
20
-3.1763937007874015
11
4.8331350393700783
21
-3.1726271259842518
0
LINE
8
BLACK
6
CONTINUOUS
10
4.8331350393700783
20
-3.1726271259842518
11
4.8352686220472441
21
-3.1694339763779529
0
LINE
8
BLACK
6
CONTINUOUS
10
4.8352686220472441
20
-3.1694339763779529
11
4.8384617716535434
21
-3.1673003937007875
0
LINE
8
BLACK
6
CONTINUOUS
10
4.8384617716535434
20
-3.1673003937007875
11
4.8422283464566931
21
-3.1665511811023621
0
LINE
8
BLACK
6
CONTINUOUS
10
4.8422283464566931
20
-3.1665511811023621
11
4.873724409448819
21
-3.1665511811023621
0
LINE
8
BLACK
6
CONTINUOUS
10
4.873724409448819
20
-3.1665511811023621
11
4.8774909842519687
21
-3.1673003937007875
0
LINE
8
BLACK
6
CONTINUOUS
10
4.9995382283464567
20
-3.1673003937007875
11
5.002731377952756
21
-3.1694339763779529
0
LINE
8
BLACK
6
CONTINUOUS
10
5.002731377952756
20
-3.1694339763779529
11
5.0048649606299209
21
-3.1726271259842518
0
LINE
8
BLACK
6
CONTINUOUS
10
5.0048649606299209
20
-3.1726271259842518
11
5.0056141732283468
21
-3.1763937007874015
0
LINE
8
BLACK
6
CONTINUOUS
10
5.0056141732283468
20
-3.1763937007874015
11
5.0056141732283468
21
-3.2256062992125982
0
LINE
8
BLACK
6
CONTINUOUS
10
5.0056141732283468
20
-3.2256062992125982
11
5.0048649606299209
21
-3.2293728740157479
0
LINE
8
BLACK
6
CONTINUOUS
10
5.0048649606299209
20
-3.2293728740157479
11
5.002731377952756
21
-3.2325660236220473
0
LINE
8
BLACK
6
CONTINUOUS
10
5.002731377952756
20
-3.2325660236220473
11
4.9995382283464567
21
-3.2346996062992126
0
LINE
8
BLACK
6
CONTINUOUS
10
4.9995382283464567
20
-3.2346996062992126
11
4.995771653543307
21
-3.2354488188976376
0
LINE
8
BLACK
6
CONTINUOUS
10
4.995771653543307
20
-3.2354488188976376
11
4.9642755905511811
21
-3.2354488188976376
0
LINE
8
BLACK
6
CONTINUOUS
10
4.9642755905511811
20
-3.2354488188976376
11
4.9605090157480314
21
-3.2346996062992126
0
LINE
8
BLACK
6
CONTINUOUS
10
4.9605090157480314
20
-3.2346996062992126
11
4.957315866141732
21
-3.2325660236220473
0
LINE
8
BLACK
6
CONTINUOUS
10
4.957315866141732
20
-3.2325660236220473
11
4.9551822834645671
21
-3.2293728740157479
0
LINE
8
BLACK
6
CONTINUOUS
10
4.9551822834645671
20
-3.2293728740157479
11
4.9544330708661413
21
-3.2256062992125982
0
LINE
8
BLACK
6
CONTINUOUS
10
4.9544330708661413
20
-3.2256062992125982
11
4.9544330708661413
21
-3.1763937007874015
0
LINE
8
BLACK
6
CONTINUOUS
10
4.9544330708661413
20
-3.1763937007874015
11
4.9551822834645671
21
-3.1726271259842518
0
LINE
8
BLACK
6
CONTINUOUS
10
4.9551822834645671
20
-3.1726271259842518
11
4.957315866141732
21
-3.1694339763779529
0
LINE
8
BLACK
6
CONTINUOUS
10
4.957315866141732
20
-3.1694339763779529
11
4.9605090157480314
21
-3.1673003937007875
0
LINE
8
BLACK
6
CONTINUOUS
10
4.9605090157480314
20
-3.1673003937007875
11
4.9642755905511811
21
-3.1665511811023621
0
LINE
8
BLACK
6
CONTINUOUS
10
4.9642755905511811
20
-3.1665511811023621
11
4.995771653543307
21
-3.1665511811023621
0
LINE
8
BLACK
6
CONTINUOUS
10
4.995771653543307
20
-3.1665511811023621
11
4.9995382283464567
21
-3.1673003937007875
0
LINE
8
BLACK
6
CONTINUOUS
10
4.4795146062992126
20
-3.1483003937007874
11
4.482707755905512
21
-3.1504339763779527
0
LINE
8
BLACK
6
CONTINUOUS
10
4.482707755905512
20
-3.1504339763779527
11
4.4848413385826769
21
-3.1536271259842521
0
LINE
8
BLACK
6
CONTINUOUS
10
4.4848413385826769
20
-3.1536271259842521
11
4.4855905511811018
21
-3.1573937007874013
0
LINE
8
BLACK
6
CONTINUOUS
10
4.4855905511811018
20
-3.1573937007874013
11
4.4855905511811018
21
-3.2066062992125985
0
LINE
8
BLACK
6
CONTINUOUS
10
4.4855905511811018
20
-3.2066062992125985
11
4.4848413385826769
21
-3.2103728740157478
0
LINE
8
BLACK
6
CONTINUOUS
10
4.4848413385826769
20
-3.2103728740157478
11
4.482707755905512
21
-3.2135660236220471
0
LINE
8
BLACK
6
CONTINUOUS
10
4.482707755905512
20
-3.2135660236220471
11
4.4795146062992126
21
-3.2156996062992125
0
LINE
8
BLACK
6
CONTINUOUS
10
4.4795146062992126
20
-3.2156996062992125
11
4.4757480314960629
21
-3.2164488188976379
0
LINE
8
BLACK
6
CONTINUOUS
10
4.4757480314960629
20
-3.2164488188976379
11
4.444251968503937
21
-3.2164488188976379
0
LINE
8
BLACK
6
CONTINUOUS
10
4.444251968503937
20
-3.2164488188976379
11
4.4404853937007873
21
-3.2156996062992125
0
LINE
8
BLACK
6
CONTINUOUS
10
4.4404853937007873
20
-3.2156996062992125
11
4.437292244094488
21
-3.2135660236220471
0
LINE
8
BLACK
6
CONTINUOUS
10
4.437292244094488
20
-3.2135660236220471
11
4.4351586614173231
21
-3.2103728740157478
0
LINE
8
BLACK
6
CONTINUOUS
10
4.4351586614173231
20
-3.2103728740157478
11
4.4344094488188972
21
-3.2066062992125985
0
LINE
8
BLACK
6
CONTINUOUS
10
4.4344094488188972
20
-3.2066062992125985
11
4.4344094488188972
21
-3.1573937007874013
0
LINE
8
BLACK
6
CONTINUOUS
10
4.4344094488188972
20
-3.1573937007874013
11
4.4351586614173231
21
-3.1536271259842521
0
LINE
8
BLACK
6
CONTINUOUS
10
4.4351586614173231
20
-3.1536271259842521
11
4.437292244094488
21
-3.1504339763779527
0
LINE
8
BLACK
6
CONTINUOUS
10
4.437292244094488
20
-3.1504339763779527
11
4.4404853937007873
21
-3.1483003937007874
0
LINE
8
BLACK
6
CONTINUOUS
10
4.4404853937007873
20
-3.1483003937007874
11
4.444251968503937
21
-3.147551181102362
0
LINE
8
BLACK
6
CONTINUOUS
10
4.444251968503937
20
-3.147551181102362
11
4.4757480314960629
21
-3.147551181102362
0
LINE
8
BLACK
6
CONTINUOUS
10
4.4757480314960629
20
-3.147551181102362
11
4.4795146062992126
21
-3.1483003937007874
0
LINE
8
BLACK
6
CONTINUOUS
10
4.6015618503937006
20
-3.1483003937007874
11
4.6047549999999999
21
-3.1504339763779527
0
LINE
8
BLACK
6
CONTINUOUS
10
4.6047549999999999
20
-3.1504339763779527
11
4.6068885826771648
21
-3.1536271259842521
0
LINE
8
BLACK
6
CONTINUOUS
10
4.6068885826771648
20
-3.1536271259842521
11
4.6076377952755907
21
-3.1573937007874013
0
LINE
8
BLACK
6
CONTINUOUS
10
4.6076377952755907
20
-3.1573937007874013
11
4.6076377952755907
21
-3.2066062992125985
0
LINE
8
BLACK
6
CONTINUOUS
10
4.6076377952755907
20
-3.2066062992125985
11
4.6068885826771648
21
-3.2103728740157478
0
LINE
8
BLACK
6
CONTINUOUS
10
4.6068885826771648
20
-3.2103728740157478
11
4.6047549999999999
21
-3.2135660236220471
0
LINE
8
BLACK
6
CONTINUOUS
10
4.6047549999999999
20
-3.2135660236220471
11
4.6015618503937006
21
-3.2156996062992125
0
LINE
8
BLACK
6
CONTINUOUS
10
4.6015618503937006
20
-3.2156996062992125
11
4.5977952755905509
21
-3.2164488188976379
0
LINE
8
BLACK
6
CONTINUOUS
10
4.5977952755905509
20
-3.2164488188976379
11
4.566299212598425
21
-3.2164488188976379
0
LINE
8
BLACK
6
CONTINUOUS
10
4.566299212598425
20
-3.2164488188976379
11
4.5625326377952753
21
-3.2156996062992125
0
LINE
8
BLACK
6
CONTINUOUS
10
4.5625326377952753
20
-3.2156996062992125
11
4.5593394881889759
21
-3.2135660236220471
0
LINE
8
BLACK
6
CONTINUOUS
10
4.5593394881889759
20
-3.2135660236220471
11
4.557205905511811
21
-3.2103728740157478
0
LINE
8
BLACK
6
CONTINUOUS
10
4.557205905511811
20
-3.2103728740157478
11
4.5564566929133861
21
-3.2066062992125985
0
LINE
8
BLACK
6
CONTINUOUS
10
4.5564566929133861
20
-3.2066062992125985
11
4.5564566929133861
21
-3.1573937007874013
0
LINE
8
BLACK
6
CONTINUOUS
10
4.5564566929133861
20
-3.1573937007874013
11
4.557205905511811
21
-3.1536271259842521
0
LINE
8
BLACK
6
CONTINUOUS
10
4.557205905511811
20
-3.1536271259842521
11
4.5593394881889759
21
-3.1504339763779527
0
LINE
8
BLACK
6
CONTINUOUS
10
4.5593394881889759
20
-3.1504339763779527
11
4.5625326377952753
21
-3.1483003937007874
0
LINE
8
BLACK
6
CONTINUOUS
10
4.5625326377952753
20
-3.1483003937007874
11
4.566299212598425
21
-3.147551181102362
0
LINE
8
BLACK
6
CONTINUOUS
10
4.566299212598425
20
-3.147551181102362
11
4.5977952755905509
21
-3.147551181102362
0
LINE
8
BLACK
6
CONTINUOUS
10
4.5977952755905509
20
-3.147551181102362
11
4.6015618503937006
21
-3.1483003937007874
0
LINE
8
BLACK
6
CONTINUOUS
10
5.3877402755905512
20
-3.186638503937008
11
5.3896561417322832
21
-3.1879186614173229
0
LINE
8
BLACK
6
CONTINUOUS
10
5.3896561417322832
20
-3.1879186614173229
11
5.3909362992125986
21
-3.1898345275590549
0
LINE
8
BLACK
6
CONTINUOUS
10
5.3909362992125986
20
-3.1898345275590549
11
5.3913858267716535
21
-3.1920944881889763
0
LINE
8
BLACK
6
CONTINUOUS
10
5.3913858267716535
20
-3.1920944881889763
11
5.3913858267716535
21
-3.2039055118110236
0
LINE
8
BLACK
6
CONTINUOUS
10
5.3913858267716535
20
-3.2039055118110236
11
5.3909362992125986
21
-3.206165472440945
0
LINE
8
BLACK
6
CONTINUOUS
10
5.3909362992125986
20
-3.206165472440945
11
5.3896561417322832
21
-3.208081338582677
0
LINE
8
BLACK
6
CONTINUOUS
10
5.3896561417322832
20
-3.208081338582677
11
5.3877402755905512
21
-3.2093614960629919
0
LINE
8
BLACK
6
CONTINUOUS
10
5.3877402755905512
20
-3.2093614960629919
11
5.3854803149606294
21
-3.2098110236220472
0
LINE
8
BLACK
6
CONTINUOUS
10
5.3854803149606294
20
-3.2098110236220472
11
5.3205196850393701
21
-3.2098110236220472
0
LINE
8
BLACK
6
CONTINUOUS
10
5.3205196850393701
20
-3.2098110236220472
11
5.3182597244094483
21
-3.2093614960629919
0
LINE
8
BLACK
6
CONTINUOUS
10
5.3182597244094483
20
-3.2093614960629919
11
5.3163438582677163
21
-3.208081338582677
0
LINE
8
BLACK
6
CONTINUOUS
10
5.3163438582677163
20
-3.208081338582677
11
5.3150637007874018
21
-3.206165472440945
0
LINE
8
BLACK
6
CONTINUOUS
10
5.3150637007874018
20
-3.206165472440945
11
5.3146141732283461
21
-3.2039055118110236
0
LINE
8
BLACK
6
CONTINUOUS
10
5.3146141732283461
20
-3.2039055118110236
11
5.3146141732283461
21
-3.1920944881889763
0
LINE
8
BLACK
6
CONTINUOUS
10
5.3146141732283461
20
-3.1920944881889763
11
5.3150637007874018
21
-3.1898345275590549
0
LINE
8
BLACK
6
CONTINUOUS
10
5.3150637007874018
20
-3.1898345275590549
11
5.3163438582677163
21
-3.1879186614173229
0
LINE
8
BLACK
6
CONTINUOUS
10
5.3163438582677163
20
-3.1879186614173229
11
5.3182597244094483
21
-3.186638503937008
0
LINE
8
BLACK
6
CONTINUOUS
10
5.3182597244094483
20
-3.186638503937008
11
5.3205196850393701
21
-3.1861889763779527
0
LINE
8
BLACK
6
CONTINUOUS
10
5.3205196850393701
20
-3.1861889763779527
11
5.3854803149606294
21
-3.1861889763779527
0
LINE
8
BLACK
6
CONTINUOUS
10
5.3854803149606294
20
-3.1861889763779527
11
5.3877402755905512
21
-3.186638503937008
0
LINE
8
BLACK
6
CONTINUOUS
10
5.5826221653543309
20
-3.186638503937008
11
5.5845380314960629
21
-3.1879186614173229
0
LINE
8
BLACK
6
CONTINUOUS
10
5.5845380314960629
20
-3.1879186614173229
11
5.5858181889763774
21
-3.1898345275590549
0
LINE
8
BLACK
6
CONTINUOUS
10
5.5858181889763774
20
-3.1898345275590549
11
5.5862677165354331
21
-3.1920944881889763
0
LINE
8
BLACK
6
CONTINUOUS
10
5.5862677165354331
20
-3.1920944881889763
11
5.5862677165354331
21
-3.2039055118110236
0
LINE
8
BLACK
6
CONTINUOUS
10
5.5862677165354331
20
-3.2039055118110236
11
5.5858181889763774
21
-3.206165472440945
0
LINE
8
BLACK
6
CONTINUOUS
10
5.5858181889763774
20
-3.206165472440945
11
5.5845380314960629
21
-3.208081338582677
0
LINE
8
BLACK
6
CONTINUOUS
10
5.5845380314960629
20
-3.208081338582677
11
5.5826221653543309
21
-3.2093614960629919
0
LINE
8
BLACK
6
CONTINUOUS
10
5.5826221653543309
20
-3.2093614960629919
11
5.580362204724409
21
-3.2098110236220472
0
LINE
8
BLACK
6
CONTINUOUS
10
5.580362204724409
20
-3.2098110236220472
11
5.5154015748031497
21
-3.2098110236220472
0
LINE
8
BLACK
6
CONTINUOUS
10
5.5154015748031497
20
-3.2098110236220472
11
5.5131416141732279
21
-3.2093614960629919
0
LINE
8
BLACK
6
CONTINUOUS
10
5.5131416141732279
20
-3.2093614960629919
11
5.5112257480314959
21
-3.208081338582677
0
LINE
8
BLACK
6
CONTINUOUS
10
5.5112257480314959
20
-3.208081338582677
11
5.5099455905511814
21
-3.206165472440945
0
LINE
8
BLACK
6
CONTINUOUS
10
5.5099455905511814
20
-3.206165472440945
11
5.5094960629921257
21
-3.2039055118110236
0
LINE
8
BLACK
6
CONTINUOUS
10
5.5094960629921257
20
-3.2039055118110236
11
5.5094960629921257
21
-3.1920944881889763
0
LINE
8
BLACK
6
CONTINUOUS
10
5.5094960629921257
20
-3.1920944881889763
11
5.5099455905511814
21
-3.1898345275590549
0
LINE
8
BLACK
6
CONTINUOUS
10
5.5099455905511814
20
-3.1898345275590549
11
5.5112257480314959
21
-3.1879186614173229
0
LINE
8
BLACK
6
CONTINUOUS
10
5.5112257480314959
20
-3.1879186614173229
11
5.5131416141732279
21
-3.186638503937008
0
LINE
8
BLACK
6
CONTINUOUS
10
5.5131416141732279
20
-3.186638503937008
11
5.5154015748031497
21
-3.1861889763779527
0
LINE
8
BLACK
6
CONTINUOUS
10
5.5154015748031497
20
-3.1861889763779527
11
5.580362204724409
21
-3.1861889763779527
0
LINE
8
BLACK
6
CONTINUOUS
10
5.580362204724409
20
-3.1861889763779527
11
5.5826221653543309
21
-3.186638503937008
0
LINE
8
BLACK
6
CONTINUOUS
10
4.7910040551181101
20
-3.1860400787401573
11
4.7929199212598421
21
-3.1873202362204722
0
LINE
8
BLACK
6
CONTINUOUS
10
4.7929199212598421
20
-3.1873202362204722
11
4.7942000787401575
21
-3.1892361023622047
0
LINE
8
BLACK
6
CONTINUOUS
10
4.7942000787401575
20
-3.1892361023622047
11
4.7946496062992123
21
-3.1914960629921261
0
LINE
8
BLACK
6
CONTINUOUS
10
4.7946496062992123
20
-3.1914960629921261
11
4.7946496062992123
21
-3.2033070866141733
0
LINE
8
BLACK
6
CONTINUOUS
10
4.7946496062992123
20
-3.2033070866141733
11
4.7942000787401575
21
-3.2055670472440942
0
LINE
8
BLACK
6
CONTINUOUS
10
4.7942000787401575
20
-3.2055670472440942
11
4.7929199212598421
21
-3.2074829133858267
0
LINE
8
BLACK
6
CONTINUOUS
10
4.7929199212598421
20
-3.2074829133858267
11
4.7910040551181101
21
-3.2087630708661417
0
LINE
8
BLACK
6
CONTINUOUS
10
4.7910040551181101
20
-3.2087630708661417
11
4.7887440944881892
21
-3.2092125984251969
0
LINE
8
BLACK
6
CONTINUOUS
10
4.7887440944881892
20
-3.2092125984251969
11
4.7483897637795272
21
-3.2092125984251969
0
LINE
8
BLACK
6
CONTINUOUS
10
4.7483897637795272
20
-3.2092125984251969
11
4.7461298031496062
21
-3.2087630708661417
0
LINE
8
BLACK
6
CONTINUOUS
10
4.7461298031496062
20
-3.2087630708661417
11
4.7442139370078742
21
-3.2074829133858267
0
LINE
8
BLACK
6
CONTINUOUS
10
4.7442139370078742
20
-3.2074829133858267
11
4.7429337795275588
21
-3.2055670472440942
0
LINE
8
BLACK
6
CONTINUOUS
10
4.7429337795275588
20
-3.2055670472440942
11
4.742484251968504
21
-3.2033070866141733
0
LINE
8
BLACK
6
CONTINUOUS
10
4.742484251968504
20
-3.2033070866141733
11
4.742484251968504
21
-3.1914960629921261
0
LINE
8
BLACK
6
CONTINUOUS
10
4.742484251968504
20
-3.1914960629921261
11
4.7429337795275588
21
-3.1892361023622047
0
LINE
8
BLACK
6
CONTINUOUS
10
4.7429337795275588
20
-3.1892361023622047
11
4.7442139370078742
21
-3.1873202362204722
0
LINE
8
BLACK
6
CONTINUOUS
10
4.7442139370078742
20
-3.1873202362204722
11
4.7461298031496062
21
-3.1860400787401573
0
LINE
8
BLACK
6
CONTINUOUS
10
4.7461298031496062
20
-3.1860400787401573
11
4.7483897637795272
21
-3.1855905511811025
0
LINE
8
BLACK
6
CONTINUOUS
10
4.7483897637795272
20
-3.1855905511811025
11
4.7887440944881892
21
-3.1855905511811025
0
LINE
8
BLACK
6
CONTINUOUS
10
4.7887440944881892
20
-3.1855905511811025
11
4.7910040551181101
21
-3.1860400787401573
0
LINE
8
BLACK
6
CONTINUOUS
10
4.2954371259842521
20
-3.1594416535433072
11
4.2973529921259841
21
-3.1607218110236222
0
LINE
8
BLACK
6
CONTINUOUS
10
4.2973529921259841
20
-3.1607218110236222
11
4.2986331496062995
21
-3.1626376771653542
0
LINE
8
BLACK
6
CONTINUOUS
10
4.2986331496062995
20
-3.1626376771653542
11
4.2990826771653543
21
-3.1648976377952756
0
LINE
8
BLACK
6
CONTINUOUS
10
4.2990826771653543
20
-3.1648976377952756
11
4.2990826771653543
21
-3.1767086614173228
0
LINE
8
BLACK
6
CONTINUOUS
10
4.2990826771653543
20
-3.1767086614173228
11
4.2986331496062995
21
-3.1789686220472442
0
LINE
8
BLACK
6
CONTINUOUS
10
4.2986331496062995
20
-3.1789686220472442
11
4.2973529921259841
21
-3.1808844881889762
0
LINE
8
BLACK
6
CONTINUOUS
10
4.2973529921259841
20
-3.1808844881889762
11
4.2954371259842521
21
-3.1821646456692911
0
LINE
8
BLACK
6
CONTINUOUS
10
4.2954371259842521
20
-3.1821646456692911
11
4.2931771653543302
21
-3.1826141732283464
0
LINE
8
BLACK
6
CONTINUOUS
10
4.2931771653543302
20
-3.1826141732283464
11
4.2528228346456691
21
-3.1826141732283464
0
LINE
8
BLACK
6
CONTINUOUS
10
4.2528228346456691
20
-3.1826141732283464
11
4.2505628740157482
21
-3.1821646456692911
0
LINE
8
BLACK
6
CONTINUOUS
10
4.2505628740157482
20
-3.1821646456692911
11
4.2486470078740153
21
-3.1808844881889762
0
LINE
8
BLACK
6
CONTINUOUS
10
4.2486470078740153
20
-3.1808844881889762
11
4.2473668503937008
21
-3.1789686220472442
0
LINE
8
BLACK
6
CONTINUOUS
10
4.2473668503937008
20
-3.1789686220472442
11
4.246917322834646
21
-3.1767086614173228
0
LINE
8
BLACK
6
CONTINUOUS
10
4.246917322834646
20
-3.1767086614173228
11
4.246917322834646
21
-3.1648976377952756
0
LINE
8
BLACK
6
CONTINUOUS
10
4.246917322834646
20
-3.1648976377952756
11
4.2473668503937008
21
-3.1626376771653542
0
LINE
8
BLACK
6
CONTINUOUS
10
4.2473668503937008
20
-3.1626376771653542
11
4.2486470078740153
21
-3.1607218110236222
0
LINE
8
BLACK
6
CONTINUOUS
10
4.2486470078740153
20
-3.1607218110236222
11
4.2505628740157482
21
-3.1594416535433072
0
LINE
8
BLACK
6
CONTINUOUS
10
4.2505628740157482
20
-3.1594416535433072
11
4.2528228346456691
21
-3.1589921259842519
0
LINE
8
BLACK
6
CONTINUOUS
10
4.2528228346456691
20
-3.1589921259842519
11
4.2931771653543302
21
-3.1589921259842519
0
LINE
8
BLACK
6
CONTINUOUS
10
4.2931771653543302
20
-3.1589921259842519
11
4.2954371259842521
21
-3.1594416535433072
0
LINE
8
BLACK
6
CONTINUOUS
10
5.2273843307086612
20
-3.1474390157480316
11
5.2301783464566931
21
-3.1493059055118109
0
LINE
8
BLACK
6
CONTINUOUS
10
5.2301783464566931
20
-3.1493059055118109
11
5.2320452362204719
21
-3.1520999212598424
0
LINE
8
BLACK
6
CONTINUOUS
10
5.2320452362204719
20
-3.1520999212598424
11
5.2327007874015745
21
-3.1553956692913383
0
LINE
8
BLACK
6
CONTINUOUS
10
5.2327007874015745
20
-3.1553956692913383
11
5.2327007874015745
21
-3.1726200787401573
0
LINE
8
BLACK
6
CONTINUOUS
10
5.2327007874015745
20
-3.1726200787401573
11
5.2320452362204719
21
-3.1759158267716536
0
LINE
8
BLACK
6
CONTINUOUS
10
5.2320452362204719
20
-3.1759158267716536
11
5.2301783464566931
21
-3.1787098425196851
0
LINE
8
BLACK
6
CONTINUOUS
10
5.2301783464566931
20
-3.1787098425196851
11
5.2273843307086612
21
-3.1805767322834644
0
LINE
8
BLACK
6
CONTINUOUS
10
5.2273843307086612
20
-3.1805767322834644
11
5.2240885826771652
21
-3.181232283464567
0
LINE
8
BLACK
6
CONTINUOUS
10
5.2240885826771652
20
-3.181232283464567
11
5.2039114173228347
21
-3.181232283464567
0
LINE
8
BLACK
6
CONTINUOUS
10
5.2039114173228347
20
-3.181232283464567
11
5.2006156692913388
21
-3.1805767322834644
0
LINE
8
BLACK
6
CONTINUOUS
10
5.2006156692913388
20
-3.1805767322834644
11
5.1978216535433068
21
-3.1787098425196851
0
LINE
8
BLACK
6
CONTINUOUS
10
5.1978216535433068
20
-3.1787098425196851
11
5.1959547637795271
21
-3.1759158267716536
0
LINE
8
BLACK
6
CONTINUOUS
10
5.1959547637795271
20
-3.1759158267716536
11
5.1952992125984254
21
-3.1726200787401573
0
LINE
8
BLACK
6
CONTINUOUS
10
5.1952992125984254
20
-3.1726200787401573
11
5.1952992125984254
21
-3.1553956692913383
0
LINE
8
BLACK
6
CONTINUOUS
10
5.1952992125984254
20
-3.1553956692913383
11
5.1959547637795271
21
-3.1520999212598424
0
LINE
8
BLACK
6
CONTINUOUS
10
5.1959547637795271
20
-3.1520999212598424
11
5.1978216535433068
21
-3.1493059055118109
0
LINE
8
BLACK
6
CONTINUOUS
10
5.1978216535433068
20
-3.1493059055118109
11
5.2006156692913388
21
-3.1474390157480316
0
LINE
8
BLACK
6
CONTINUOUS
10
5.2006156692913388
20
-3.1474390157480316
11
5.2039114173228347
21
-3.146783464566929
0
LINE
8
BLACK
6
CONTINUOUS
10
5.2039114173228347
20
-3.146783464566929
11
5.2240885826771652
21
-3.146783464566929
0
LINE
8
BLACK
6
CONTINUOUS
10
5.2240885826771652
20
-3.146783464566929
11
5.2273843307086612
21
-3.1474390157480316
0
LINE
8
BLACK
6
CONTINUOUS
10
4.7014371259842518
20
-3.1486385039370077
11
4.7033529921259838
21
-3.1499186614173227
0
LINE
8
BLACK
6
CONTINUOUS
10
4.7033529921259838
20
-3.1499186614173227
11
4.7046331496062992
21
-3.1518345275590551
0
LINE
8
BLACK
6
CONTINUOUS
10
4.7046331496062992
20
-3.1518345275590551
11
4.705082677165354
21
-3.1540944881889761
0
LINE
8
BLACK
6
CONTINUOUS
10
4.705082677165354
20
-3.1540944881889761
11
4.705082677165354
21
-3.1659055118110238
0
LINE
8
BLACK
6
CONTINUOUS
10
4.705082677165354
20
-3.1659055118110238
11
4.7046331496062992
21
-3.1681654724409447
0
LINE
8
BLACK
6
CONTINUOUS
10
4.7046331496062992
20
-3.1681654724409447
11
4.7033529921259838
21
-3.1700813385826772
0
LINE
8
BLACK
6
CONTINUOUS
10
4.7033529921259838
20
-3.1700813385826772
11
4.7014371259842518
21
-3.1713614960629921
0
LINE
8
BLACK
6
CONTINUOUS
10
4.7014371259842518
20
-3.1713614960629921
11
4.6991771653543308
21
-3.1718110236220474
0
LINE
8
BLACK
6
CONTINUOUS
10
4.6991771653543308
20
-3.1718110236220474
11
4.6588228346456688
21
-3.1718110236220474
0
LINE
8
BLACK
6
CONTINUOUS
10
4.6588228346456688
20
-3.1718110236220474
11
4.6565628740157479
21
-3.1713614960629921
0
LINE
8
BLACK
6
CONTINUOUS
10
4.6565628740157479
20
-3.1713614960629921
11
4.6546470078740159
21
-3.1700813385826772
0
LINE
8
BLACK
6
CONTINUOUS
10
4.6546470078740159
20
-3.1700813385826772
11
4.6533668503937005
21
-3.1681654724409447
0
LINE
8
BLACK
6
CONTINUOUS
10
4.6533668503937005
20
-3.1681654724409447
11
4.6529173228346457
21
-3.1659055118110238
0
LINE
8
BLACK
6
CONTINUOUS
10
4.6529173228346457
20
-3.1659055118110238
11
4.6529173228346457
21
-3.1540944881889761
0
LINE
8
BLACK
6
CONTINUOUS
10
4.6529173228346457
20
-3.1540944881889761
11
4.6533668503937005
21
-3.1518345275590551
0
LINE
8
BLACK
6
CONTINUOUS
10
4.6533668503937005
20
-3.1518345275590551
11
4.6546470078740159
21
-3.1499186614173227
0
LINE
8
BLACK
6
CONTINUOUS
10
4.6546470078740159
20
-3.1499186614173227
11
4.6565628740157479
21
-3.1486385039370077
0
LINE
8
BLACK
6
CONTINUOUS
10
4.6565628740157479
20
-3.1486385039370077
11
4.6588228346456688
21
-3.1481889763779525
0
LINE
8
BLACK
6
CONTINUOUS
10
4.6588228346456688
20
-3.1481889763779525
11
4.6991771653543308
21
-3.1481889763779525
0
LINE
8
BLACK
6
CONTINUOUS
10
4.6991771653543308
20
-3.1481889763779525
11
4.7014371259842518
21
-3.1486385039370077
0
LINE
8
BLACK
6
CONTINUOUS
10
5.3877402755905512
20
-3.1366385039370077
11
5.3896561417322832
21
-3.1379186614173227
0
LINE
8
BLACK
6
CONTINUOUS
10
5.3896561417322832
20
-3.1379186614173227
11
5.3909362992125986
21
-3.1398345275590551
0
LINE
8
BLACK
6
CONTINUOUS
10
5.3909362992125986
20
-3.1398345275590551
11
5.3913858267716535
21
-3.1420944881889765
0
LINE
8
BLACK
6
CONTINUOUS
10
5.3913858267716535
20
-3.1420944881889765
11
5.3913858267716535
21
-3.1539055118110237
0
LINE
8
BLACK
6
CONTINUOUS
10
5.3913858267716535
20
-3.1539055118110237
11
5.3909362992125986
21
-3.1561654724409447
0
LINE
8
BLACK
6
CONTINUOUS
10
5.3909362992125986
20
-3.1561654724409447
11
5.3896561417322832
21
-3.1580813385826771
0
LINE
8
BLACK
6
CONTINUOUS
10
5.3896561417322832
20
-3.1580813385826771
11
5.3877402755905512
21
-3.1593614960629921
0
LINE
8
BLACK
6
CONTINUOUS
10
5.3877402755905512
20
-3.1593614960629921
11
5.3854803149606294
21
-3.1598110236220474
0
LINE
8
BLACK
6
CONTINUOUS
10
5.3854803149606294
20
-3.1598110236220474
11
5.3205196850393701
21
-3.1598110236220474
0
LINE
8
BLACK
6
CONTINUOUS
10
5.3205196850393701
20
-3.1598110236220474
11
5.3182597244094483
21
-3.1593614960629921
0
LINE
8
BLACK
6
CONTINUOUS
10
5.3182597244094483
20
-3.1593614960629921
11
5.3163438582677163
21
-3.1580813385826771
0
LINE
8
BLACK
6
CONTINUOUS
10
5.3163438582677163
20
-3.1580813385826771
11
5.3150637007874018
21
-3.1561654724409447
0
LINE
8
BLACK
6
CONTINUOUS
10
5.3150637007874018
20
-3.1561654724409447
11
5.3146141732283461
21
-3.1539055118110237
0
LINE
8
BLACK
6
CONTINUOUS
10
5.3146141732283461
20
-3.1539055118110237
11
5.3146141732283461
21
-3.1420944881889765
0
LINE
8
BLACK
6
CONTINUOUS
10
5.3146141732283461
20
-3.1420944881889765
11
5.3150637007874018
21
-3.1398345275590551
0
LINE
8
BLACK
6
CONTINUOUS
10
5.3150637007874018
20
-3.1398345275590551
11
5.3163438582677163
21
-3.1379186614173227
0
LINE
8
BLACK
6
CONTINUOUS
10
5.3163438582677163
20
-3.1379186614173227
11
5.3182597244094483
21
-3.1366385039370077
0
LINE
8
BLACK
6
CONTINUOUS
10
5.3182597244094483
20
-3.1366385039370077
11
5.3205196850393701
21
-3.1361889763779525
0
LINE
8
BLACK
6
CONTINUOUS
10
5.3205196850393701
20
-3.1361889763779525
11
5.3854803149606294
21
-3.1361889763779525
0
LINE
8
BLACK
6
CONTINUOUS
10
5.3854803149606294
20
-3.1361889763779525
11
5.3877402755905512
21
-3.1366385039370077
0
LINE
8
BLACK
6
CONTINUOUS
10
5.5826221653543309
20
-3.1366385039370077
11
5.5845380314960629
21
-3.1379186614173227
0
LINE
8
BLACK
6
CONTINUOUS
10
5.5845380314960629
20
-3.1379186614173227
11
5.5858181889763774
21
-3.1398345275590551
0
LINE
8
BLACK
6
CONTINUOUS
10
5.5858181889763774
20
-3.1398345275590551
11
5.5862677165354331
21
-3.1420944881889765
0
LINE
8
BLACK
6
CONTINUOUS
10
5.5862677165354331
20
-3.1420944881889765
11
5.5862677165354331
21
-3.1539055118110237
0
LINE
8
BLACK
6
CONTINUOUS
10
5.5862677165354331
20
-3.1539055118110237
11
5.5858181889763774
21
-3.1561654724409447
0
LINE
8
BLACK
6
CONTINUOUS
10
5.5858181889763774
20
-3.1561654724409447
11
5.5845380314960629
21
-3.1580813385826771
0
LINE
8
BLACK
6
CONTINUOUS
10
5.5845380314960629
20
-3.1580813385826771
11
5.5826221653543309
21
-3.1593614960629921
0
LINE
8
BLACK
6
CONTINUOUS
10
5.5826221653543309
20
-3.1593614960629921
11
5.580362204724409
21
-3.1598110236220474
0
LINE
8
BLACK
6
CONTINUOUS
10
5.580362204724409
20
-3.1598110236220474
11
5.5154015748031497
21
-3.1598110236220474
0
LINE
8
BLACK
6
CONTINUOUS
10
5.5154015748031497
20
-3.1598110236220474
11
5.5131416141732279
21
-3.1593614960629921
0
LINE
8
BLACK
6
CONTINUOUS
10
5.5131416141732279
20
-3.1593614960629921
11
5.5112257480314959
21
-3.1580813385826771
0
LINE
8
BLACK
6
CONTINUOUS
10
5.5112257480314959
20
-3.1580813385826771
11
5.5099455905511814
21
-3.1561654724409447
0
LINE
8
BLACK
6
CONTINUOUS
10
5.5099455905511814
20
-3.1561654724409447
11
5.5094960629921257
21
-3.1539055118110237
0
LINE
8
BLACK
6
CONTINUOUS
10
5.5094960629921257
20
-3.1539055118110237
11
5.5094960629921257
21
-3.1420944881889765
0
LINE
8
BLACK
6
CONTINUOUS
10
5.5094960629921257
20
-3.1420944881889765
11
5.5099455905511814
21
-3.1398345275590551
0
LINE
8
BLACK
6
CONTINUOUS
10
5.5099455905511814
20
-3.1398345275590551
11
5.5112257480314959
21
-3.1379186614173227
0
LINE
8
BLACK
6
CONTINUOUS
10
5.5112257480314959
20
-3.1379186614173227
11
5.5131416141732279
21
-3.1366385039370077
0
LINE
8
BLACK
6
CONTINUOUS
10
5.5131416141732279
20
-3.1366385039370077
11
5.5154015748031497
21
-3.1361889763779525
0
LINE
8
BLACK
6
CONTINUOUS
10
5.5154015748031497
20
-3.1361889763779525
11
5.580362204724409
21
-3.1361889763779525
0
LINE
8
BLACK
6
CONTINUOUS
10
5.580362204724409
20
-3.1361889763779525
11
5.5826221653543309
21
-3.1366385039370077
0
LINE
8
BLACK
6
CONTINUOUS
10
4.3850040551181104
20
-3.1220400787401572
11
4.3869199212598424
21
-3.1233202362204722
0
LINE
8
BLACK
6
CONTINUOUS
10
4.3869199212598424
20
-3.1233202362204722
11
4.3882000787401569
21
-3.1252361023622046
0
LINE
8
BLACK
6
CONTINUOUS
10
4.3882000787401569
20
-3.1252361023622046
11
4.3886496062992126
21
-3.127496062992126
0
LINE
8
BLACK
6
CONTINUOUS
10
4.3886496062992126
20
-3.127496062992126
11
4.3886496062992126
21
-3.1393070866141732
0
LINE
8
BLACK
6
CONTINUOUS
10
4.3886496062992126
20
-3.1393070866141732
11
4.3882000787401569
21
-3.1415670472440946
0
LINE
8
BLACK
6
CONTINUOUS
10
4.3882000787401569
20
-3.1415670472440946
11
4.3869199212598424
21
-3.1434829133858266
0
LINE
8
BLACK
6
CONTINUOUS
10
4.3869199212598424
20
-3.1434829133858266
11
4.3850040551181104
21
-3.1447630708661416
0
LINE
8
BLACK
6
CONTINUOUS
10
4.3850040551181104
20
-3.1447630708661416
11
4.3827440944881886
21
-3.1452125984251968
0
LINE
8
BLACK
6
CONTINUOUS
10
4.3827440944881886
20
-3.1452125984251968
11
4.3423897637795275
21
-3.1452125984251968
0
LINE
8
BLACK
6
CONTINUOUS
10
4.3423897637795275
20
-3.1452125984251968
11
4.3401298031496065
21
-3.1447630708661416
0
LINE
8
BLACK
6
CONTINUOUS
10
4.3401298031496065
20
-3.1447630708661416
11
4.3382139370078736
21
-3.1434829133858266
0
LINE
8
BLACK
6
CONTINUOUS
10
4.3382139370078736
20
-3.1434829133858266
11
4.3369337795275591
21
-3.1415670472440946
0
LINE
8
BLACK
6
CONTINUOUS
10
4.3369337795275591
20
-3.1415670472440946
11
4.3364842519685034
21
-3.1393070866141732
0
LINE
8
BLACK
6
CONTINUOUS
10
4.3364842519685034
20
-3.1393070866141732
11
4.3364842519685034
21
-3.127496062992126
0
LINE
8
BLACK
6
CONTINUOUS
10
4.3364842519685034
20
-3.127496062992126
11
4.3369337795275591
21
-3.1252361023622046
0
LINE
8
BLACK
6
CONTINUOUS
10
4.3369337795275591
20
-3.1252361023622046
11
4.3382139370078736
21
-3.1233202362204722
0
LINE
8
BLACK
6
CONTINUOUS
10
4.3382139370078736
20
-3.1233202362204722
11
4.3401298031496065
21
-3.1220400787401572
0
LINE
8
BLACK
6
CONTINUOUS
10
4.3401298031496065
20
-3.1220400787401572
11
4.3423897637795275
21
-3.1215905511811024
0
LINE
8
BLACK
6
CONTINUOUS
10
4.3423897637795275
20
-3.1215905511811024
11
4.3827440944881886
21
-3.1215905511811024
0
LINE
8
BLACK
6
CONTINUOUS
10
4.3827440944881886
20
-3.1215905511811024
11
4.3850040551181104
21
-3.1220400787401572
0
LINE
8
BLACK
6
CONTINUOUS
10
5.2273843307086612
20
-3.0854311417322835
11
5.2301783464566931
21
-3.0872980314960627
0
LINE
8
BLACK
6
CONTINUOUS
10
5.2301783464566931
20
-3.0872980314960627
11
5.2320452362204719
21
-3.0900920472440943
0
LINE
8
BLACK
6
CONTINUOUS
10
5.2320452362204719
20
-3.0900920472440943
11
5.2327007874015745
21
-3.0933877952755906
0
LINE
8
BLACK
6
CONTINUOUS
10
5.2327007874015745
20
-3.0933877952755906
11
5.2327007874015745
21
-3.1106122047244096
0
LINE
8
BLACK
6
CONTINUOUS
10
5.2327007874015745
20
-3.1106122047244096
11
5.2320452362204719
21
-3.1139079527559055
0
LINE
8
BLACK
6
CONTINUOUS
10
5.2320452362204719
20
-3.1139079527559055
11
5.2301783464566931
21
-3.116701968503937
0
LINE
8
BLACK
6
CONTINUOUS
10
5.2301783464566931
20
-3.116701968503937
11
5.2273843307086612
21
-3.1185688582677167
0
LINE
8
BLACK
6
CONTINUOUS
10
5.2273843307086612
20
-3.1185688582677167
11
5.2240885826771652
21
-3.1192244094488188
0
LINE
8
BLACK
6
CONTINUOUS
10
5.2240885826771652
20
-3.1192244094488188
11
5.2039114173228347
21
-3.1192244094488188
0
LINE
8
BLACK
6
CONTINUOUS
10
5.2039114173228347
20
-3.1192244094488188
11
5.2006156692913388
21
-3.1185688582677167
0
LINE
8
BLACK
6
CONTINUOUS
10
5.2006156692913388
20
-3.1185688582677167
11
5.1978216535433068
21
-3.116701968503937
0
LINE
8
BLACK
6
CONTINUOUS
10
5.1978216535433068
20
-3.116701968503937
11
5.1959547637795271
21
-3.1139079527559055
0
LINE
8
BLACK
6
CONTINUOUS
10
5.1959547637795271
20
-3.1139079527559055
11
5.1952992125984254
21
-3.1106122047244096
0
LINE
8
BLACK
6
CONTINUOUS
10
5.1952992125984254
20
-3.1106122047244096
11
5.1952992125984254
21
-3.0933877952755906
0
LINE
8
BLACK
6
CONTINUOUS
10
5.1952992125984254
20
-3.0933877952755906
11
5.1959547637795271
21
-3.0900920472440943
0
LINE
8
BLACK
6
CONTINUOUS
10
5.1959547637795271
20
-3.0900920472440943
11
5.1978216535433068
21
-3.0872980314960627
0
LINE
8
BLACK
6
CONTINUOUS
10
5.1978216535433068
20
-3.0872980314960627
11
5.2006156692913388
21
-3.0854311417322835
0
LINE
8
BLACK
6
CONTINUOUS
10
5.2006156692913388
20
-3.0854311417322835
11
5.2039114173228347
21
-3.0847755905511809
0
LINE
8
BLACK
6
CONTINUOUS
10
5.2039114173228347
20
-3.0847755905511809
11
5.2240885826771652
21
-3.0847755905511809
0
LINE
8
BLACK
6
CONTINUOUS
10
5.2240885826771652
20
-3.0847755905511809
11
5.2273843307086612
21
-3.0854311417322835
0
LINE
8
BLACK
6
CONTINUOUS
10
5.7063843307086612
20
-3.0814390157480314
11
5.7091783464566932
21
-3.0833059055118111
0
LINE
8
BLACK
6
CONTINUOUS
10
5.7091783464566932
20
-3.0833059055118111
11
5.711045236220472
21
-3.0860999212598426
0
LINE
8
BLACK
6
CONTINUOUS
10
5.711045236220472
20
-3.0860999212598426
11
5.7117007874015746
21
-3.0893956692913385
0
LINE
8
BLACK
6
CONTINUOUS
10
5.7117007874015746
20
-3.0893956692913385
11
5.7117007874015746
21
-3.1066200787401574
0
LINE
8
BLACK
6
CONTINUOUS
10
5.7117007874015746
20
-3.1066200787401574
11
5.711045236220472
21
-3.1099158267716533
0
LINE
8
BLACK
6
CONTINUOUS
10
5.711045236220472
20
-3.1099158267716533
11
5.7091783464566932
21
-3.1127098425196849
0
LINE
8
BLACK
6
CONTINUOUS
10
5.7091783464566932
20
-3.1127098425196849
11
5.7063843307086612
21
-3.1145767322834645
0
LINE
8
BLACK
6
CONTINUOUS
10
5.7063843307086612
20
-3.1145767322834645
11
5.7030885826771653
21
-3.1152322834645667
0
LINE
8
BLACK
6
CONTINUOUS
10
5.7030885826771653
20
-3.1152322834645667
11
5.6829114173228348
21
-3.1152322834645667
0
LINE
8
BLACK
6
CONTINUOUS
10
5.6829114173228348
20
-3.1152322834645667
11
5.6796156692913389
21
-3.1145767322834645
0
LINE
8
BLACK
6
CONTINUOUS
10
5.6796156692913389
20
-3.1145767322834645
11
5.6768216535433069
21
-3.1127098425196849
0
LINE
8
BLACK
6
CONTINUOUS
10
5.6768216535433069
20
-3.1127098425196849
11
5.6749547637795272
21
-3.1099158267716533
0
LINE
8
BLACK
6
CONTINUOUS
10
5.6749547637795272
20
-3.1099158267716533
11
5.6742992125984246
21
-3.1066200787401574
0
LINE
8
BLACK
6
CONTINUOUS
10
5.6742992125984246
20
-3.1066200787401574
11
5.6742992125984246
21
-3.0893956692913385
0
LINE
8
BLACK
6
CONTINUOUS
10
5.6742992125984246
20
-3.0893956692913385
11
5.6749547637795272
21
-3.0860999212598426
0
LINE
8
BLACK
6
CONTINUOUS
10
5.6749547637795272
20
-3.0860999212598426
11
5.6768216535433069
21
-3.0833059055118111
0
LINE
8
BLACK
6
CONTINUOUS
10
5.6768216535433069
20
-3.0833059055118111
11
5.6796156692913389
21
-3.0814390157480314
0
LINE
8
BLACK
6
CONTINUOUS
10
5.6796156692913389
20
-3.0814390157480314
11
5.6829114173228348
21
-3.0807834645669292
0
LINE
8
BLACK
6
CONTINUOUS
10
5.6829114173228348
20
-3.0807834645669292
11
5.7030885826771653
21
-3.0807834645669292
0
LINE
8
BLACK
6
CONTINUOUS
10
5.7030885826771653
20
-3.0807834645669292
11
5.7063843307086612
21
-3.0814390157480314
0
LINE
8
BLACK
6
CONTINUOUS
10
5.3877402755905512
20
-3.0866385039370079
11
5.3896561417322832
21
-3.0879186614173229
0
LINE
8
BLACK
6
CONTINUOUS
10
5.3896561417322832
20
-3.0879186614173229
11
5.3909362992125986
21
-3.0898345275590549
0
LINE
8
BLACK
6
CONTINUOUS
10
5.3909362992125986
20
-3.0898345275590549
11
5.3913858267716535
21
-3.0920944881889763
0
LINE
8
BLACK
6
CONTINUOUS
10
5.3913858267716535
20
-3.0920944881889763
11
5.3913858267716535
21
-3.1039055118110235
0
LINE
8
BLACK
6
CONTINUOUS
10
5.3913858267716535
20
-3.1039055118110235
11
5.3909362992125986
21
-3.1061654724409449
0
LINE
8
BLACK
6
CONTINUOUS
10
5.3909362992125986
20
-3.1061654724409449
11
5.3896561417322832
21
-3.1080813385826769
0
LINE
8
BLACK
6
CONTINUOUS
10
5.3896561417322832
20
-3.1080813385826769
11
5.3877402755905512
21
-3.1093614960629918
0
LINE
8
BLACK
6
CONTINUOUS
10
5.3877402755905512
20
-3.1093614960629918
11
5.3854803149606294
21
-3.1098110236220471
0
LINE
8
BLACK
6
CONTINUOUS
10
5.3854803149606294
20
-3.1098110236220471
11
5.3205196850393701
21
-3.1098110236220471
0
LINE
8
BLACK
6
CONTINUOUS
10
5.3205196850393701
20
-3.1098110236220471
11
5.3182597244094483
21
-3.1093614960629918
0
LINE
8
BLACK
6
CONTINUOUS
10
5.3182597244094483
20
-3.1093614960629918
11
5.3163438582677163
21
-3.1080813385826769
0
LINE
8
BLACK
6
CONTINUOUS
10
5.3163438582677163
20
-3.1080813385826769
11
5.3150637007874018
21
-3.1061654724409449
0
LINE
8
BLACK
6
CONTINUOUS
10
5.3150637007874018
20
-3.1061654724409449
11
5.3146141732283461
21
-3.1039055118110235
0
LINE
8
BLACK
6
CONTINUOUS
10
5.3146141732283461
20
-3.1039055118110235
11
5.3146141732283461
21
-3.0920944881889763
0
LINE
8
BLACK
6
CONTINUOUS
10
5.3146141732283461
20
-3.0920944881889763
11
5.3150637007874018
21
-3.0898345275590549
0
LINE
8
BLACK
6
CONTINUOUS
10
5.3150637007874018
20
-3.0898345275590549
11
5.3163438582677163
21
-3.0879186614173229
0
LINE
8
BLACK
6
CONTINUOUS
10
5.3163438582677163
20
-3.0879186614173229
11
5.3182597244094483
21
-3.0866385039370079
0
LINE
8
BLACK
6
CONTINUOUS
10
5.3182597244094483
20
-3.0866385039370079
11
5.3205196850393701
21
-3.0861889763779526
0
LINE
8
BLACK
6
CONTINUOUS
10
5.3205196850393701
20
-3.0861889763779526
11
5.3854803149606294
21
-3.0861889763779526
0
LINE
8
BLACK
6
CONTINUOUS
10
5.3854803149606294
20
-3.0861889763779526
11
5.3877402755905512
21
-3.0866385039370079
0
LINE
8
BLACK
6
CONTINUOUS
10
5.5826221653543309
20
-3.0866385039370079
11
5.5845380314960629
21
-3.0879186614173229
0
LINE
8
BLACK
6
CONTINUOUS
10
5.5845380314960629
20
-3.0879186614173229
11
5.5858181889763774
21
-3.0898345275590549
0
LINE
8
BLACK
6
CONTINUOUS
10
5.5858181889763774
20
-3.0898345275590549
11
5.5862677165354331
21
-3.0920944881889763
0
LINE
8
BLACK
6
CONTINUOUS
10
5.5862677165354331
20
-3.0920944881889763
11
5.5862677165354331
21
-3.1039055118110235
0
LINE
8
BLACK
6
CONTINUOUS
10
5.5862677165354331
20
-3.1039055118110235
11
5.5858181889763774
21
-3.1061654724409449
0
LINE
8
BLACK
6
CONTINUOUS
10
5.5858181889763774
20
-3.1061654724409449
11
5.5845380314960629
21
-3.1080813385826769
0
LINE
8
BLACK
6
CONTINUOUS
10
5.5845380314960629
20
-3.1080813385826769
11
5.5826221653543309
21
-3.1093614960629918
0
LINE
8
BLACK
6
CONTINUOUS
10
5.5826221653543309
20
-3.1093614960629918
11
5.580362204724409
21
-3.1098110236220471
0
LINE
8
BLACK
6
CONTINUOUS
10
5.580362204724409
20
-3.1098110236220471
11
5.5154015748031497
21
-3.1098110236220471
0
LINE
8
BLACK
6
CONTINUOUS
10
5.5154015748031497
20
-3.1098110236220471
11
5.5131416141732279
21
-3.1093614960629918
0
LINE
8
BLACK
6
CONTINUOUS
10
5.5131416141732279
20
-3.1093614960629918
11
5.5112257480314959
21
-3.1080813385826769
0
LINE
8
BLACK
6
CONTINUOUS
10
5.5112257480314959
20
-3.1080813385826769
11
5.5099455905511814
21
-3.1061654724409449
0
LINE
8
BLACK
6
CONTINUOUS
10
5.5099455905511814
20
-3.1061654724409449
11
5.5094960629921257
21
-3.1039055118110235
0
LINE
8
BLACK
6
CONTINUOUS
10
5.5094960629921257
20
-3.1039055118110235
11
5.5094960629921257
21
-3.0920944881889763
0
LINE
8
BLACK
6
CONTINUOUS
10
5.5094960629921257
20
-3.0920944881889763
11
5.5099455905511814
21
-3.0898345275590549
0
LINE
8
BLACK
6
CONTINUOUS
10
5.5099455905511814
20
-3.0898345275590549
11
5.5112257480314959
21
-3.0879186614173229
0
LINE
8
BLACK
6
CONTINUOUS
10
5.5112257480314959
20
-3.0879186614173229
11
5.5131416141732279
21
-3.0866385039370079
0
LINE
8
BLACK
6
CONTINUOUS
10
5.5131416141732279
20
-3.0866385039370079
11
5.5154015748031497
21
-3.0861889763779526
0
LINE
8
BLACK
6
CONTINUOUS
10
5.5154015748031497
20
-3.0861889763779526
11
5.580362204724409
21
-3.0861889763779526
0
LINE
8
BLACK
6
CONTINUOUS
10
5.580362204724409
20
-3.0861889763779526
11
5.5826221653543309
21
-3.0866385039370079
0
LINE
8
BLACK
6
CONTINUOUS
10
4.2954371259842521
20
-3.0846385039370077
11
4.2973529921259841
21
-3.0859186614173226
0
LINE
8
BLACK
6
CONTINUOUS
10
4.2973529921259841
20
-3.0859186614173226
11
4.2986331496062995
21
-3.0878345275590551
0
LINE
8
BLACK
6
CONTINUOUS
10
4.2986331496062995
20
-3.0878345275590551
11
4.2990826771653543
21
-3.0900944881889765
0
LINE
8
BLACK
6
CONTINUOUS
10
4.2990826771653543
20
-3.0900944881889765
11
4.2990826771653543
21
-3.1019055118110237
0
LINE
8
BLACK
6
CONTINUOUS
10
4.2990826771653543
20
-3.1019055118110237
11
4.2986331496062995
21
-3.1041654724409447
0
LINE
8
BLACK
6
CONTINUOUS
10
4.2986331496062995
20
-3.1041654724409447
11
4.2973529921259841
21
-3.1060813385826771
0
LINE
8
BLACK
6
CONTINUOUS
10
4.2973529921259841
20
-3.1060813385826771
11
4.2954371259842521
21
-3.1073614960629921
0
LINE
8
BLACK
6
CONTINUOUS
10
4.2954371259842521
20
-3.1073614960629921
11
4.2931771653543302
21
-3.1078110236220473
0
LINE
8
BLACK
6
CONTINUOUS
10
4.2931771653543302
20
-3.1078110236220473
11
4.2528228346456691
21
-3.1078110236220473
0
LINE
8
BLACK
6
CONTINUOUS
10
4.2528228346456691
20
-3.1078110236220473
11
4.2505628740157482
21
-3.1073614960629921
0
LINE
8
BLACK
6
CONTINUOUS
10
4.2505628740157482
20
-3.1073614960629921
11
4.2486470078740153
21
-3.1060813385826771
0
LINE
8
BLACK
6
CONTINUOUS
10
4.2486470078740153
20
-3.1060813385826771
11
4.2473668503937008
21
-3.1041654724409447
0
LINE
8
BLACK
6
CONTINUOUS
10
4.2473668503937008
20
-3.1041654724409447
11
4.246917322834646
21
-3.1019055118110237
0
LINE
8
BLACK
6
CONTINUOUS
10
4.246917322834646
20
-3.1019055118110237
11
4.246917322834646
21
-3.0900944881889765
0
LINE
8
BLACK
6
CONTINUOUS
10
4.246917322834646
20
-3.0900944881889765
11
4.2473668503937008
21
-3.0878345275590551
0
LINE
8
BLACK
6
CONTINUOUS
10
4.2473668503937008
20
-3.0878345275590551
11
4.2486470078740153
21
-3.0859186614173226
0
LINE
8
BLACK
6
CONTINUOUS
10
4.2486470078740153
20
-3.0859186614173226
11
4.2505628740157482
21
-3.0846385039370077
0
LINE
8
BLACK
6
CONTINUOUS
10
4.2505628740157482
20
-3.0846385039370077
11
4.2528228346456691
21
-3.0841889763779529
0
LINE
8
BLACK
6
CONTINUOUS
10
4.2528228346456691
20
-3.0841889763779529
11
4.2931771653543302
21
-3.0841889763779529
0
LINE
8
BLACK
6
CONTINUOUS
10
4.2931771653543302
20
-3.0841889763779529
11
4.2954371259842521
21
-3.0846385039370077
0
LINE
8
BLACK
6
CONTINUOUS
10
4.4891654724409449
20
-3.0219337795275591
11
4.4910813385826769
21
-3.0232139370078741
0
LINE
8
BLACK
6
CONTINUOUS
10
4.4910813385826769
20
-3.0232139370078741
11
4.4923614960629923
21
-3.0251298031496061
0
LINE
8
BLACK
6
CONTINUOUS
10
4.4923614960629923
20
-3.0251298031496061
11
4.4928110236220471
21
-3.0273897637795275
0
LINE
8
BLACK
6
CONTINUOUS
10
4.4928110236220471
20
-3.0273897637795275
11
4.4928110236220471
21
-3.0677440944881891
0
LINE
8
BLACK
6
CONTINUOUS
10
4.4928110236220471
20
-3.0677440944881891
11
4.4923614960629923
21
-3.07000405511811
0
LINE
8
BLACK
6
CONTINUOUS
10
4.4923614960629923
20
-3.07000405511811
11
4.4910813385826769
21
-3.0719199212598425
0
LINE
8
BLACK
6
CONTINUOUS
10
4.4910813385826769
20
-3.0719199212598425
11
4.4891654724409449
21
-3.0732000787401574
0
LINE
8
BLACK
6
CONTINUOUS
10
4.4891654724409449
20
-3.0732000787401574
11
4.4869055118110239
21
-3.0736496062992127
0
LINE
8
BLACK
6
CONTINUOUS
10
4.4869055118110239
20
-3.0736496062992127
11
4.4750944881889767
21
-3.0736496062992127
0
LINE
8
BLACK
6
CONTINUOUS
10
4.4750944881889767
20
-3.0736496062992127
11
4.4728345275590549
21
-3.0732000787401574
0
LINE
8
BLACK
6
CONTINUOUS
10
4.4728345275590549
20
-3.0732000787401574
11
4.4709186614173229
21
-3.0719199212598425
0
LINE
8
BLACK
6
CONTINUOUS
10
4.4709186614173229
20
-3.0719199212598425
11
4.4696385039370075
21
-3.07000405511811
0
LINE
8
BLACK
6
CONTINUOUS
10
4.4696385039370075
20
-3.07000405511811
11
4.4691889763779526
21
-3.0677440944881891
0
LINE
8
BLACK
6
CONTINUOUS
10
4.4691889763779526
20
-3.0677440944881891
11
4.4691889763779526
21
-3.0273897637795275
0
LINE
8
BLACK
6
CONTINUOUS
10
4.4691889763779526
20
-3.0273897637795275
11
4.4696385039370075
21
-3.0251298031496061
0
LINE
8
BLACK
6
CONTINUOUS
10
4.4696385039370075
20
-3.0251298031496061
11
4.4709186614173229
21
-3.0232139370078741
0
LINE
8
BLACK
6
CONTINUOUS
10
4.4709186614173229
20
-3.0232139370078741
11
4.4728345275590549
21
-3.0219337795275591
0
LINE
8
BLACK
6
CONTINUOUS
10
4.4728345275590549
20
-3.0219337795275591
11
4.4750944881889767
21
-3.0214842519685039
0
LINE
8
BLACK
6
CONTINUOUS
10
4.4750944881889767
20
-3.0214842519685039
11
4.4869055118110239
21
-3.0214842519685039
0
LINE
8
BLACK
6
CONTINUOUS
10
4.4869055118110239
20
-3.0214842519685039
11
4.4891654724409449
21
-3.0219337795275591
0
LINE
8
BLACK
6
CONTINUOUS
10
4.526567047244094
20
-3.0219337795275591
11
4.5284829133858269
21
-3.0232139370078741
0
LINE
8
BLACK
6
CONTINUOUS
10
4.5284829133858269
20
-3.0232139370078741
11
4.5297630708661414
21
-3.0251298031496061
0
LINE
8
BLACK
6
CONTINUOUS
10
4.5297630708661414
20
-3.0251298031496061
11
4.5302125984251971
21
-3.0273897637795275
0
LINE
8
BLACK
6
CONTINUOUS
10
4.5302125984251971
20
-3.0273897637795275
11
4.5302125984251971
21
-3.0677440944881891
0
LINE
8
BLACK
6
CONTINUOUS
10
4.5302125984251971
20
-3.0677440944881891
11
4.5297630708661414
21
-3.07000405511811
0
LINE
8
BLACK
6
CONTINUOUS
10
4.5297630708661414
20
-3.07000405511811
11
4.5284829133858269
21
-3.0719199212598425
0
LINE
8
BLACK
6
CONTINUOUS
10
4.5284829133858269
20
-3.0719199212598425
11
4.526567047244094
21
-3.0732000787401574
0
LINE
8
BLACK
6
CONTINUOUS
10
4.526567047244094
20
-3.0732000787401574
11
4.524307086614173
21
-3.0736496062992127
0
LINE
8
BLACK
6
CONTINUOUS
10
4.524307086614173
20
-3.0736496062992127
11
4.5124960629921258
21
-3.0736496062992127
0
LINE
8
BLACK
6
CONTINUOUS
10
4.5124960629921258
20
-3.0736496062992127
11
4.5102361023622048
21
-3.0732000787401574
0
LINE
8
BLACK
6
CONTINUOUS
10
4.5102361023622048
20
-3.0732000787401574
11
4.508320236220472
21
-3.0719199212598425
0
LINE
8
BLACK
6
CONTINUOUS
10
4.508320236220472
20
-3.0719199212598425
11
4.5070400787401574
21
-3.07000405511811
0
LINE
8
BLACK
6
CONTINUOUS
10
4.5070400787401574
20
-3.07000405511811
11
4.5065905511811026
21
-3.0677440944881891
0
LINE
8
BLACK
6
CONTINUOUS
10
4.5065905511811026
20
-3.0677440944881891
11
4.5065905511811026
21
-3.0273897637795275
0
LINE
8
BLACK
6
CONTINUOUS
10
4.5065905511811026
20
-3.0273897637795275
11
4.5070400787401574
21
-3.0251298031496061
0
LINE
8
BLACK
6
CONTINUOUS
10
4.5070400787401574
20
-3.0251298031496061
11
4.508320236220472
21
-3.0232139370078741
0
LINE
8
BLACK
6
CONTINUOUS
10
4.508320236220472
20
-3.0232139370078741
11
4.5102361023622048
21
-3.0219337795275591
0
LINE
8
BLACK
6
CONTINUOUS
10
4.5102361023622048
20
-3.0219337795275591
11
4.5124960629921258
21
-3.0214842519685039
0
LINE
8
BLACK
6
CONTINUOUS
10
4.5124960629921258
20
-3.0214842519685039
11
4.524307086614173
21
-3.0214842519685039
0
LINE
8
BLACK
6
CONTINUOUS
10
4.524307086614173
20
-3.0214842519685039
11
4.526567047244094
21
-3.0219337795275591
0
LINE
8
BLACK
6
CONTINUOUS
10
4.563968622047244
20
-3.0219337795275591
11
4.565884488188976
21
-3.0232139370078741
0
LINE
8
BLACK
6
CONTINUOUS
10
4.565884488188976
20
-3.0232139370078741
11
4.5671646456692914
21
-3.0251298031496061
0
LINE
8
BLACK
6
CONTINUOUS
10
4.5671646456692914
20
-3.0251298031496061
11
4.5676141732283462
21
-3.0273897637795275
0
LINE
8
BLACK
6
CONTINUOUS
10
4.5676141732283462
20
-3.0273897637795275
11
4.5676141732283462
21
-3.0677440944881891
0
LINE
8
BLACK
6
CONTINUOUS
10
4.5676141732283462
20
-3.0677440944881891
11
4.5671646456692914
21
-3.07000405511811
0
LINE
8
BLACK
6
CONTINUOUS
10
4.5671646456692914
20
-3.07000405511811
11
4.565884488188976
21
-3.0719199212598425
0
LINE
8
BLACK
6
CONTINUOUS
10
4.565884488188976
20
-3.0719199212598425
11
4.563968622047244
21
-3.0732000787401574
0
LINE
8
BLACK
6
CONTINUOUS
10
4.563968622047244
20
-3.0732000787401574
11
4.561708661417323
21
-3.0736496062992127
0
LINE
8
BLACK
6
CONTINUOUS
10
4.561708661417323
20
-3.0736496062992127
11
4.5498976377952758
21
-3.0736496062992127
0
LINE
8
BLACK
6
CONTINUOUS
10
4.5498976377952758
20
-3.0736496062992127
11
4.5476376771653539
21
-3.0732000787401574
0
LINE
8
BLACK
6
CONTINUOUS
10
4.5476376771653539
20
-3.0732000787401574
11
4.5457218110236219
21
-3.0719199212598425
0
LINE
8
BLACK
6
CONTINUOUS
10
4.5457218110236219
20
-3.0719199212598425
11
4.5444416535433074
21
-3.07000405511811
0
LINE
8
BLACK
6
CONTINUOUS
10
4.5444416535433074
20
-3.07000405511811
11
4.5439921259842517
21
-3.0677440944881891
0
LINE
8
BLACK
6
CONTINUOUS
10
4.5439921259842517
20
-3.0677440944881891
11
4.5439921259842517
21
-3.0273897637795275
0
LINE
8
BLACK
6
CONTINUOUS
10
4.5439921259842517
20
-3.0273897637795275
11
4.5444416535433074
21
-3.0251298031496061
0
LINE
8
BLACK
6
CONTINUOUS
10
4.5444416535433074
20
-3.0251298031496061
11
4.5457218110236219
21
-3.0232139370078741
0
LINE
8
BLACK
6
CONTINUOUS
10
4.5457218110236219
20
-3.0232139370078741
11
4.5476376771653539
21
-3.0219337795275591
0
LINE
8
BLACK
6
CONTINUOUS
10
4.5476376771653539
20
-3.0219337795275591
11
4.5498976377952758
21
-3.0214842519685039
0
LINE
8
BLACK
6
CONTINUOUS
10
4.5498976377952758
20
-3.0214842519685039
11
4.561708661417323
21
-3.0214842519685039
0
LINE
8
BLACK
6
CONTINUOUS
10
4.561708661417323
20
-3.0214842519685039
11
4.563968622047244
21
-3.0219337795275591
0
LINE
8
BLACK
6
CONTINUOUS
10
4.774165472440945
20
-3.0179337795275591
11
4.776081338582677
21
-3.0192139370078741
0
LINE
8
BLACK
6
CONTINUOUS
10
4.776081338582677
20
-3.0192139370078741
11
4.7773614960629924
21
-3.0211298031496061
0
LINE
8
BLACK
6
CONTINUOUS
10
4.7773614960629924
20
-3.0211298031496061
11
4.7778110236220472
21
-3.0233897637795275
0
LINE
8
BLACK
6
CONTINUOUS
10
4.7778110236220472
20
-3.0233897637795275
11
4.7778110236220472
21
-3.0637440944881891
0
LINE
8
BLACK
6
CONTINUOUS
10
4.7778110236220472
20
-3.0637440944881891
11
4.7773614960629924
21
-3.06600405511811
0
LINE
8
BLACK
6
CONTINUOUS
10
4.7773614960629924
20
-3.06600405511811
11
4.776081338582677
21
-3.0679199212598425
0
LINE
8
BLACK
6
CONTINUOUS
10
4.776081338582677
20
-3.0679199212598425
11
4.774165472440945
21
-3.0692000787401574
0
LINE
8
BLACK
6
CONTINUOUS
10
4.774165472440945
20
-3.0692000787401574
11
4.7719055118110232
21
-3.0696496062992127
0
LINE
8
BLACK
6
CONTINUOUS
10
4.7719055118110232
20
-3.0696496062992127
11
4.760094488188976
21
-3.0696496062992127
0
LINE
8
BLACK
6
CONTINUOUS
10
4.760094488188976
20
-3.0696496062992127
11
4.757834527559055
21
-3.0692000787401574
0
LINE
8
BLACK
6
CONTINUOUS
10
4.757834527559055
20
-3.0692000787401574
11
4.755918661417323
21
-3.0679199212598425
0
LINE
8
BLACK
6
CONTINUOUS
10
4.755918661417323
20
-3.0679199212598425
11
4.7546385039370076
21
-3.06600405511811
0
LINE
8
BLACK
6
CONTINUOUS
10
4.7546385039370076
20
-3.06600405511811
11
4.7541889763779528
21
-3.0637440944881891
0
LINE
8
BLACK
6
CONTINUOUS
10
4.7541889763779528
20
-3.0637440944881891
11
4.7541889763779528
21
-3.0233897637795275
0
LINE
8
BLACK
6
CONTINUOUS
10
4.7541889763779528
20
-3.0233897637795275
11
4.7546385039370076
21
-3.0211298031496061
0
LINE
8
BLACK
6
CONTINUOUS
10
4.7546385039370076
20
-3.0211298031496061
11
4.755918661417323
21
-3.0192139370078741
0
LINE
8
BLACK
6
CONTINUOUS
10
4.755918661417323
20
-3.0192139370078741
11
4.757834527559055
21
-3.0179337795275591
0
LINE
8
BLACK
6
CONTINUOUS
10
4.757834527559055
20
-3.0179337795275591
11
4.760094488188976
21
-3.0174842519685039
0
LINE
8
BLACK
6
CONTINUOUS
10
4.760094488188976
20
-3.0174842519685039
11
4.7719055118110232
21
-3.0174842519685039
0
LINE
8
BLACK
6
CONTINUOUS
10
4.7719055118110232
20
-3.0174842519685039
11
4.774165472440945
21
-3.0179337795275591
0
LINE
8
BLACK
6
CONTINUOUS
10
4.8115670472440941
20
-3.0179337795275591
11
4.813482913385827
21
-3.0192139370078741
0
LINE
8
BLACK
6
CONTINUOUS
10
4.813482913385827
20
-3.0192139370078741
11
4.8147630708661415
21
-3.0211298031496061
0
LINE
8
BLACK
6
CONTINUOUS
10
4.8147630708661415
20
-3.0211298031496061
11
4.8152125984251963
21
-3.0233897637795275
0
LINE
8
BLACK
6
CONTINUOUS
10
4.8152125984251963
20
-3.0233897637795275
11
4.8152125984251963
21
-3.0637440944881891
0
LINE
8
BLACK
6
CONTINUOUS
10
4.8152125984251963
20
-3.0637440944881891
11
4.8147630708661415
21
-3.06600405511811
0
LINE
8
BLACK
6
CONTINUOUS
10
4.8147630708661415
20
-3.06600405511811
11
4.813482913385827
21
-3.0679199212598425
0
LINE
8
BLACK
6
CONTINUOUS
10
4.813482913385827
20
-3.0679199212598425
11
4.8115670472440941
21
-3.0692000787401574
0
LINE
8
BLACK
6
CONTINUOUS
10
4.8115670472440941
20
-3.0692000787401574
11
4.8093070866141732
21
-3.0696496062992127
0
LINE
8
BLACK
6
CONTINUOUS
10
4.8093070866141732
20
-3.0696496062992127
11
4.7974960629921259
21
-3.0696496062992127
0
LINE
8
BLACK
6
CONTINUOUS
10
4.7974960629921259
20
-3.0696496062992127
11
4.795236102362205
21
-3.0692000787401574
0
LINE
8
BLACK
6
CONTINUOUS
10
4.795236102362205
20
-3.0692000787401574
11
4.7933202362204721
21
-3.0679199212598425
0
LINE
8
BLACK
6
CONTINUOUS
10
4.7933202362204721
20
-3.0679199212598425
11
4.7920400787401576
21
-3.06600405511811
0
LINE
8
BLACK
6
CONTINUOUS
10
4.7920400787401576
20
-3.06600405511811
11
4.7915905511811019
21
-3.0637440944881891
0
LINE
8
BLACK
6
CONTINUOUS
10
4.7915905511811019
20
-3.0637440944881891
11
4.7915905511811019
21
-3.0233897637795275
0
LINE
8
BLACK
6
CONTINUOUS
10
4.7915905511811019
20
-3.0233897637795275
11
4.7920400787401576
21
-3.0211298031496061
0
LINE
8
BLACK
6
CONTINUOUS
10
4.7920400787401576
20
-3.0211298031496061
11
4.7933202362204721
21
-3.0192139370078741
0
LINE
8
BLACK
6
CONTINUOUS
10
4.7933202362204721
20
-3.0192139370078741
11
4.795236102362205
21
-3.0179337795275591
0
LINE
8
BLACK
6
CONTINUOUS
10
4.795236102362205
20
-3.0179337795275591
11
4.7974960629921259
21
-3.0174842519685039
0
LINE
8
BLACK
6
CONTINUOUS
10
4.7974960629921259
20
-3.0174842519685039
11
4.8093070866141732
21
-3.0174842519685039
0
LINE
8
BLACK
6
CONTINUOUS
10
4.8093070866141732
20
-3.0174842519685039
11
4.8115670472440941
21
-3.0179337795275591
0
LINE
8
BLACK
6
CONTINUOUS
10
4.8489686220472441
20
-3.0179337795275591
11
4.8508844881889761
21
-3.0192139370078741
0
LINE
8
BLACK
6
CONTINUOUS
10
4.8508844881889761
20
-3.0192139370078741
11
4.8521646456692915
21
-3.0211298031496061
0
LINE
8
BLACK
6
CONTINUOUS
10
4.8521646456692915
20
-3.0211298031496061
11
4.8526141732283463
21
-3.0233897637795275
0
LINE
8
BLACK
6
CONTINUOUS
10
4.8526141732283463
20
-3.0233897637795275
11
4.8526141732283463
21
-3.0637440944881891
0
LINE
8
BLACK
6
CONTINUOUS
10
4.8526141732283463
20
-3.0637440944881891
11
4.8521646456692915
21
-3.06600405511811
0
LINE
8
BLACK
6
CONTINUOUS
10
4.8521646456692915
20
-3.06600405511811
11
4.8508844881889761
21
-3.0679199212598425
0
LINE
8
BLACK
6
CONTINUOUS
10
4.8508844881889761
20
-3.0679199212598425
11
4.8489686220472441
21
-3.0692000787401574
0
LINE
8
BLACK
6
CONTINUOUS
10
4.8489686220472441
20
-3.0692000787401574
11
4.8467086614173231
21
-3.0696496062992127
0
LINE
8
BLACK
6
CONTINUOUS
10
4.8467086614173231
20
-3.0696496062992127
11
4.834897637795275
21
-3.0696496062992127
0
LINE
8
BLACK
6
CONTINUOUS
10
4.834897637795275
20
-3.0696496062992127
11
4.8326376771653541
21
-3.0692000787401574
0
LINE
8
BLACK
6
CONTINUOUS
10
4.8326376771653541
20
-3.0692000787401574
11
4.8307218110236221
21
-3.0679199212598425
0
LINE
8
BLACK
6
CONTINUOUS
10
4.8307218110236221
20
-3.0679199212598425
11
4.8294416535433067
21
-3.06600405511811
0
LINE
8
BLACK
6
CONTINUOUS
10
4.8294416535433067
20
-3.06600405511811
11
4.8289921259842519
21
-3.0637440944881891
0
LINE
8
BLACK
6
CONTINUOUS
10
4.8289921259842519
20
-3.0637440944881891
11
4.8289921259842519
21
-3.0233897637795275
0
LINE
8
BLACK
6
CONTINUOUS
10
4.8289921259842519
20
-3.0233897637795275
11
4.8294416535433067
21
-3.0211298031496061
0
LINE
8
BLACK
6
CONTINUOUS
10
4.8294416535433067
20
-3.0211298031496061
11
4.8307218110236221
21
-3.0192139370078741
0
LINE
8
BLACK
6
CONTINUOUS
10
4.8307218110236221
20
-3.0192139370078741
11
4.8326376771653541
21
-3.0179337795275591
0
LINE
8
BLACK
6
CONTINUOUS
10
4.8326376771653541
20
-3.0179337795275591
11
4.834897637795275
21
-3.0174842519685039
0
LINE
8
BLACK
6
CONTINUOUS
10
4.834897637795275
20
-3.0174842519685039
11
4.8467086614173231
21
-3.0174842519685039
0
LINE
8
BLACK
6
CONTINUOUS
10
4.8467086614173231
20
-3.0174842519685039
11
4.8489686220472441
21
-3.0179337795275591
0
LINE
8
BLACK
6
CONTINUOUS
10
5.3877402755905512
20
-3.0366385039370076
11
5.3896561417322832
21
-3.0379186614173226
0
LINE
8
BLACK
6
CONTINUOUS
10
5.3896561417322832
20
-3.0379186614173226
11
5.3909362992125986
21
-3.039834527559055
0
LINE
8
BLACK
6
CONTINUOUS
10
5.3909362992125986
20
-3.039834527559055
11
5.3913858267716535
21
-3.0420944881889764
0
LINE
8
BLACK
6
CONTINUOUS
10
5.3913858267716535
20
-3.0420944881889764
11
5.3913858267716535
21
-3.0539055118110237
0
LINE
8
BLACK
6
CONTINUOUS
10
5.3913858267716535
20
-3.0539055118110237
11
5.3909362992125986
21
-3.0561654724409446
0
LINE
8
BLACK
6
CONTINUOUS
10
5.3909362992125986
20
-3.0561654724409446
11
5.3896561417322832
21
-3.0580813385826771
0
LINE
8
BLACK
6
CONTINUOUS
10
5.3896561417322832
20
-3.0580813385826771
11
5.3877402755905512
21
-3.059361496062992
0
LINE
8
BLACK
6
CONTINUOUS
10
5.3877402755905512
20
-3.059361496062992
11
5.3854803149606294
21
-3.0598110236220473
0
LINE
8
BLACK
6
CONTINUOUS
10
5.3854803149606294
20
-3.0598110236220473
11
5.3205196850393701
21
-3.0598110236220473
0
LINE
8
BLACK
6
CONTINUOUS
10
5.3205196850393701
20
-3.0598110236220473
11
5.3182597244094483
21
-3.059361496062992
0
LINE
8
BLACK
6
CONTINUOUS
10
5.3182597244094483
20
-3.059361496062992
11
5.3163438582677163
21
-3.0580813385826771
0
LINE
8
BLACK
6
CONTINUOUS
10
5.3163438582677163
20
-3.0580813385826771
11
5.3150637007874018
21
-3.0561654724409446
0
LINE
8
BLACK
6
CONTINUOUS
10
5.3150637007874018
20
-3.0561654724409446
11
5.3146141732283461
21
-3.0539055118110237
0
LINE
8
BLACK
6
CONTINUOUS
10
5.3146141732283461
20
-3.0539055118110237
11
5.3146141732283461
21
-3.0420944881889764
0
LINE
8
BLACK
6
CONTINUOUS
10
5.3146141732283461
20
-3.0420944881889764
11
5.3150637007874018
21
-3.039834527559055
0
LINE
8
BLACK
6
CONTINUOUS
10
5.3150637007874018
20
-3.039834527559055
11
5.3163438582677163
21
-3.0379186614173226
0
LINE
8
BLACK
6
CONTINUOUS
10
5.3163438582677163
20
-3.0379186614173226
11
5.3182597244094483
21
-3.0366385039370076
0
LINE
8
BLACK
6
CONTINUOUS
10
5.3182597244094483
20
-3.0366385039370076
11
5.3205196850393701
21
-3.0361889763779528
0
LINE
8
BLACK
6
CONTINUOUS
10
5.3205196850393701
20
-3.0361889763779528
11
5.3854803149606294
21
-3.0361889763779528
0
LINE
8
BLACK
6
CONTINUOUS
10
5.3854803149606294
20
-3.0361889763779528
11
5.3877402755905512
21
-3.0366385039370076
0
LINE
8
BLACK
6
CONTINUOUS
10
5.5826221653543309
20
-3.0366385039370076
11
5.5845380314960629
21
-3.0379186614173226
0
LINE
8
BLACK
6
CONTINUOUS
10
5.5845380314960629
20
-3.0379186614173226
11
5.5858181889763774
21
-3.039834527559055
0
LINE
8
BLACK
6
CONTINUOUS
10
5.5858181889763774
20
-3.039834527559055
11
5.5862677165354331
21
-3.0420944881889764
0
LINE
8
BLACK
6
CONTINUOUS
10
5.5862677165354331
20
-3.0420944881889764
11
5.5862677165354331
21
-3.0539055118110237
0
LINE
8
BLACK
6
CONTINUOUS
10
5.5862677165354331
20
-3.0539055118110237
11
5.5858181889763774
21
-3.0561654724409446
0
LINE
8
BLACK
6
CONTINUOUS
10
5.5858181889763774
20
-3.0561654724409446
11
5.5845380314960629
21
-3.0580813385826771
0
LINE
8
BLACK
6
CONTINUOUS
10
5.5845380314960629
20
-3.0580813385826771
11
5.5826221653543309
21
-3.059361496062992
0
LINE
8
BLACK
6
CONTINUOUS
10
5.5826221653543309
20
-3.059361496062992
11
5.580362204724409
21
-3.0598110236220473
0
LINE
8
BLACK
6
CONTINUOUS
10
5.580362204724409
20
-3.0598110236220473
11
5.5154015748031497
21
-3.0598110236220473
0
LINE
8
BLACK
6
CONTINUOUS
10
5.5154015748031497
20
-3.0598110236220473
11
5.5131416141732279
21
-3.059361496062992
0
LINE
8
BLACK
6
CONTINUOUS
10
5.5131416141732279
20
-3.059361496062992
11
5.5112257480314959
21
-3.0580813385826771
0
LINE
8
BLACK
6
CONTINUOUS
10
5.5112257480314959
20
-3.0580813385826771
11
5.5099455905511814
21
-3.0561654724409446
0
LINE
8
BLACK
6
CONTINUOUS
10
5.5099455905511814
20
-3.0561654724409446
11
5.5094960629921257
21
-3.0539055118110237
0
LINE
8
BLACK
6
CONTINUOUS
10
5.5094960629921257
20
-3.0539055118110237
11
5.5094960629921257
21
-3.0420944881889764
0
LINE
8
BLACK
6
CONTINUOUS
10
5.5094960629921257
20
-3.0420944881889764
11
5.5099455905511814
21
-3.039834527559055
0
LINE
8
BLACK
6
CONTINUOUS
10
5.5099455905511814
20
-3.039834527559055
11
5.5112257480314959
21
-3.0379186614173226
0
LINE
8
BLACK
6
CONTINUOUS
10
5.5112257480314959
20
-3.0379186614173226
11
5.5131416141732279
21
-3.0366385039370076
0
LINE
8
BLACK
6
CONTINUOUS
10
5.5131416141732279
20
-3.0366385039370076
11
5.5154015748031497
21
-3.0361889763779528
0
LINE
8
BLACK
6
CONTINUOUS
10
5.5154015748031497
20
-3.0361889763779528
11
5.580362204724409
21
-3.0361889763779528
0
LINE
8
BLACK
6
CONTINUOUS
10
5.580362204724409
20
-3.0361889763779528
11
5.5826221653543309
21
-3.0366385039370076
0
LINE
8
BLACK
6
CONTINUOUS
10
5.244372874015748
20
-3.0082059055118111
11
5.2475660236220474
21
-3.0103394881889765
0
LINE
8
BLACK
6
CONTINUOUS
10
5.2475660236220474
20
-3.0103394881889765
11
5.2496996062992123
21
-3.0135326377952754
0
LINE
8
BLACK
6
CONTINUOUS
10
5.2496996062992123
20
-3.0135326377952754
11
5.2504488188976373
21
-3.017299212598425
0
LINE
8
BLACK
6
CONTINUOUS
10
5.2504488188976373
20
-3.017299212598425
11
5.2504488188976373
21
-3.048795275590551
0
LINE
8
BLACK
6
CONTINUOUS
10
5.2504488188976373
20
-3.048795275590551
11
5.2496996062992123
21
-3.0525618503937006
0
LINE
8
BLACK
6
CONTINUOUS
10
5.2496996062992123
20
-3.0525618503937006
11
5.2475660236220474
21
-3.055755
0
LINE
8
BLACK
6
CONTINUOUS
10
5.2475660236220474
20
-3.055755
11
5.244372874015748
21
-3.0578885826771653
0
LINE
8
BLACK
6
CONTINUOUS
10
5.244372874015748
20
-3.0578885826771653
11
5.2406062992125984
21
-3.0586377952755903
0
LINE
8
BLACK
6
CONTINUOUS
10
5.2406062992125984
20
-3.0586377952755903
11
5.1913937007874011
21
-3.0586377952755903
0
LINE
8
BLACK
6
CONTINUOUS
10
5.1913937007874011
20
-3.0586377952755903
11
5.1876271259842515
21
-3.0578885826771653
0
LINE
8
BLACK
6
CONTINUOUS
10
5.1876271259842515
20
-3.0578885826771653
11
5.184433976377953
21
-3.055755
0
LINE
8
BLACK
6
CONTINUOUS
10
5.184433976377953
20
-3.055755
11
5.1823003937007872
21
-3.0525618503937006
0
LINE
8
BLACK
6
CONTINUOUS
10
5.1823003937007872
20
-3.0525618503937006
11
5.1815511811023622
21
-3.048795275590551
0
LINE
8
BLACK
6
CONTINUOUS
10
5.1815511811023622
20
-3.048795275590551
11
5.1815511811023622
21
-3.017299212598425
0
LINE
8
BLACK
6
CONTINUOUS
10
5.1815511811023622
20
-3.017299212598425
11
5.1823003937007872
21
-3.0135326377952754
0
LINE
8
BLACK
6
CONTINUOUS
10
5.1823003937007872
20
-3.0135326377952754
11
5.184433976377953
21
-3.0103394881889765
0
LINE
8
BLACK
6
CONTINUOUS
10
5.184433976377953
20
-3.0103394881889765
11
5.1876271259842515
21
-3.0082059055118111
0
LINE
8
BLACK
6
CONTINUOUS
10
5.1876271259842515
20
-3.0082059055118111
11
5.1913937007874011
21
-3.0074566929133857
0
LINE
8
BLACK
6
CONTINUOUS
10
5.1913937007874011
20
-3.0074566929133857
11
5.2406062992125984
21
-3.0074566929133857
0
LINE
8
BLACK
6
CONTINUOUS
10
5.2406062992125984
20
-3.0074566929133857
11
5.244372874015748
21
-3.0082059055118111
0
LINE
8
BLACK
6
CONTINUOUS
10
4.9860067322834647
20
-2.9833161417322835
11
4.989199881889764
21
-2.9854497244094489
0
LINE
8
BLACK
6
CONTINUOUS
10
4.989199881889764
20
-2.9854497244094489
11
4.9913334645669289
21
-2.9886428740157478
0
LINE
8
BLACK
6
CONTINUOUS
10
4.9913334645669289
20
-2.9886428740157478
11
4.9920826771653539
21
-2.9924094488188975
0
LINE
8
BLACK
6
CONTINUOUS
10
4.9920826771653539
20
-2.9924094488188975
11
4.9920826771653539
21
-3.0435905511811021
0
LINE
8
BLACK
6
CONTINUOUS
10
4.9920826771653539
20
-3.0435905511811021
11
4.9913334645669289
21
-3.0473571259842518
0
LINE
8
BLACK
6
CONTINUOUS
10
4.9913334645669289
20
-3.0473571259842518
11
4.989199881889764
21
-3.0505502755905511
0
LINE
8
BLACK
6
CONTINUOUS
10
4.989199881889764
20
-3.0505502755905511
11
4.9860067322834647
21
-3.0526838582677165
0
LINE
8
BLACK
6
CONTINUOUS
10
4.9860067322834647
20
-3.0526838582677165
11
4.982240157480315
21
-3.0534330708661415
0
LINE
8
BLACK
6
CONTINUOUS
10
4.982240157480315
20
-3.0534330708661415
11
4.9497598425196845
21
-3.0534330708661415
0
LINE
8
BLACK
6
CONTINUOUS
10
4.9497598425196845
20
-3.0534330708661415
11
4.9459932677165357
21
-3.0526838582677165
0
LINE
8
BLACK
6
CONTINUOUS
10
4.9459932677165357
20
-3.0526838582677165
11
4.9428001181102363
21
-3.0505502755905511
0
LINE
8
BLACK
6
CONTINUOUS
10
4.9428001181102363
20
-3.0505502755905511
11
4.9406665354330705
21
-3.0473571259842518
0
LINE
8
BLACK
6
CONTINUOUS
10
4.9406665354330705
20
-3.0473571259842518
11
4.9399173228346456
21
-3.0435905511811021
0
LINE
8
BLACK
6
CONTINUOUS
10
4.9399173228346456
20
-3.0435905511811021
11
4.9399173228346456
21
-2.9924094488188975
0
LINE
8
BLACK
6
CONTINUOUS
10
4.9399173228346456
20
-2.9924094488188975
11
4.9406665354330705
21
-2.9886428740157478
0
LINE
8
BLACK
6
CONTINUOUS
10
4.9406665354330705
20
-2.9886428740157478
11
4.9428001181102363
21
-2.9854497244094489
0
LINE
8
BLACK
6
CONTINUOUS
10
4.9428001181102363
20
-2.9854497244094489
11
4.9459932677165357
21
-2.9833161417322835
0
LINE
8
BLACK
6
CONTINUOUS
10
4.9459932677165357
20
-2.9833161417322835
11
4.9497598425196845
21
-2.9825669291338581
0
LINE
8
BLACK
6
CONTINUOUS
10
4.9497598425196845
20
-2.9825669291338581
11
4.982240157480315
21
-2.9825669291338581
0
LINE
8
BLACK
6
CONTINUOUS
10
4.982240157480315
20
-2.9825669291338581
11
4.9860067322834647
21
-2.9833161417322835
0
LINE
8
BLACK
6
CONTINUOUS
10
5.1090382283464564
20
-2.9833161417322835
11
5.1122313779527557
21
-2.9854497244094489
0
LINE
8
BLACK
6
CONTINUOUS
10
5.1122313779527557
20
-2.9854497244094489
11
5.1143649606299215
21
-2.9886428740157478
0
LINE
8
BLACK
6
CONTINUOUS
10
5.1143649606299215
20
-2.9886428740157478
11
5.1151141732283465
21
-2.9924094488188975
0
LINE
8
BLACK
6
CONTINUOUS
10
5.1151141732283465
20
-2.9924094488188975
11
5.1151141732283465
21
-3.0435905511811021
0
LINE
8
BLACK
6
CONTINUOUS
10
5.1151141732283465
20
-3.0435905511811021
11
5.1143649606299215
21
-3.0473571259842518
0
LINE
8
BLACK
6
CONTINUOUS
10
5.1143649606299215
20
-3.0473571259842518
11
5.1122313779527557
21
-3.0505502755905511
0
LINE
8
BLACK
6
CONTINUOUS
10
5.1122313779527557
20
-3.0505502755905511
11
5.1090382283464564
21
-3.0526838582677165
0
LINE
8
BLACK
6
CONTINUOUS
10
5.1090382283464564
20
-3.0526838582677165
11
5.1052716535433067
21
-3.0534330708661415
0
LINE
8
BLACK
6
CONTINUOUS
10
5.1052716535433067
20
-3.0534330708661415
11
5.0727913385826771
21
-3.0534330708661415
0
LINE
8
BLACK
6
CONTINUOUS
10
5.0727913385826771
20
-3.0534330708661415
11
5.0690247637795274
21
-3.0526838582677165
0
LINE
8
BLACK
6
CONTINUOUS
10
5.0690247637795274
20
-3.0526838582677165
11
5.065831614173228
21
-3.0505502755905511
0
LINE
8
BLACK
6
CONTINUOUS
10
5.065831614173228
20
-3.0505502755905511
11
5.0636980314960631
21
-3.0473571259842518
0
LINE
8
BLACK
6
CONTINUOUS
10
5.0636980314960631
20
-3.0473571259842518
11
5.0629488188976373
21
-3.0435905511811021
0
LINE
8
BLACK
6
CONTINUOUS
10
5.0629488188976373
20
-3.0435905511811021
11
5.0629488188976373
21
-2.9924094488188975
0
LINE
8
BLACK
6
CONTINUOUS
10
5.0629488188976373
20
-2.9924094488188975
11
5.0636980314960631
21
-2.9886428740157478
0
LINE
8
BLACK
6
CONTINUOUS
10
5.0636980314960631
20
-2.9886428740157478
11
5.065831614173228
21
-2.9854497244094489
0
LINE
8
BLACK
6
CONTINUOUS
10
5.065831614173228
20
-2.9854497244094489
11
5.0690247637795274
21
-2.9833161417322835
0
LINE
8
BLACK
6
CONTINUOUS
10
5.0690247637795274
20
-2.9833161417322835
11
5.0727913385826771
21
-2.9825669291338581
0
LINE
8
BLACK
6
CONTINUOUS
10
5.0727913385826771
20
-2.9825669291338581
11
5.1052716535433067
21
-2.9825669291338581
0
LINE
8
BLACK
6
CONTINUOUS
10
5.1052716535433067
20
-2.9825669291338581
11
5.1090382283464564
21
-2.9833161417322835
0
LINE
8
BLACK
6
CONTINUOUS
10
5.7063843307086612
20
-3.0194311417322832
11
5.7091783464566932
21
-3.0212980314960629
0
LINE
8
BLACK
6
CONTINUOUS
10
5.7091783464566932
20
-3.0212980314960629
11
5.711045236220472
21
-3.0240920472440944
0
LINE
8
BLACK
6
CONTINUOUS
10
5.711045236220472
20
-3.0240920472440944
11
5.7117007874015746
21
-3.0273877952755903
0
LINE
8
BLACK
6
CONTINUOUS
10
5.7117007874015746
20
-3.0273877952755903
11
5.7117007874015746
21
-3.0446122047244093
0
LINE
8
BLACK
6
CONTINUOUS
10
5.7117007874015746
20
-3.0446122047244093
11
5.711045236220472
21
-3.0479079527559056
0
LINE
8
BLACK
6
CONTINUOUS
10
5.711045236220472
20
-3.0479079527559056
11
5.7091783464566932
21
-3.0507019685039372
0
LINE
8
BLACK
6
CONTINUOUS
10
5.7091783464566932
20
-3.0507019685039372
11
5.7063843307086612
21
-3.0525688582677164
0
LINE
8
BLACK
6
CONTINUOUS
10
5.7063843307086612
20
-3.0525688582677164
11
5.7030885826771653
21
-3.053224409448819
0
LINE
8
BLACK
6
CONTINUOUS
10
5.7030885826771653
20
-3.053224409448819
11
5.6829114173228348
21
-3.053224409448819
0
LINE
8
BLACK
6
CONTINUOUS
10
5.6829114173228348
20
-3.053224409448819
11
5.6796156692913389
21
-3.0525688582677164
0
LINE
8
BLACK
6
CONTINUOUS
10
5.6796156692913389
20
-3.0525688582677164
11
5.6768216535433069
21
-3.0507019685039372
0
LINE
8
BLACK
6
CONTINUOUS
10
5.6768216535433069
20
-3.0507019685039372
11
5.6749547637795272
21
-3.0479079527559056
0
LINE
8
BLACK
6
CONTINUOUS
10
5.6749547637795272
20
-3.0479079527559056
11
5.6742992125984246
21
-3.0446122047244093
0
LINE
8
BLACK
6
CONTINUOUS
10
5.6742992125984246
20
-3.0446122047244093
11
5.6742992125984246
21
-3.0273877952755903
0
LINE
8
BLACK
6
CONTINUOUS
10
5.6742992125984246
20
-3.0273877952755903
11
5.6749547637795272
21
-3.0240920472440944
0
LINE
8
BLACK
6
CONTINUOUS
10
5.6749547637795272
20
-3.0240920472440944
11
5.6768216535433069
21
-3.0212980314960629
0
LINE
8
BLACK
6
CONTINUOUS
10
5.6768216535433069
20
-3.0212980314960629
11
5.6796156692913389
21
-3.0194311417322832
0
LINE
8
BLACK
6
CONTINUOUS
10
5.6796156692913389
20
-3.0194311417322832
11
5.6829114173228348
21
-3.0187755905511811
0
LINE
8
BLACK
6
CONTINUOUS
10
5.6829114173228348
20
-3.0187755905511811
11
5.7030885826771653
21
-3.0187755905511811
0
LINE
8
BLACK
6
CONTINUOUS
10
5.7030885826771653
20
-3.0187755905511811
11
5.7063843307086612
21
-3.0194311417322832
0
LINE
8
BLACK
6
CONTINUOUS
10
5.7243728740157476
20
-2.9422059055118108
11
5.7275660236220469
21
-2.9443394881889762
0
LINE
8
BLACK
6
CONTINUOUS
10
5.7275660236220469
20
-2.9443394881889762
11
5.7296996062992127
21
-2.9475326377952755
0
LINE
8
BLACK
6
CONTINUOUS
10
5.7296996062992127
20
-2.9475326377952755
11
5.7304488188976377
21
-2.9512992125984252
0
LINE
8
BLACK
6
CONTINUOUS
10
5.7304488188976377
20
-2.9512992125984252
11
5.7304488188976377
21
-2.9827952755905511
0
LINE
8
BLACK
6
CONTINUOUS
10
5.7304488188976377
20
-2.9827952755905511
11
5.7296996062992127
21
-2.9865618503937008
0
LINE
8
BLACK
6
CONTINUOUS
10
5.7296996062992127
20
-2.9865618503937008
11
5.7275660236220469
21
-2.9897549999999997
0
LINE
8
BLACK
6
CONTINUOUS
10
5.7275660236220469
20
-2.9897549999999997
11
5.7243728740157476
21
-2.9918885826771651
0
LINE
8
BLACK
6
CONTINUOUS
10
5.7243728740157476
20
-2.9918885826771651
11
5.7206062992125979
21
-2.9926377952755905
0
LINE
8
BLACK
6
CONTINUOUS
10
5.7206062992125979
20
-2.9926377952755905
11
5.6713937007874016
21
-2.9926377952755905
0
LINE
8
BLACK
6
CONTINUOUS
10
5.6713937007874016
20
-2.9926377952755905
11
5.6676271259842519
21
-2.9918885826771651
0
LINE
8
BLACK
6
CONTINUOUS
10
5.6676271259842519
20
-2.9918885826771651
11
5.6644339763779525
21
-2.9897549999999997
0
LINE
8
BLACK
6
CONTINUOUS
10
5.6644339763779525
20
-2.9897549999999997
11
5.6623003937007876
21
-2.9865618503937008
0
LINE
8
BLACK
6
CONTINUOUS
10
5.6623003937007876
20
-2.9865618503937008
11
5.6615511811023618
21
-2.9827952755905511
0
LINE
8
BLACK
6
CONTINUOUS
10
5.6615511811023618
20
-2.9827952755905511
11
5.6615511811023618
21
-2.9512992125984252
0
LINE
8
BLACK
6
CONTINUOUS
10
5.6615511811023618
20
-2.9512992125984252
11
5.6623003937007876
21
-2.9475326377952755
0
LINE
8
BLACK
6
CONTINUOUS
10
5.6623003937007876
20
-2.9475326377952755
11
5.6644339763779525
21
-2.9443394881889762
0
LINE
8
BLACK
6
CONTINUOUS
10
5.6644339763779525
20
-2.9443394881889762
11
5.6676271259842519
21
-2.9422059055118108
0
LINE
8
BLACK
6
CONTINUOUS
10
5.6676271259842519
20
-2.9422059055118108
11
5.6713937007874016
21
-2.9414566929133859
0
LINE
8
BLACK
6
CONTINUOUS
10
5.6713937007874016
20
-2.9414566929133859
11
5.7206062992125979
21
-2.9414566929133859
0
LINE
8
BLACK
6
CONTINUOUS
10
5.7206062992125979
20
-2.9414566929133859
11
5.7243728740157476
21
-2.9422059055118108
0
LINE
8
BLACK
6
CONTINUOUS
10
4.1630067322834643
20
-2.9223161417322836
11
4.1661998818897636
21
-2.9244497244094489
0
LINE
8
BLACK
6
CONTINUOUS
10
4.1661998818897636
20
-2.9244497244094489
11
4.1683334645669294
21
-2.9276428740157479
0
LINE
8
BLACK
6
CONTINUOUS
10
4.1683334645669294
20
-2.9276428740157479
11
4.1690826771653544
21
-2.9314094488188975
0
LINE
8
BLACK
6
CONTINUOUS
10
4.1690826771653544
20
-2.9314094488188975
11
4.1690826771653544
21
-2.9825905511811022
0
LINE
8
BLACK
6
CONTINUOUS
10
4.1690826771653544
20
-2.9825905511811022
11
4.1683334645669294
21
-2.9863571259842518
0
LINE
8
BLACK
6
CONTINUOUS
10
4.1683334645669294
20
-2.9863571259842518
11
4.1661998818897636
21
-2.9895502755905512
0
LINE
8
BLACK
6
CONTINUOUS
10
4.1661998818897636
20
-2.9895502755905512
11
4.1630067322834643
21
-2.9916838582677165
0
LINE
8
BLACK
6
CONTINUOUS
10
4.1630067322834643
20
-2.9916838582677165
11
4.1592401574803146
21
-2.9924330708661415
0
LINE
8
BLACK
6
CONTINUOUS
10
4.1592401574803146
20
-2.9924330708661415
11
4.126759842519685
21
-2.9924330708661415
0
LINE
8
BLACK
6
CONTINUOUS
10
4.126759842519685
20
-2.9924330708661415
11
4.1229932677165353
21
-2.9916838582677165
0
LINE
8
BLACK
6
CONTINUOUS
10
4.1229932677165353
20
-2.9916838582677165
11
4.1198001181102359
21
-2.9895502755905512
0
LINE
8
BLACK
6
CONTINUOUS
10
4.1198001181102359
20
-2.9895502755905512
11
4.117666535433071
21
-2.9863571259842518
0
LINE
8
BLACK
6
CONTINUOUS
10
4.117666535433071
20
-2.9863571259842518
11
4.1169173228346452
21
-2.9825905511811022
0
LINE
8
BLACK
6
CONTINUOUS
10
4.1169173228346452
20
-2.9825905511811022
11
4.1169173228346452
21
-2.9314094488188975
0
LINE
8
BLACK
6
CONTINUOUS
10
4.1169173228346452
20
-2.9314094488188975
11
4.117666535433071
21
-2.9276428740157479
0
LINE
8
BLACK
6
CONTINUOUS
10
4.117666535433071
20
-2.9276428740157479
11
4.1198001181102359
21
-2.9244497244094489
0
LINE
8
BLACK
6
CONTINUOUS
10
4.1198001181102359
20
-2.9244497244094489
11
4.1229932677165353
21
-2.9223161417322836
0
LINE
8
BLACK
6
CONTINUOUS
10
4.1229932677165353
20
-2.9223161417322836
11
4.126759842519685
21
-2.9215669291338582
0
LINE
8
BLACK
6
CONTINUOUS
10
4.126759842519685
20
-2.9215669291338582
11
4.1592401574803146
21
-2.9215669291338582
0
LINE
8
BLACK
6
CONTINUOUS
10
4.1592401574803146
20
-2.9215669291338582
11
4.1630067322834643
21
-2.9223161417322836
0
LINE
8
BLACK
6
CONTINUOUS
10
4.2860382283464569
20
-2.9223161417322836
11
4.2892313779527562
21
-2.9244497244094489
0
LINE
8
BLACK
6
CONTINUOUS
10
4.2892313779527562
20
-2.9244497244094489
11
4.2913649606299211
21
-2.9276428740157479
0
LINE
8
BLACK
6
CONTINUOUS
10
4.2913649606299211
20
-2.9276428740157479
11
4.2921141732283461
21
-2.9314094488188975
0
LINE
8
BLACK
6
CONTINUOUS
10
4.2921141732283461
20
-2.9314094488188975
11
4.2921141732283461
21
-2.9825905511811022
0
LINE
8
BLACK
6
CONTINUOUS
10
4.2921141732283461
20
-2.9825905511811022
11
4.2913649606299211
21
-2.9863571259842518
0
LINE
8
BLACK
6
CONTINUOUS
10
4.2913649606299211
20
-2.9863571259842518
11
4.2892313779527562
21
-2.9895502755905512
0
LINE
8
BLACK
6
CONTINUOUS
10
4.2892313779527562
20
-2.9895502755905512
11
4.2860382283464569
21
-2.9916838582677165
0
LINE
8
BLACK
6
CONTINUOUS
10
4.2860382283464569
20
-2.9916838582677165
11
4.2822716535433072
21
-2.9924330708661415
0
LINE
8
BLACK
6
CONTINUOUS
10
4.2822716535433072
20
-2.9924330708661415
11
4.2497913385826767
21
-2.9924330708661415
0
LINE
8
BLACK
6
CONTINUOUS
10
4.2497913385826767
20
-2.9924330708661415
11
4.2460247637795279
21
-2.9916838582677165
0
LINE
8
BLACK
6
CONTINUOUS
10
4.2460247637795279
20
-2.9916838582677165
11
4.2428316141732285
21
-2.9895502755905512
0
LINE
8
BLACK
6
CONTINUOUS
10
4.2428316141732285
20
-2.9895502755905512
11
4.2406980314960627
21
-2.9863571259842518
0
LINE
8
BLACK
6
CONTINUOUS
10
4.2406980314960627
20
-2.9863571259842518
11
4.2399488188976378
21
-2.9825905511811022
0
LINE
8
BLACK
6
CONTINUOUS
10
4.2399488188976378
20
-2.9825905511811022
11
4.2399488188976378
21
-2.9314094488188975
0
LINE
8
BLACK
6
CONTINUOUS
10
4.2399488188976378
20
-2.9314094488188975
11
4.2406980314960627
21
-2.9276428740157479
0
LINE
8
BLACK
6
CONTINUOUS
10
4.2406980314960627
20
-2.9276428740157479
11
4.2428316141732285
21
-2.9244497244094489
0
LINE
8
BLACK
6
CONTINUOUS
10
4.2428316141732285
20
-2.9244497244094489
11
4.2460247637795279
21
-2.9223161417322836
0
LINE
8
BLACK
6
CONTINUOUS
10
4.2460247637795279
20
-2.9223161417322836
11
4.2497913385826767
21
-2.9215669291338582
0
LINE
8
BLACK
6
CONTINUOUS
10
4.2497913385826767
20
-2.9215669291338582
11
4.2822716535433072
21
-2.9215669291338582
0
LINE
8
BLACK
6
CONTINUOUS
10
4.2822716535433072
20
-2.9215669291338582
11
4.2860382283464569
21
-2.9223161417322836
0
LINE
8
BLACK
6
CONTINUOUS
10
4.4891654724409449
20
-2.9323668503937008
11
4.4910813385826769
21
-2.9336470078740158
0
LINE
8
BLACK
6
CONTINUOUS
10
4.4910813385826769
20
-2.9336470078740158
11
4.4923614960629923
21
-2.9355628740157478
0
LINE
8
BLACK
6
CONTINUOUS
10
4.4923614960629923
20
-2.9355628740157478
11
4.4928110236220471
21
-2.9378228346456692
0
LINE
8
BLACK
6
CONTINUOUS
10
4.4928110236220471
20
-2.9378228346456692
11
4.4928110236220471
21
-2.9781771653543307
0
LINE
8
BLACK
6
CONTINUOUS
10
4.4928110236220471
20
-2.9781771653543307
11
4.4923614960629923
21
-2.9804371259842517
0
LINE
8
BLACK
6
CONTINUOUS
10
4.4923614960629923
20
-2.9804371259842517
11
4.4910813385826769
21
-2.9823529921259841
0
LINE
8
BLACK
6
CONTINUOUS
10
4.4910813385826769
20
-2.9823529921259841
11
4.4891654724409449
21
-2.9836331496062991
0
LINE
8
BLACK
6
CONTINUOUS
10
4.4891654724409449
20
-2.9836331496062991
11
4.4869055118110239
21
-2.9840826771653544
0
LINE
8
BLACK
6
CONTINUOUS
10
4.4869055118110239
20
-2.9840826771653544
11
4.4750944881889767
21
-2.9840826771653544
0
LINE
8
BLACK
6
CONTINUOUS
10
4.4750944881889767
20
-2.9840826771653544
11
4.4728345275590549
21
-2.9836331496062991
0
LINE
8
BLACK
6
CONTINUOUS
10
4.4728345275590549
20
-2.9836331496062991
11
4.4709186614173229
21
-2.9823529921259841
0
LINE
8
BLACK
6
CONTINUOUS
10
4.4709186614173229
20
-2.9823529921259841
11
4.4696385039370075
21
-2.9804371259842517
0
LINE
8
BLACK
6
CONTINUOUS
10
4.4696385039370075
20
-2.9804371259842517
11
4.4691889763779526
21
-2.9781771653543307
0
LINE
8
BLACK
6
CONTINUOUS
10
4.4691889763779526
20
-2.9781771653543307
11
4.4691889763779526
21
-2.9378228346456692
0
LINE
8
BLACK
6
CONTINUOUS
10
4.4691889763779526
20
-2.9378228346456692
11
4.4696385039370075
21
-2.9355628740157478
0
LINE
8
BLACK
6
CONTINUOUS
10
4.4696385039370075
20
-2.9355628740157478
11
4.4709186614173229
21
-2.9336470078740158
0
LINE
8
BLACK
6
CONTINUOUS
10
4.4709186614173229
20
-2.9336470078740158
11
4.4728345275590549
21
-2.9323668503937008
0
LINE
8
BLACK
6
CONTINUOUS
10
4.4728345275590549
20
-2.9323668503937008
11
4.4750944881889767
21
-2.9319173228346456
0
LINE
8
BLACK
6
CONTINUOUS
10
4.4750944881889767
20
-2.9319173228346456
11
4.4869055118110239
21
-2.9319173228346456
0
LINE
8
BLACK
6
CONTINUOUS
10
4.4869055118110239
20
-2.9319173228346456
11
4.4891654724409449
21
-2.9323668503937008
0
LINE
8
BLACK
6
CONTINUOUS
10
4.526567047244094
20
-2.9323668503937008
11
4.5284829133858269
21
-2.9336470078740158
0
LINE
8
BLACK
6
CONTINUOUS
10
4.5284829133858269
20
-2.9336470078740158
11
4.5297630708661414
21
-2.9355628740157478
0
LINE
8
BLACK
6
CONTINUOUS
10
4.5297630708661414
20
-2.9355628740157478
11
4.5302125984251971
21
-2.9378228346456692
0
LINE
8
BLACK
6
CONTINUOUS
10
4.5302125984251971
20
-2.9378228346456692
11
4.5302125984251971
21
-2.9781771653543307
0
LINE
8
BLACK
6
CONTINUOUS
10
4.5302125984251971
20
-2.9781771653543307
11
4.5297630708661414
21
-2.9804371259842517
0
LINE
8
BLACK
6
CONTINUOUS
10
4.5297630708661414
20
-2.9804371259842517
11
4.5284829133858269
21
-2.9823529921259841
0
LINE
8
BLACK
6
CONTINUOUS
10
4.5284829133858269
20
-2.9823529921259841
11
4.526567047244094
21
-2.9836331496062991
0
LINE
8
BLACK
6
CONTINUOUS
10
4.526567047244094
20
-2.9836331496062991
11
4.524307086614173
21
-2.9840826771653544
0
LINE
8
BLACK
6
CONTINUOUS
10
4.524307086614173
20
-2.9840826771653544
11
4.5124960629921258
21
-2.9840826771653544
0
LINE
8
BLACK
6
CONTINUOUS
10
4.5124960629921258
20
-2.9840826771653544
11
4.5102361023622048
21
-2.9836331496062991
0
LINE
8
BLACK
6
CONTINUOUS
10
4.5102361023622048
20
-2.9836331496062991
11
4.508320236220472
21
-2.9823529921259841
0
LINE
8
BLACK
6
CONTINUOUS
10
4.508320236220472
20
-2.9823529921259841
11
4.5070400787401574
21
-2.9804371259842517
0
LINE
8
BLACK
6
CONTINUOUS
10
4.5070400787401574
20
-2.9804371259842517
11
4.5065905511811026
21
-2.9781771653543307
0
LINE
8
BLACK
6
CONTINUOUS
10
4.5065905511811026
20
-2.9781771653543307
11
4.5065905511811026
21
-2.9378228346456692
0
LINE
8
BLACK
6
CONTINUOUS
10
4.5065905511811026
20
-2.9378228346456692
11
4.5070400787401574
21
-2.9355628740157478
0
LINE
8
BLACK
6
CONTINUOUS
10
4.5070400787401574
20
-2.9355628740157478
11
4.508320236220472
21
-2.9336470078740158
0
LINE
8
BLACK
6
CONTINUOUS
10
4.508320236220472
20
-2.9336470078740158
11
4.5102361023622048
21
-2.9323668503937008
0
LINE
8
BLACK
6
CONTINUOUS
10
4.5102361023622048
20
-2.9323668503937008
11
4.5124960629921258
21
-2.9319173228346456
0
LINE
8
BLACK
6
CONTINUOUS
10
4.5124960629921258
20
-2.9319173228346456
11
4.524307086614173
21
-2.9319173228346456
0
LINE
8
BLACK
6
CONTINUOUS
10
4.524307086614173
20
-2.9319173228346456
11
4.526567047244094
21
-2.9323668503937008
0
LINE
8
BLACK
6
CONTINUOUS
10
4.563968622047244
20
-2.9323668503937008
11
4.565884488188976
21
-2.9336470078740158
0
LINE
8
BLACK
6
CONTINUOUS
10
4.565884488188976
20
-2.9336470078740158
11
4.5671646456692914
21
-2.9355628740157478
0
LINE
8
BLACK
6
CONTINUOUS
10
4.5671646456692914
20
-2.9355628740157478
11
4.5676141732283462
21
-2.9378228346456692
0
LINE
8
BLACK
6
CONTINUOUS
10
4.5676141732283462
20
-2.9378228346456692
11
4.5676141732283462
21
-2.9781771653543307
0
LINE
8
BLACK
6
CONTINUOUS
10
4.5676141732283462
20
-2.9781771653543307
11
4.5671646456692914
21
-2.9804371259842517
0
LINE
8
BLACK
6
CONTINUOUS
10
4.5671646456692914
20
-2.9804371259842517
11
4.565884488188976
21
-2.9823529921259841
0
LINE
8
BLACK
6
CONTINUOUS
10
4.565884488188976
20
-2.9823529921259841
11
4.563968622047244
21
-2.9836331496062991
0
LINE
8
BLACK
6
CONTINUOUS
10
4.563968622047244
20
-2.9836331496062991
11
4.561708661417323
21
-2.9840826771653544
0
LINE
8
BLACK
6
CONTINUOUS
10
4.561708661417323
20
-2.9840826771653544
11
4.5498976377952758
21
-2.9840826771653544
0
LINE
8
BLACK
6
CONTINUOUS
10
4.5498976377952758
20
-2.9840826771653544
11
4.5476376771653539
21
-2.9836331496062991
0
LINE
8
BLACK
6
CONTINUOUS
10
4.5476376771653539
20
-2.9836331496062991
11
4.5457218110236219
21
-2.9823529921259841
0
LINE
8
BLACK
6
CONTINUOUS
10
4.5457218110236219
20
-2.9823529921259841
11
4.5444416535433074
21
-2.9804371259842517
0
LINE
8
BLACK
6
CONTINUOUS
10
4.5444416535433074
20
-2.9804371259842517
11
4.5439921259842517
21
-2.9781771653543307
0
LINE
8
BLACK
6
CONTINUOUS
10
4.5439921259842517
20
-2.9781771653543307
11
4.5439921259842517
21
-2.9378228346456692
0
LINE
8
BLACK
6
CONTINUOUS
10
4.5439921259842517
20
-2.9378228346456692
11
4.5444416535433074
21
-2.9355628740157478
0
LINE
8
BLACK
6
CONTINUOUS
10
4.5444416535433074
20
-2.9355628740157478
11
4.5457218110236219
21
-2.9336470078740158
0
LINE
8
BLACK
6
CONTINUOUS
10
4.5457218110236219
20
-2.9336470078740158
11
4.5476376771653539
21
-2.9323668503937008
0
LINE
8
BLACK
6
CONTINUOUS
10
4.5476376771653539
20
-2.9323668503937008
11
4.5498976377952758
21
-2.9319173228346456
0
LINE
8
BLACK
6
CONTINUOUS
10
4.5498976377952758
20
-2.9319173228346456
11
4.561708661417323
21
-2.9319173228346456
0
LINE
8
BLACK
6
CONTINUOUS
10
4.561708661417323
20
-2.9319173228346456
11
4.563968622047244
21
-2.9323668503937008
0
LINE
8
BLACK
6
CONTINUOUS
10
4.774165472440945
20
-2.9283668503937008
11
4.776081338582677
21
-2.9296470078740158
0
LINE
8
BLACK
6
CONTINUOUS
10
4.776081338582677
20
-2.9296470078740158
11
4.7773614960629924
21
-2.9315628740157478
0
LINE
8
BLACK
6
CONTINUOUS
10
4.7773614960629924
20
-2.9315628740157478
11
4.7778110236220472
21
-2.9338228346456692
0
LINE
8
BLACK
6
CONTINUOUS
10
4.7778110236220472
20
-2.9338228346456692
11
4.7778110236220472
21
-2.9741771653543307
0
LINE
8
BLACK
6
CONTINUOUS
10
4.7778110236220472
20
-2.9741771653543307
11
4.7773614960629924
21
-2.9764371259842517
0
LINE
8
BLACK
6
CONTINUOUS
10
4.7773614960629924
20
-2.9764371259842517
11
4.776081338582677
21
-2.9783529921259841
0
LINE
8
BLACK
6
CONTINUOUS
10
4.776081338582677
20
-2.9783529921259841
11
4.774165472440945
21
-2.9796331496062991
0
LINE
8
BLACK
6
CONTINUOUS
10
4.774165472440945
20
-2.9796331496062991
11
4.7719055118110232
21
-2.9800826771653544
0
LINE
8
BLACK
6
CONTINUOUS
10
4.7719055118110232
20
-2.9800826771653544
11
4.760094488188976
21
-2.9800826771653544
0
LINE
8
BLACK
6
CONTINUOUS
10
4.760094488188976
20
-2.9800826771653544
11
4.757834527559055
21
-2.9796331496062991
0
LINE
8
BLACK
6
CONTINUOUS
10
4.757834527559055
20
-2.9796331496062991
11
4.755918661417323
21
-2.9783529921259841
0
LINE
8
BLACK
6
CONTINUOUS
10
4.755918661417323
20
-2.9783529921259841
11
4.7546385039370076
21
-2.9764371259842517
0
LINE
8
BLACK
6
CONTINUOUS
10
4.7546385039370076
20
-2.9764371259842517
11
4.7541889763779528
21
-2.9741771653543307
0
LINE
8
BLACK
6
CONTINUOUS
10
4.7541889763779528
20
-2.9741771653543307
11
4.7541889763779528
21
-2.9338228346456692
0
LINE
8
BLACK
6
CONTINUOUS
10
4.7541889763779528
20
-2.9338228346456692
11
4.7546385039370076
21
-2.9315628740157478
0
LINE
8
BLACK
6
CONTINUOUS
10
4.7546385039370076
20
-2.9315628740157478
11
4.755918661417323
21
-2.9296470078740158
0
LINE
8
BLACK
6
CONTINUOUS
10
4.755918661417323
20
-2.9296470078740158
11
4.757834527559055
21
-2.9283668503937008
0
LINE
8
BLACK
6
CONTINUOUS
10
4.757834527559055
20
-2.9283668503937008
11
4.760094488188976
21
-2.9279173228346456
0
LINE
8
BLACK
6
CONTINUOUS
10
4.760094488188976
20
-2.9279173228346456
11
4.7719055118110232
21
-2.9279173228346456
0
LINE
8
BLACK
6
CONTINUOUS
10
4.7719055118110232
20
-2.9279173228346456
11
4.774165472440945
21
-2.9283668503937008
0
LINE
8
BLACK
6
CONTINUOUS
10
4.8115670472440941
20
-2.9283668503937008
11
4.813482913385827
21
-2.9296470078740158
0
LINE
8
BLACK
6
CONTINUOUS
10
4.813482913385827
20
-2.9296470078740158
11
4.8147630708661415
21
-2.9315628740157478
0
LINE
8
BLACK
6
CONTINUOUS
10
4.8147630708661415
20
-2.9315628740157478
11
4.8152125984251963
21
-2.9338228346456692
0
LINE
8
BLACK
6
CONTINUOUS
10
4.8152125984251963
20
-2.9338228346456692
11
4.8152125984251963
21
-2.9741771653543307
0
LINE
8
BLACK
6
CONTINUOUS
10
4.8152125984251963
20
-2.9741771653543307
11
4.8147630708661415
21
-2.9764371259842517
0
LINE
8
BLACK
6
CONTINUOUS
10
4.8147630708661415
20
-2.9764371259842517
11
4.813482913385827
21
-2.9783529921259841
0
LINE
8
BLACK
6
CONTINUOUS
10
4.813482913385827
20
-2.9783529921259841
11
4.8115670472440941
21
-2.9796331496062991
0
LINE
8
BLACK
6
CONTINUOUS
10
4.8115670472440941
20
-2.9796331496062991
11
4.8093070866141732
21
-2.9800826771653544
0
LINE
8
BLACK
6
CONTINUOUS
10
4.8093070866141732
20
-2.9800826771653544
11
4.7974960629921259
21
-2.9800826771653544
0
LINE
8
BLACK
6
CONTINUOUS
10
4.7974960629921259
20
-2.9800826771653544
11
4.795236102362205
21
-2.9796331496062991
0
LINE
8
BLACK
6
CONTINUOUS
10
4.795236102362205
20
-2.9796331496062991
11
4.7933202362204721
21
-2.9783529921259841
0
LINE
8
BLACK
6
CONTINUOUS
10
4.7933202362204721
20
-2.9783529921259841
11
4.7920400787401576
21
-2.9764371259842517
0
LINE
8
BLACK
6
CONTINUOUS
10
4.7920400787401576
20
-2.9764371259842517
11
4.7915905511811019
21
-2.9741771653543307
0
LINE
8
BLACK
6
CONTINUOUS
10
4.7915905511811019
20
-2.9741771653543307
11
4.7915905511811019
21
-2.9338228346456692
0
LINE
8
BLACK
6
CONTINUOUS
10
4.7915905511811019
20
-2.9338228346456692
11
4.7920400787401576
21
-2.9315628740157478
0
LINE
8
BLACK
6
CONTINUOUS
10
4.7920400787401576
20
-2.9315628740157478
11
4.7933202362204721
21
-2.9296470078740158
0
LINE
8
BLACK
6
CONTINUOUS
10
4.7933202362204721
20
-2.9296470078740158
11
4.795236102362205
21
-2.9283668503937008
0
LINE
8
BLACK
6
CONTINUOUS
10
4.795236102362205
20
-2.9283668503937008
11
4.7974960629921259
21
-2.9279173228346456
0
LINE
8
BLACK
6
CONTINUOUS
10
4.7974960629921259
20
-2.9279173228346456
11
4.8093070866141732
21
-2.9279173228346456
0
LINE
8
BLACK
6
CONTINUOUS
10
4.8093070866141732
20
-2.9279173228346456
11
4.8115670472440941
21
-2.9283668503937008
0
LINE
8
BLACK
6
CONTINUOUS
10
4.8489686220472441
20
-2.9283668503937008
11
4.8508844881889761
21
-2.9296470078740158
0
LINE
8
BLACK
6
CONTINUOUS
10
4.8508844881889761
20
-2.9296470078740158
11
4.8521646456692915
21
-2.9315628740157478
0
LINE
8
BLACK
6
CONTINUOUS
10
4.8521646456692915
20
-2.9315628740157478
11
4.8526141732283463
21
-2.9338228346456692
0
LINE
8
BLACK
6
CONTINUOUS
10
4.8526141732283463
20
-2.9338228346456692
11
4.8526141732283463
21
-2.9741771653543307
0
LINE
8
BLACK
6
CONTINUOUS
10
4.8526141732283463
20
-2.9741771653543307
11
4.8521646456692915
21
-2.9764371259842517
0
LINE
8
BLACK
6
CONTINUOUS
10
4.8521646456692915
20
-2.9764371259842517
11
4.8508844881889761
21
-2.9783529921259841
0
LINE
8
BLACK
6
CONTINUOUS
10
4.8508844881889761
20
-2.9783529921259841
11
4.8489686220472441
21
-2.9796331496062991
0
LINE
8
BLACK
6
CONTINUOUS
10
4.8489686220472441
20
-2.9796331496062991
11
4.8467086614173231
21
-2.9800826771653544
0
LINE
8
BLACK
6
CONTINUOUS
10
4.8467086614173231
20
-2.9800826771653544
11
4.834897637795275
21
-2.9800826771653544
0
LINE
8
BLACK
6
CONTINUOUS
10
4.834897637795275
20
-2.9800826771653544
11
4.8326376771653541
21
-2.9796331496062991
0
LINE
8
BLACK
6
CONTINUOUS
10
4.8326376771653541
20
-2.9796331496062991
11
4.8307218110236221
21
-2.9783529921259841
0
LINE
8
BLACK
6
CONTINUOUS
10
4.8307218110236221
20
-2.9783529921259841
11
4.8294416535433067
21
-2.9764371259842517
0
LINE
8
BLACK
6
CONTINUOUS
10
4.8294416535433067
20
-2.9764371259842517
11
4.8289921259842519
21
-2.9741771653543307
0
LINE
8
BLACK
6
CONTINUOUS
10
4.8289921259842519
20
-2.9741771653543307
11
4.8289921259842519
21
-2.9338228346456692
0
LINE
8
BLACK
6
CONTINUOUS
10
4.8289921259842519
20
-2.9338228346456692
11
4.8294416535433067
21
-2.9315628740157478
0
LINE
8
BLACK
6
CONTINUOUS
10
4.8294416535433067
20
-2.9315628740157478
11
4.8307218110236221
21
-2.9296470078740158
0
LINE
8
BLACK
6
CONTINUOUS
10
4.8307218110236221
20
-2.9296470078740158
11
4.8326376771653541
21
-2.9283668503937008
0
LINE
8
BLACK
6
CONTINUOUS
10
4.8326376771653541
20
-2.9283668503937008
11
4.834897637795275
21
-2.9279173228346456
0
LINE
8
BLACK
6
CONTINUOUS
10
4.834897637795275
20
-2.9279173228346456
11
4.8467086614173231
21
-2.9279173228346456
0
LINE
8
BLACK
6
CONTINUOUS
10
4.8467086614173231
20
-2.9279173228346456
11
4.8489686220472441
21
-2.9283668503937008
0
LINE
8
BLACK
6
CONTINUOUS
10
5.244372874015748
20
-2.8861586614173227
11
5.2475660236220474
21
-2.888292244094488
0
LINE
8
BLACK
6
CONTINUOUS
10
5.2475660236220474
20
-2.888292244094488
11
5.2496996062992123
21
-2.8914853937007874
0
LINE
8
BLACK
6
CONTINUOUS
10
5.2496996062992123
20
-2.8914853937007874
11
5.2504488188976373
21
-2.8952519685039371
0
LINE
8
BLACK
6
CONTINUOUS
10
5.2504488188976373
20
-2.8952519685039371
11
5.2504488188976373
21
-2.926748031496063
0
LINE
8
BLACK
6
CONTINUOUS
10
5.2504488188976373
20
-2.926748031496063
11
5.2496996062992123
21
-2.9305146062992127
0
LINE
8
BLACK
6
CONTINUOUS
10
5.2496996062992123
20
-2.9305146062992127
11
5.2475660236220474
21
-2.9337077559055116
0
LINE
8
BLACK
6
CONTINUOUS
10
5.2475660236220474
20
-2.9337077559055116
11
5.244372874015748
21
-2.9358413385826769
0
LINE
8
BLACK
6
CONTINUOUS
10
5.244372874015748
20
-2.9358413385826769
11
5.2406062992125984
21
-2.9365905511811023
0
LINE
8
BLACK
6
CONTINUOUS
10
5.2406062992125984
20
-2.9365905511811023
11
5.1913937007874011
21
-2.9365905511811023
0
LINE
8
BLACK
6
CONTINUOUS
10
5.1913937007874011
20
-2.9365905511811023
11
5.1876271259842515
21
-2.9358413385826769
0
LINE
8
BLACK
6
CONTINUOUS
10
5.1876271259842515
20
-2.9358413385826769
11
5.184433976377953
21
-2.9337077559055116
0
LINE
8
BLACK
6
CONTINUOUS
10
5.184433976377953
20
-2.9337077559055116
11
5.1823003937007872
21
-2.9305146062992127
0
LINE
8
BLACK
6
CONTINUOUS
10
5.1823003937007872
20
-2.9305146062992127
11
5.1815511811023622
21
-2.926748031496063
0
LINE
8
BLACK
6
CONTINUOUS
10
5.1815511811023622
20
-2.926748031496063
11
5.1815511811023622
21
-2.8952519685039371
0
LINE
8
BLACK
6
CONTINUOUS
10
5.1815511811023622
20
-2.8952519685039371
11
5.1823003937007872
21
-2.8914853937007874
0
LINE
8
BLACK
6
CONTINUOUS
10
5.1823003937007872
20
-2.8914853937007874
11
5.184433976377953
21
-2.888292244094488
0
LINE
8
BLACK
6
CONTINUOUS
10
5.184433976377953
20
-2.888292244094488
11
5.1876271259842515
21
-2.8861586614173227
0
LINE
8
BLACK
6
CONTINUOUS
10
5.1876271259842515
20
-2.8861586614173227
11
5.1913937007874011
21
-2.8854094488188977
0
LINE
8
BLACK
6
CONTINUOUS
10
5.1913937007874011
20
-2.8854094488188977
11
5.2406062992125984
21
-2.8854094488188977
0
LINE
8
BLACK
6
CONTINUOUS
10
5.2406062992125984
20
-2.8854094488188977
11
5.244372874015748
21
-2.8861586614173227
0
LINE
8
BLACK
6
CONTINUOUS
10
5.4819752362204719
20
-2.8073161417322834
11
5.4851683858267712
21
-2.8094497244094487
0
LINE
8
BLACK
6
CONTINUOUS
10
5.4851683858267712
20
-2.8094497244094487
11
5.487301968503937
21
-2.8126428740157481
0
LINE
8
BLACK
6
CONTINUOUS
10
5.487301968503937
20
-2.8126428740157481
11
5.488051181102362
21
-2.8164094488188978
0
LINE
8
BLACK
6
CONTINUOUS
10
5.488051181102362
20
-2.8164094488188978
11
5.488051181102362
21
-2.8675905511811024
0
LINE
8
BLACK
6
CONTINUOUS
10
5.488051181102362
20
-2.8675905511811024
11
5.487301968503937
21
-2.8713571259842521
0
LINE
8
BLACK
6
CONTINUOUS
10
5.487301968503937
20
-2.8713571259842521
11
5.4851683858267712
21
-2.874550275590551
0
LINE
8
BLACK
6
CONTINUOUS
10
5.4851683858267712
20
-2.874550275590551
11
5.4819752362204719
21
-2.8766838582677163
0
LINE
8
BLACK
6
CONTINUOUS
10
5.4819752362204719
20
-2.8766838582677163
11
5.4782086614173231
21
-2.8774330708661418
0
LINE
8
BLACK
6
CONTINUOUS
10
5.4782086614173231
20
-2.8774330708661418
11
5.4457283464566926
21
-2.8774330708661418
0
LINE
8
BLACK
6
CONTINUOUS
10
5.4457283464566926
20
-2.8774330708661418
11
5.4419617716535429
21
-2.8766838582677163
0
LINE
8
BLACK
6
CONTINUOUS
10
5.4419617716535429
20
-2.8766838582677163
11
5.4387686220472435
21
-2.874550275590551
0
LINE
8
BLACK
6
CONTINUOUS
10
5.4387686220472435
20
-2.874550275590551
11
5.4366350393700786
21
-2.8713571259842521
0
LINE
8
BLACK
6
CONTINUOUS
10
5.4366350393700786
20
-2.8713571259842521
11
5.4358858267716537
21
-2.8675905511811024
0
LINE
8
BLACK
6
CONTINUOUS
10
5.4358858267716537
20
-2.8675905511811024
11
5.4358858267716537
21
-2.8164094488188978
0
LINE
8
BLACK
6
CONTINUOUS
10
5.4358858267716537
20
-2.8164094488188978
11
5.4366350393700786
21
-2.8126428740157481
0
LINE
8
BLACK
6
CONTINUOUS
10
5.4366350393700786
20
-2.8126428740157481
11
5.4387686220472435
21
-2.8094497244094487
0
LINE
8
BLACK
6
CONTINUOUS
10
5.4387686220472435
20
-2.8094497244094487
11
5.4419617716535429
21
-2.8073161417322834
0
LINE
8
BLACK
6
CONTINUOUS
10
5.4419617716535429
20
-2.8073161417322834
11
5.4457283464566926
21
-2.8065669291338584
0
LINE
8
BLACK
6
CONTINUOUS
10
5.4457283464566926
20
-2.8065669291338584
11
5.4782086614173231
21
-2.8065669291338584
0
LINE
8
BLACK
6
CONTINUOUS
10
5.4782086614173231
20
-2.8065669291338584
11
5.4819752362204719
21
-2.8073161417322834
0
LINE
8
BLACK
6
CONTINUOUS
10
5.6050067322834645
20
-2.8073161417322834
11
5.6081998818897638
21
-2.8094497244094487
0
LINE
8
BLACK
6
CONTINUOUS
10
5.6081998818897638
20
-2.8094497244094487
11
5.6103334645669287
21
-2.8126428740157481
0
LINE
8
BLACK
6
CONTINUOUS
10
5.6103334645669287
20
-2.8126428740157481
11
5.6110826771653546
21
-2.8164094488188978
0
LINE
8
BLACK
6
CONTINUOUS
10
5.6110826771653546
20
-2.8164094488188978
11
5.6110826771653546
21
-2.8675905511811024
0
LINE
8
BLACK
6
CONTINUOUS
10
5.6110826771653546
20
-2.8675905511811024
11
5.6103334645669287
21
-2.8713571259842521
0
LINE
8
BLACK
6
CONTINUOUS
10
5.6103334645669287
20
-2.8713571259842521
11
5.6081998818897638
21
-2.874550275590551
0
LINE
8
BLACK
6
CONTINUOUS
10
5.6081998818897638
20
-2.874550275590551
11
5.6050067322834645
21
-2.8766838582677163
0
LINE
8
BLACK
6
CONTINUOUS
10
5.6050067322834645
20
-2.8766838582677163
11
5.6012401574803148
21
-2.8774330708661418
0
LINE
8
BLACK
6
CONTINUOUS
10
5.6012401574803148
20
-2.8774330708661418
11
5.5687598425196851
21
-2.8774330708661418
0
LINE
8
BLACK
6
CONTINUOUS
10
5.5687598425196851
20
-2.8774330708661418
11
5.5649932677165355
21
-2.8766838582677163
0
LINE
8
BLACK
6
CONTINUOUS
10
5.5649932677165355
20
-2.8766838582677163
11
5.5618001181102361
21
-2.874550275590551
0
LINE
8
BLACK
6
CONTINUOUS
10
5.5618001181102361
20
-2.874550275590551
11
5.5596665354330703
21
-2.8713571259842521
0
LINE
8
BLACK
6
CONTINUOUS
10
5.5596665354330703
20
-2.8713571259842521
11
5.5589173228346453
21
-2.8675905511811024
0
LINE
8
BLACK
6
CONTINUOUS
10
5.5589173228346453
20
-2.8675905511811024
11
5.5589173228346453
21
-2.8164094488188978
0
LINE
8
BLACK
6
CONTINUOUS
10
5.5589173228346453
20
-2.8164094488188978
11
5.5596665354330703
21
-2.8126428740157481
0
LINE
8
BLACK
6
CONTINUOUS
10
5.5596665354330703
20
-2.8126428740157481
11
5.5618001181102361
21
-2.8094497244094487
0
LINE
8
BLACK
6
CONTINUOUS
10
5.5618001181102361
20
-2.8094497244094487
11
5.5649932677165355
21
-2.8073161417322834
0
LINE
8
BLACK
6
CONTINUOUS
10
5.5649932677165355
20
-2.8073161417322834
11
5.5687598425196851
21
-2.8065669291338584
0
LINE
8
BLACK
6
CONTINUOUS
10
5.5687598425196851
20
-2.8065669291338584
11
5.6012401574803148
21
-2.8065669291338584
0
LINE
8
BLACK
6
CONTINUOUS
10
5.6012401574803148
20
-2.8065669291338584
11
5.6050067322834645
21
-2.8073161417322834
0
LINE
8
BLACK
6
CONTINUOUS
10
5.7243728740157476
20
-2.8201586614173229
11
5.7275660236220469
21
-2.8222922440944882
0
LINE
8
BLACK
6
CONTINUOUS
10
5.7275660236220469
20
-2.8222922440944882
11
5.7296996062992127
21
-2.8254853937007876
0
LINE
8
BLACK
6
CONTINUOUS
10
5.7296996062992127
20
-2.8254853937007876
11
5.7304488188976377
21
-2.8292519685039368
0
LINE
8
BLACK
6
CONTINUOUS
10
5.7304488188976377
20
-2.8292519685039368
11
5.7304488188976377
21
-2.8607480314960627
0
LINE
8
BLACK
6
CONTINUOUS
10
5.7304488188976377
20
-2.8607480314960627
11
5.7296996062992127
21
-2.8645146062992124
0
LINE
8
BLACK
6
CONTINUOUS
10
5.7296996062992127
20
-2.8645146062992124
11
5.7275660236220469
21
-2.8677077559055117
0
LINE
8
BLACK
6
CONTINUOUS
10
5.7275660236220469
20
-2.8677077559055117
11
5.7243728740157476
21
-2.8698413385826771
0
LINE
8
BLACK
6
CONTINUOUS
10
5.7243728740157476
20
-2.8698413385826771
11
5.7206062992125979
21
-2.8705905511811025
0
LINE
8
BLACK
6
CONTINUOUS
10
5.7206062992125979
20
-2.8705905511811025
11
5.6713937007874016
21
-2.8705905511811025
0
LINE
8
BLACK
6
CONTINUOUS
10
5.6713937007874016
20
-2.8705905511811025
11
5.6676271259842519
21
-2.8698413385826771
0
LINE
8
BLACK
6
CONTINUOUS
10
5.6676271259842519
20
-2.8698413385826771
11
5.6644339763779525
21
-2.8677077559055117
0
LINE
8
BLACK
6
CONTINUOUS
10
5.6644339763779525
20
-2.8677077559055117
11
5.6623003937007876
21
-2.8645146062992124
0
LINE
8
BLACK
6
CONTINUOUS
10
5.6623003937007876
20
-2.8645146062992124
11
5.6615511811023618
21
-2.8607480314960627
0
LINE
8
BLACK
6
CONTINUOUS
10
5.6615511811023618
20
-2.8607480314960627
11
5.6615511811023618
21
-2.8292519685039368
0
LINE
8
BLACK
6
CONTINUOUS
10
5.6615511811023618
20
-2.8292519685039368
11
5.6623003937007876
21
-2.8254853937007876
0
LINE
8
BLACK
6
CONTINUOUS
10
5.6623003937007876
20
-2.8254853937007876
11
5.6644339763779525
21
-2.8222922440944882
0
LINE
8
BLACK
6
CONTINUOUS
10
5.6644339763779525
20
-2.8222922440944882
11
5.6676271259842519
21
-2.8201586614173229
0
LINE
8
BLACK
6
CONTINUOUS
10
5.6676271259842519
20
-2.8201586614173229
11
5.6713937007874016
21
-2.8194094488188974
0
LINE
8
BLACK
6
CONTINUOUS
10
5.6713937007874016
20
-2.8194094488188974
11
5.7206062992125979
21
-2.8194094488188974
0
LINE
8
BLACK
6
CONTINUOUS
10
5.7206062992125979
20
-2.8194094488188974
11
5.7243728740157476
21
-2.8201586614173229
0
LINE
8
BLACK
6
CONTINUOUS
10
4.5261654724409448
20
-2.7939455905511812
11
4.5280813385826768
21
-2.7952257480314961
0
LINE
8
BLACK
6
CONTINUOUS
10
4.5280813385826768
20
-2.7952257480314961
11
4.5293614960629922
21
-2.7971416141732282
0
LINE
8
BLACK
6
CONTINUOUS
10
4.5293614960629922
20
-2.7971416141732282
11
4.529811023622047
21
-2.7994015748031496
0
LINE
8
BLACK
6
CONTINUOUS
10
4.529811023622047
20
-2.7994015748031496
11
4.529811023622047
21
-2.8643622047244093
0
LINE
8
BLACK
6
CONTINUOUS
10
4.529811023622047
20
-2.8643622047244093
11
4.5293614960629922
21
-2.8666221653543307
0
LINE
8
BLACK
6
CONTINUOUS
10
4.5293614960629922
20
-2.8666221653543307
11
4.5280813385826768
21
-2.8685380314960631
0
LINE
8
BLACK
6
CONTINUOUS
10
4.5280813385826768
20
-2.8685380314960631
11
4.5261654724409448
21
-2.8698181889763781
0
LINE
8
BLACK
6
CONTINUOUS
10
4.5261654724409448
20
-2.8698181889763781
11
4.5239055118110238
21
-2.8702677165354329
0
LINE
8
BLACK
6
CONTINUOUS
10
4.5239055118110238
20
-2.8702677165354329
11
4.5120944881889766
21
-2.8702677165354329
0
LINE
8
BLACK
6
CONTINUOUS
10
4.5120944881889766
20
-2.8702677165354329
11
4.5098345275590548
21
-2.8698181889763781
0
LINE
8
BLACK
6
CONTINUOUS
10
4.5098345275590548
20
-2.8698181889763781
11
4.5079186614173228
21
-2.8685380314960631
0
LINE
8
BLACK
6
CONTINUOUS
10
4.5079186614173228
20
-2.8685380314960631
11
4.5066385039370074
21
-2.8666221653543307
0
LINE
8
BLACK
6
CONTINUOUS
10
4.5066385039370074
20
-2.8666221653543307
11
4.5061889763779526
21
-2.8643622047244093
0
LINE
8
BLACK
6
CONTINUOUS
10
4.5061889763779526
20
-2.8643622047244093
11
4.5061889763779526
21
-2.7994015748031496
0
LINE
8
BLACK
6
CONTINUOUS
10
4.5061889763779526
20
-2.7994015748031496
11
4.5066385039370074
21
-2.7971416141732282
0
LINE
8
BLACK
6
CONTINUOUS
10
4.5066385039370074
20
-2.7971416141732282
11
4.5079186614173228
21
-2.7952257480314961
0
LINE
8
BLACK
6
CONTINUOUS
10
4.5079186614173228
20
-2.7952257480314961
11
4.5098345275590548
21
-2.7939455905511812
0
LINE
8
BLACK
6
CONTINUOUS
10
4.5098345275590548
20
-2.7939455905511812
11
4.5120944881889766
21
-2.7934960629921259
0
LINE
8
BLACK
6
CONTINUOUS
10
4.5120944881889766
20
-2.7934960629921259
11
4.5239055118110238
21
-2.7934960629921259
0
LINE
8
BLACK
6
CONTINUOUS
10
4.5239055118110238
20
-2.7934960629921259
11
4.5261654724409448
21
-2.7939455905511812
0
LINE
8
BLACK
6
CONTINUOUS
10
4.5761654724409446
20
-2.7939455905511812
11
4.5780813385826766
21
-2.7952257480314961
0
LINE
8
BLACK
6
CONTINUOUS
10
4.5780813385826766
20
-2.7952257480314961
11
4.579361496062992
21
-2.7971416141732282
0
LINE
8
BLACK
6
CONTINUOUS
10
4.579361496062992
20
-2.7971416141732282
11
4.5798110236220468
21
-2.7994015748031496
0
LINE
8
BLACK
6
CONTINUOUS
10
4.5798110236220468
20
-2.7994015748031496
11
4.5798110236220468
21
-2.8643622047244093
0
LINE
8
BLACK
6
CONTINUOUS
10
4.5798110236220468
20
-2.8643622047244093
11
4.579361496062992
21
-2.8666221653543307
0
LINE
8
BLACK
6
CONTINUOUS
10
4.579361496062992
20
-2.8666221653543307
11
4.5780813385826766
21
-2.8685380314960631
0
LINE
8
BLACK
6
CONTINUOUS
10
4.5780813385826766
20
-2.8685380314960631
11
4.5761654724409446
21
-2.8698181889763781
0
LINE
8
BLACK
6
CONTINUOUS
10
4.5761654724409446
20
-2.8698181889763781
11
4.5739055118110237
21
-2.8702677165354329
0
LINE
8
BLACK
6
CONTINUOUS
10
4.5739055118110237
20
-2.8702677165354329
11
4.5620944881889764
21
-2.8702677165354329
0
LINE
8
BLACK
6
CONTINUOUS
10
4.5620944881889764
20
-2.8702677165354329
11
4.5598345275590546
21
-2.8698181889763781
0
LINE
8
BLACK
6
CONTINUOUS
10
4.5598345275590546
20
-2.8698181889763781
11
4.5579186614173226
21
-2.8685380314960631
0
LINE
8
BLACK
6
CONTINUOUS
10
4.5579186614173226
20
-2.8685380314960631
11
4.5566385039370081
21
-2.8666221653543307
0
LINE
8
BLACK
6
CONTINUOUS
10
4.5566385039370081
20
-2.8666221653543307
11
4.5561889763779524
21
-2.8643622047244093
0
LINE
8
BLACK
6
CONTINUOUS
10
4.5561889763779524
20
-2.8643622047244093
11
4.5561889763779524
21
-2.7994015748031496
0
LINE
8
BLACK
6
CONTINUOUS
10
4.5561889763779524
20
-2.7994015748031496
11
4.5566385039370081
21
-2.7971416141732282
0
LINE
8
BLACK
6
CONTINUOUS
10
4.5566385039370081
20
-2.7971416141732282
11
4.5579186614173226
21
-2.7952257480314961
0
LINE
8
BLACK
6
CONTINUOUS
10
4.5579186614173226
20
-2.7952257480314961
11
4.5598345275590546
21
-2.7939455905511812
0
LINE
8
BLACK
6
CONTINUOUS
10
4.5598345275590546
20
-2.7939455905511812
11
4.5620944881889764
21
-2.7934960629921259
0
LINE
8
BLACK
6
CONTINUOUS
10
4.5620944881889764
20
-2.7934960629921259
11
4.5739055118110237
21
-2.7934960629921259
0
LINE
8
BLACK
6
CONTINUOUS
10
4.5739055118110237
20
-2.7934960629921259
11
4.5761654724409446
21
-2.7939455905511812
0
LINE
8
BLACK
6
CONTINUOUS
10
4.6261654724409444
20
-2.7939455905511812
11
4.6280813385826773
21
-2.7952257480314961
0
LINE
8
BLACK
6
CONTINUOUS
10
4.6280813385826773
20
-2.7952257480314961
11
4.6293614960629919
21
-2.7971416141732282
0
LINE
8
BLACK
6
CONTINUOUS
10
4.6293614960629919
20
-2.7971416141732282
11
4.6298110236220475
21
-2.7994015748031496
0
LINE
8
BLACK
6
CONTINUOUS
10
4.6298110236220475
20
-2.7994015748031496
11
4.6298110236220475
21
-2.8643622047244093
0
LINE
8
BLACK
6
CONTINUOUS
10
4.6298110236220475
20
-2.8643622047244093
11
4.6293614960629919
21
-2.8666221653543307
0
LINE
8
BLACK
6
CONTINUOUS
10
4.6293614960629919
20
-2.8666221653543307
11
4.6280813385826773
21
-2.8685380314960631
0
LINE
8
BLACK
6
CONTINUOUS
10
4.6280813385826773
20
-2.8685380314960631
11
4.6261654724409444
21
-2.8698181889763781
0
LINE
8
BLACK
6
CONTINUOUS
10
4.6261654724409444
20
-2.8698181889763781
11
4.6239055118110235
21
-2.8702677165354329
0
LINE
8
BLACK
6
CONTINUOUS
10
4.6239055118110235
20
-2.8702677165354329
11
4.6120944881889763
21
-2.8702677165354329
0
LINE
8
BLACK
6
CONTINUOUS
10
4.6120944881889763
20
-2.8702677165354329
11
4.6098345275590553
21
-2.8698181889763781
0
LINE
8
BLACK
6
CONTINUOUS
10
4.6098345275590553
20
-2.8698181889763781
11
4.6079186614173224
21
-2.8685380314960631
0
LINE
8
BLACK
6
CONTINUOUS
10
4.6079186614173224
20
-2.8685380314960631
11
4.6066385039370079
21
-2.8666221653543307
0
LINE
8
BLACK
6
CONTINUOUS
10
4.6066385039370079
20
-2.8666221653543307
11
4.6061889763779522
21
-2.8643622047244093
0
LINE
8
BLACK
6
CONTINUOUS
10
4.6061889763779522
20
-2.8643622047244093
11
4.6061889763779522
21
-2.7994015748031496
0
LINE
8
BLACK
6
CONTINUOUS
10
4.6061889763779522
20
-2.7994015748031496
11
4.6066385039370079
21
-2.7971416141732282
0
LINE
8
BLACK
6
CONTINUOUS
10
4.6066385039370079
20
-2.7971416141732282
11
4.6079186614173224
21
-2.7952257480314961
0
LINE
8
BLACK
6
CONTINUOUS
10
4.6079186614173224
20
-2.7952257480314961
11
4.6098345275590553
21
-2.7939455905511812
0
LINE
8
BLACK
6
CONTINUOUS
10
4.6098345275590553
20
-2.7939455905511812
11
4.6120944881889763
21
-2.7934960629921259
0
LINE
8
BLACK
6
CONTINUOUS
10
4.6120944881889763
20
-2.7934960629921259
11
4.6239055118110235
21
-2.7934960629921259
0
LINE
8
BLACK
6
CONTINUOUS
10
4.6239055118110235
20
-2.7934960629921259
11
4.6261654724409444
21
-2.7939455905511812
0
LINE
8
BLACK
6
CONTINUOUS
10
4.6761654724409452
20
-2.7939455905511812
11
4.6780813385826772
21
-2.7952257480314961
0
LINE
8
BLACK
6
CONTINUOUS
10
4.6780813385826772
20
-2.7952257480314961
11
4.6793614960629917
21
-2.7971416141732282
0
LINE
8
BLACK
6
CONTINUOUS
10
4.6793614960629917
20
-2.7971416141732282
11
4.6798110236220474
21
-2.7994015748031496
0
LINE
8
BLACK
6
CONTINUOUS
10
4.6798110236220474
20
-2.7994015748031496
11
4.6798110236220474
21
-2.8643622047244093
0
LINE
8
BLACK
6
CONTINUOUS
10
4.6798110236220474
20
-2.8643622047244093
11
4.6793614960629917
21
-2.8666221653543307
0
LINE
8
BLACK
6
CONTINUOUS
10
4.6793614960629917
20
-2.8666221653543307
11
4.6780813385826772
21
-2.8685380314960631
0
LINE
8
BLACK
6
CONTINUOUS
10
4.6780813385826772
20
-2.8685380314960631
11
4.6761654724409452
21
-2.8698181889763781
0
LINE
8
BLACK
6
CONTINUOUS
10
4.6761654724409452
20
-2.8698181889763781
11
4.6739055118110233
21
-2.8702677165354329
0
LINE
8
BLACK
6
CONTINUOUS
10
4.6739055118110233
20
-2.8702677165354329
11
4.6620944881889761
21
-2.8702677165354329
0
LINE
8
BLACK
6
CONTINUOUS
10
4.6620944881889761
20
-2.8702677165354329
11
4.6598345275590551
21
-2.8698181889763781
0
LINE
8
BLACK
6
CONTINUOUS
10
4.6598345275590551
20
-2.8698181889763781
11
4.6579186614173231
21
-2.8685380314960631
0
LINE
8
BLACK
6
CONTINUOUS
10
4.6579186614173231
20
-2.8685380314960631
11
4.6566385039370077
21
-2.8666221653543307
0
LINE
8
BLACK
6
CONTINUOUS
10
4.6566385039370077
20
-2.8666221653543307
11
4.6561889763779529
21
-2.8643622047244093
0
LINE
8
BLACK
6
CONTINUOUS
10
4.6561889763779529
20
-2.8643622047244093
11
4.6561889763779529
21
-2.7994015748031496
0
LINE
8
BLACK
6
CONTINUOUS
10
4.6561889763779529
20
-2.7994015748031496
11
4.6566385039370077
21
-2.7971416141732282
0
LINE
8
BLACK
6
CONTINUOUS
10
4.6566385039370077
20
-2.7971416141732282
11
4.6579186614173231
21
-2.7952257480314961
0
LINE
8
BLACK
6
CONTINUOUS
10
4.6579186614173231
20
-2.7952257480314961
11
4.6598345275590551
21
-2.7939455905511812
0
LINE
8
BLACK
6
CONTINUOUS
10
4.6598345275590551
20
-2.7939455905511812
11
4.6620944881889761
21
-2.7934960629921259
0
LINE
8
BLACK
6
CONTINUOUS
10
4.6620944881889761
20
-2.7934960629921259
11
4.6739055118110233
21
-2.7934960629921259
0
LINE
8
BLACK
6
CONTINUOUS
10
4.6739055118110233
20
-2.7934960629921259
11
4.6761654724409452
21
-2.7939455905511812
0
LINE
8
BLACK
6
CONTINUOUS
10
4.3973843307086611
20
-2.8204390157480312
11
4.400178346456693
21
-2.8223059055118109
0
LINE
8
BLACK
6
CONTINUOUS
10
4.400178346456693
20
-2.8223059055118109
11
4.4020452362204727
21
-2.8250999212598424
0
LINE
8
BLACK
6
CONTINUOUS
10
4.4020452362204727
20
-2.8250999212598424
11
4.4027007874015744
21
-2.8283956692913383
0
LINE
8
BLACK
6
CONTINUOUS
10
4.4027007874015744
20
-2.8283956692913383
11
4.4027007874015744
21
-2.8456200787401573
0
LINE
8
BLACK
6
CONTINUOUS
10
4.4027007874015744
20
-2.8456200787401573
11
4.4020452362204727
21
-2.8489158267716537
0
LINE
8
BLACK
6
CONTINUOUS
10
4.4020452362204727
20
-2.8489158267716537
11
4.400178346456693
21
-2.8517098425196852
0
LINE
8
BLACK
6
CONTINUOUS
10
4.400178346456693
20
-2.8517098425196852
11
4.3973843307086611
21
-2.8535767322834644
0
LINE
8
BLACK
6
CONTINUOUS
10
4.3973843307086611
20
-2.8535767322834644
11
4.3940885826771652
21
-2.854232283464567
0
LINE
8
BLACK
6
CONTINUOUS
10
4.3940885826771652
20
-2.854232283464567
11
4.3739114173228346
21
-2.854232283464567
0
LINE
8
BLACK
6
CONTINUOUS
10
4.3739114173228346
20
-2.854232283464567
11
4.3706156692913387
21
-2.8535767322834644
0
LINE
8
BLACK
6
CONTINUOUS
10
4.3706156692913387
20
-2.8535767322834644
11
4.3678216535433068
21
-2.8517098425196852
0
LINE
8
BLACK
6
CONTINUOUS
10
4.3678216535433068
20
-2.8517098425196852
11
4.3659547637795271
21
-2.8489158267716537
0
LINE
8
BLACK
6
CONTINUOUS
10
4.3659547637795271
20
-2.8489158267716537
11
4.3652992125984253
21
-2.8456200787401573
0
LINE
8
BLACK
6
CONTINUOUS
10
4.3652992125984253
20
-2.8456200787401573
11
4.3652992125984253
21
-2.8283956692913383
0
LINE
8
BLACK
6
CONTINUOUS
10
4.3652992125984253
20
-2.8283956692913383
11
4.3659547637795271
21
-2.8250999212598424
0
LINE
8
BLACK
6
CONTINUOUS
10
4.3659547637795271
20
-2.8250999212598424
11
4.3678216535433068
21
-2.8223059055118109
0
LINE
8
BLACK
6
CONTINUOUS
10
4.3678216535433068
20
-2.8223059055118109
11
4.3706156692913387
21
-2.8204390157480312
0
LINE
8
BLACK
6
CONTINUOUS
10
4.3706156692913387
20
-2.8204390157480312
11
4.3739114173228346
21
-2.8197834645669291
0
LINE
8
BLACK
6
CONTINUOUS
10
4.3739114173228346
20
-2.8197834645669291
11
4.3940885826771652
21
-2.8197834645669291
0
LINE
8
BLACK
6
CONTINUOUS
10
4.3940885826771652
20
-2.8197834645669291
11
4.3973843307086611
21
-2.8204390157480312
0
LINE
8
BLACK
6
CONTINUOUS
10
5.1688492519685036
20
-2.8170062992125984
11
5.1462218110236222
21
-2.8396337401574803
0
LINE
8
BLACK
6
CONTINUOUS
10
5.1462218110236222
20
-2.8396337401574803
11
5.1391507480314962
21
-2.8325626771653543
0
LINE
8
BLACK
6
CONTINUOUS
10
5.1391507480314962
20
-2.8325626771653543
11
5.1617781889763776
21
-2.8099352362204724
0
LINE
8
BLACK
6
CONTINUOUS
10
5.1617781889763776
20
-2.8099352362204724
11
5.1688492519685036
21
-2.8170062992125984
0
LINE
8
BLACK
6
CONTINUOUS
10
5.2074394881889763
20
-2.8325626771653543
11
5.2003684251968503
21
-2.8396337401574803
0
LINE
8
BLACK
6
CONTINUOUS
10
5.2003684251968503
20
-2.8396337401574803
11
5.1777409842519688
21
-2.8170062992125984
0
LINE
8
BLACK
6
CONTINUOUS
10
5.1777409842519688
20
-2.8170062992125984
11
5.1848120472440939
21
-2.8099352362204724
0
LINE
8
BLACK
6
CONTINUOUS
10
5.1848120472440939
20
-2.8099352362204724
11
5.2074394881889763
21
-2.8325626771653543
0
LINE
8
BLACK
6
CONTINUOUS
10
4.8385146062992126
20
-2.7673003937007872
11
4.8417077559055119
21
-2.7694339763779525
0
LINE
8
BLACK
6
CONTINUOUS
10
4.8417077559055119
20
-2.7694339763779525
11
4.8438413385826768
21
-2.7726271259842519
0
LINE
8
BLACK
6
CONTINUOUS
10
4.8438413385826768
20
-2.7726271259842519
11
4.8445905511811018
21
-2.7763937007874016
0
LINE
8
BLACK
6
CONTINUOUS
10
4.8445905511811018
20
-2.7763937007874016
11
4.8445905511811018
21
-2.8256062992125983
0
LINE
8
BLACK
6
CONTINUOUS
10
4.8445905511811018
20
-2.8256062992125983
11
4.8438413385826768
21
-2.829372874015748
0
LINE
8
BLACK
6
CONTINUOUS
10
4.8438413385826768
20
-2.829372874015748
11
4.8417077559055119
21
-2.8325660236220473
0
LINE
8
BLACK
6
CONTINUOUS
10
4.8417077559055119
20
-2.8325660236220473
11
4.8385146062992126
21
-2.8346996062992127
0
LINE
8
BLACK
6
CONTINUOUS
10
4.8385146062992126
20
-2.8346996062992127
11
4.8347480314960629
21
-2.8354488188976377
0
LINE
8
BLACK
6
CONTINUOUS
10
4.8347480314960629
20
-2.8354488188976377
11
4.803251968503937
21
-2.8354488188976377
0
LINE
8
BLACK
6
CONTINUOUS
10
4.803251968503937
20
-2.8354488188976377
11
4.7994853937007873
21
-2.8346996062992127
0
LINE
8
BLACK
6
CONTINUOUS
10
4.7994853937007873
20
-2.8346996062992127
11
4.796292244094488
21
-2.8325660236220473
0
LINE
8
BLACK
6
CONTINUOUS
10
4.796292244094488
20
-2.8325660236220473
11
4.7941586614173231
21
-2.829372874015748
0
LINE
8
BLACK
6
CONTINUOUS
10
4.7941586614173231
20
-2.829372874015748
11
4.7934094488188972
21
-2.8256062992125983
0
LINE
8
BLACK
6
CONTINUOUS
10
4.7934094488188972
20
-2.8256062992125983
11
4.7934094488188972
21
-2.7763937007874016
0
LINE
8
BLACK
6
CONTINUOUS
10
4.7934094488188972
20
-2.7763937007874016
11
4.7941586614173231
21
-2.7726271259842519
0
LINE
8
BLACK
6
CONTINUOUS
10
4.7941586614173231
20
-2.7726271259842519
11
4.796292244094488
21
-2.7694339763779525
0
LINE
8
BLACK
6
CONTINUOUS
10
4.796292244094488
20
-2.7694339763779525
11
4.7994853937007873
21
-2.7673003937007872
0
LINE
8
BLACK
6
CONTINUOUS
10
4.7994853937007873
20
-2.7673003937007872
11
4.803251968503937
21
-2.7665511811023622
0
LINE
8
BLACK
6
CONTINUOUS
10
4.803251968503937
20
-2.7665511811023622
11
4.8347480314960629
21
-2.7665511811023622
0
LINE
8
BLACK
6
CONTINUOUS
10
4.8347480314960629
20
-2.7665511811023622
11
4.8385146062992126
21
-2.7673003937007872
0
LINE
8
BLACK
6
CONTINUOUS
10
4.9605618503937006
20
-2.7673003937007872
11
4.9637549999999999
21
-2.7694339763779525
0
LINE
8
BLACK
6
CONTINUOUS
10
4.9637549999999999
20
-2.7694339763779525
11
4.9658885826771648
21
-2.7726271259842519
0
LINE
8
BLACK
6
CONTINUOUS
10
4.9658885826771648
20
-2.7726271259842519
11
4.9666377952755907
21
-2.7763937007874016
0
LINE
8
BLACK
6
CONTINUOUS
10
4.9666377952755907
20
-2.7763937007874016
11
4.9666377952755907
21
-2.8256062992125983
0
LINE
8
BLACK
6
CONTINUOUS
10
4.9666377952755907
20
-2.8256062992125983
11
4.9658885826771648
21
-2.829372874015748
0
LINE
8
BLACK
6
CONTINUOUS
10
4.9658885826771648
20
-2.829372874015748
11
4.9637549999999999
21
-2.8325660236220473
0
LINE
8
BLACK
6
CONTINUOUS
10
4.9637549999999999
20
-2.8325660236220473
11
4.9605618503937006
21
-2.8346996062992127
0
LINE
8
BLACK
6
CONTINUOUS
10
4.9605618503937006
20
-2.8346996062992127
11
4.9567952755905509
21
-2.8354488188976377
0
LINE
8
BLACK
6
CONTINUOUS
10
4.9567952755905509
20
-2.8354488188976377
11
4.925299212598425
21
-2.8354488188976377
0
LINE
8
BLACK
6
CONTINUOUS
10
4.925299212598425
20
-2.8354488188976377
11
4.9215326377952753
21
-2.8346996062992127
0
LINE
8
BLACK
6
CONTINUOUS
10
4.9215326377952753
20
-2.8346996062992127
11
4.9183394881889759
21
-2.8325660236220473
0
LINE
8
BLACK
6
CONTINUOUS
10
4.9183394881889759
20
-2.8325660236220473
11
4.916205905511811
21
-2.829372874015748
0
LINE
8
BLACK
6
CONTINUOUS
10
4.916205905511811
20
-2.829372874015748
11
4.915456692913386
21
-2.8256062992125983
0
LINE
8
BLACK
6
CONTINUOUS
10
4.915456692913386
20
-2.8256062992125983
11
4.915456692913386
21
-2.7763937007874016
0
LINE
8
BLACK
6
CONTINUOUS
10
4.915456692913386
20
-2.7763937007874016
11
4.916205905511811
21
-2.7726271259842519
0
LINE
8
BLACK
6
CONTINUOUS
10
4.916205905511811
20
-2.7726271259842519
11
4.9183394881889759
21
-2.7694339763779525
0
LINE
8
BLACK
6
CONTINUOUS
10
4.9183394881889759
20
-2.7694339763779525
11
4.9215326377952753
21
-2.7673003937007872
0
LINE
8
BLACK
6
CONTINUOUS
10
4.9215326377952753
20
-2.7673003937007872
11
4.925299212598425
21
-2.7665511811023622
0
LINE
8
BLACK
6
CONTINUOUS
10
4.925299212598425
20
-2.7665511811023622
11
4.9567952755905509
21
-2.7665511811023622
0
LINE
8
BLACK
6
CONTINUOUS
10
4.9567952755905509
20
-2.7665511811023622
11
4.9605618503937006
21
-2.7673003937007872
0
LINE
8
BLACK
6
CONTINUOUS
10
5.154929881889764
20
-2.8030868897637795
11
5.1323024409448816
21
-2.8257143307086614
0
LINE
8
BLACK
6
CONTINUOUS
10
5.1323024409448816
20
-2.8257143307086614
11
5.1252313779527556
21
-2.8186432677165354
0
LINE
8
BLACK
6
CONTINUOUS
10
5.1252313779527556
20
-2.8186432677165354
11
5.147858818897638
21
-2.7960158267716535
0
LINE
8
BLACK
6
CONTINUOUS
10
5.147858818897638
20
-2.7960158267716535
11
5.154929881889764
21
-2.8030868897637795
0
LINE
8
BLACK
6
CONTINUOUS
10
5.2213588582677168
20
-2.8186432677165354
11
5.2142877952755908
21
-2.8257143307086614
0
LINE
8
BLACK
6
CONTINUOUS
10
5.2142877952755908
20
-2.8257143307086614
11
5.1916603543307085
21
-2.8030868897637795
0
LINE
8
BLACK
6
CONTINUOUS
10
5.1916603543307085
20
-2.8030868897637795
11
5.1987314173228345
21
-2.7960158267716535
0
LINE
8
BLACK
6
CONTINUOUS
10
5.1987314173228345
20
-2.7960158267716535
11
5.2213588582677168
21
-2.8186432677165354
0
LINE
8
BLACK
6
CONTINUOUS
10
5.1410104330708659
20
-2.7891674803149606
11
5.1183829921259845
21
-2.8117949212598425
0
LINE
8
BLACK
6
CONTINUOUS
10
5.1183829921259845
20
-2.8117949212598425
11
5.1113119291338585
21
-2.8047238582677165
0
LINE
8
BLACK
6
CONTINUOUS
10
5.1113119291338585
20
-2.8047238582677165
11
5.1339393700787399
21
-2.7820964173228346
0
LINE
8
BLACK
6
CONTINUOUS
10
5.1339393700787399
20
-2.7820964173228346
11
5.1410104330708659
21
-2.7891674803149606
0
LINE
8
BLACK
6
CONTINUOUS
10
5.235278307086614
20
-2.8047238582677165
11
5.228207244094488
21
-2.8117949212598425
0
LINE
8
BLACK
6
CONTINUOUS
10
5.228207244094488
20
-2.8117949212598425
11
5.2055798031496066
21
-2.7891674803149606
0
LINE
8
BLACK
6
CONTINUOUS
10
5.2055798031496066
20
-2.7891674803149606
11
5.2126508661417326
21
-2.7820964173228346
0
LINE
8
BLACK
6
CONTINUOUS
10
5.2126508661417326
20
-2.7820964173228346
11
5.235278307086614
21
-2.8047238582677165
0
LINE
8
BLACK
6
CONTINUOUS
10
4.2313571259842515
20
-2.7566980314960627
11
4.2345502755905509
21
-2.7588316141732281
0
LINE
8
BLACK
6
CONTINUOUS
10
4.2345502755905509
20
-2.7588316141732281
11
4.2366838582677167
21
-2.7620247637795274
0
LINE
8
BLACK
6
CONTINUOUS
10
4.2366838582677167
20
-2.7620247637795274
11
4.2374330708661416
21
-2.7657913385826771
0
LINE
8
BLACK
6
CONTINUOUS
10
4.2374330708661416
20
-2.7657913385826771
11
4.2374330708661416
21
-2.7982716535433072
0
LINE
8
BLACK
6
CONTINUOUS
10
4.2374330708661416
20
-2.7982716535433072
11
4.2366838582677167
21
-2.8020382283464564
0
LINE
8
BLACK
6
CONTINUOUS
10
4.2366838582677167
20
-2.8020382283464564
11
4.2345502755905509
21
-2.8052313779527558
0
LINE
8
BLACK
6
CONTINUOUS
10
4.2345502755905509
20
-2.8052313779527558
11
4.2313571259842515
21
-2.8073649606299211
0
LINE
8
BLACK
6
CONTINUOUS
10
4.2313571259842515
20
-2.8073649606299211
11
4.2275905511811018
21
-2.8081141732283466
0
LINE
8
BLACK
6
CONTINUOUS
10
4.2275905511811018
20
-2.8081141732283466
11
4.1764094488188972
21
-2.8081141732283466
0
LINE
8
BLACK
6
CONTINUOUS
10
4.1764094488188972
20
-2.8081141732283466
11
4.1726428740157475
21
-2.8073649606299211
0
LINE
8
BLACK
6
CONTINUOUS
10
4.1726428740157475
20
-2.8073649606299211
11
4.1694497244094491
21
-2.8052313779527558
0
LINE
8
BLACK
6
CONTINUOUS
10
4.1694497244094491
20
-2.8052313779527558
11
4.1673161417322833
21
-2.8020382283464564
0
LINE
8
BLACK
6
CONTINUOUS
10
4.1673161417322833
20
-2.8020382283464564
11
4.1665669291338583
21
-2.7982716535433072
0
LINE
8
BLACK
6
CONTINUOUS
10
4.1665669291338583
20
-2.7982716535433072
11
4.1665669291338583
21
-2.7657913385826771
0
LINE
8
BLACK
6
CONTINUOUS
10
4.1665669291338583
20
-2.7657913385826771
11
4.1673161417322833
21
-2.7620247637795274
0
LINE
8
BLACK
6
CONTINUOUS
10
4.1673161417322833
20
-2.7620247637795274
11
4.1694497244094491
21
-2.7588316141732281
0
LINE
8
BLACK
6
CONTINUOUS
10
4.1694497244094491
20
-2.7588316141732281
11
4.1726428740157475
21
-2.7566980314960627
0
LINE
8
BLACK
6
CONTINUOUS
10
4.1726428740157475
20
-2.7566980314960627
11
4.1764094488188972
21
-2.7559488188976378
0
LINE
8
BLACK
6
CONTINUOUS
10
4.1764094488188972
20
-2.7559488188976378
11
4.2275905511811018
21
-2.7559488188976378
0
LINE
8
BLACK
6
CONTINUOUS
10
4.2275905511811018
20
-2.7559488188976378
11
4.2313571259842515
21
-2.7566980314960627
0
LINE
8
BLACK
6
CONTINUOUS
10
5.2440057874015746
20
-2.7358922440944879
11
5.1732951181102358
21
-2.8066029133858268
0
LINE
8
BLACK
6
CONTINUOUS
10
5.1732951181102358
20
-2.8066029133858268
11
5.1025844488188978
21
-2.7358922440944879
0
LINE
8
BLACK
6
CONTINUOUS
10
5.1025844488188978
20
-2.7358922440944879
11
5.1732951181102358
21
-2.6651815748031495
0
LINE
8
BLACK
6
CONTINUOUS
10
5.1732951181102358
20
-2.6651815748031495
11
5.2440057874015746
21
-2.7358922440944879
0
LINE
8
BLACK
6
CONTINUOUS
10
5.12709094488189
20
-2.7752479921259843
11
5.1044635039370077
21
-2.7978754330708662
0
LINE
8
BLACK
6
CONTINUOUS
10
5.1044635039370077
20
-2.7978754330708662
11
5.0973924409448816
21
-2.7908043700787402
0
LINE
8
BLACK
6
CONTINUOUS
10
5.0973924409448816
20
-2.7908043700787402
11
5.120019881889764
21
-2.7681769291338583
0
LINE
8
BLACK
6
CONTINUOUS
10
5.120019881889764
20
-2.7681769291338583
11
5.12709094488189
21
-2.7752479921259843
0
LINE
8
BLACK
6
CONTINUOUS
10
5.2491977952755908
20
-2.7908043700787402
11
5.2421267322834648
21
-2.7978754330708662
0
LINE
8
BLACK
6
CONTINUOUS
10
5.2421267322834648
20
-2.7978754330708662
11
5.2194992913385825
21
-2.7752479921259843
0
LINE
8
BLACK
6
CONTINUOUS
10
5.2194992913385825
20
-2.7752479921259843
11
5.2265703543307085
21
-2.7681769291338583
0
LINE
8
BLACK
6
CONTINUOUS
10
5.2265703543307085
20
-2.7681769291338583
11
5.2491977952755908
21
-2.7908043700787402
0
LINE
8
BLACK
6
CONTINUOUS
10
4.3973843307086611
20
-2.7584311417322835
11
4.400178346456693
21
-2.7602980314960628
0
LINE
8
BLACK
6
CONTINUOUS
10
4.400178346456693
20
-2.7602980314960628
11
4.4020452362204727
21
-2.7630920472440943
0
LINE
8
BLACK
6
CONTINUOUS
10
4.4020452362204727
20
-2.7630920472440943
11
4.4027007874015744
21
-2.7663877952755906
0
LINE
8
BLACK
6
CONTINUOUS
10
4.4027007874015744
20
-2.7663877952755906
11
4.4027007874015744
21
-2.7836122047244092
0
LINE
8
BLACK
6
CONTINUOUS
10
4.4027007874015744
20
-2.7836122047244092
11
4.4020452362204727
21
-2.7869079527559055
0
LINE
8
BLACK
6
CONTINUOUS
10
4.4020452362204727
20
-2.7869079527559055
11
4.400178346456693
21
-2.789701968503937
0
LINE
8
BLACK
6
CONTINUOUS
10
4.400178346456693
20
-2.789701968503937
11
4.3973843307086611
21
-2.7915688582677163
0
LINE
8
BLACK
6
CONTINUOUS
10
4.3973843307086611
20
-2.7915688582677163
11
4.3940885826771652
21
-2.7922244094488189
0
LINE
8
BLACK
6
CONTINUOUS
10
4.3940885826771652
20
-2.7922244094488189
11
4.3739114173228346
21
-2.7922244094488189
0
LINE
8
BLACK
6
CONTINUOUS
10
4.3739114173228346
20
-2.7922244094488189
11
4.3706156692913387
21
-2.7915688582677163
0
LINE
8
BLACK
6
CONTINUOUS
10
4.3706156692913387
20
-2.7915688582677163
11
4.3678216535433068
21
-2.789701968503937
0
LINE
8
BLACK
6
CONTINUOUS
10
4.3678216535433068
20
-2.789701968503937
11
4.3659547637795271
21
-2.7869079527559055
0
LINE
8
BLACK
6
CONTINUOUS
10
4.3659547637795271
20
-2.7869079527559055
11
4.3652992125984253
21
-2.7836122047244092
0
LINE
8
BLACK
6
CONTINUOUS
10
4.3652992125984253
20
-2.7836122047244092
11
4.3652992125984253
21
-2.7663877952755906
0
LINE
8
BLACK
6
CONTINUOUS
10
4.3652992125984253
20
-2.7663877952755906
11
4.3659547637795271
21
-2.7630920472440943
0
LINE
8
BLACK
6
CONTINUOUS
10
4.3659547637795271
20
-2.7630920472440943
11
4.3678216535433068
21
-2.7602980314960628
0
LINE
8
BLACK
6
CONTINUOUS
10
4.3678216535433068
20
-2.7602980314960628
11
4.3706156692913387
21
-2.7584311417322835
0
LINE
8
BLACK
6
CONTINUOUS
10
4.3706156692913387
20
-2.7584311417322835
11
4.3739114173228346
21
-2.7577755905511809
0
LINE
8
BLACK
6
CONTINUOUS
10
4.3739114173228346
20
-2.7577755905511809
11
4.3940885826771652
21
-2.7577755905511809
0
LINE
8
BLACK
6
CONTINUOUS
10
4.3940885826771652
20
-2.7577755905511809
11
4.3973843307086611
21
-2.7584311417322835
0
LINE
8
BLACK
6
CONTINUOUS
10
5.1131715354330707
20
-2.7613285433070867
11
5.0905440944881892
21
-2.7839559842519686
0
LINE
8
BLACK
6
CONTINUOUS
10
5.0905440944881892
20
-2.7839559842519686
11
5.0834730314960632
21
-2.7768849212598425
0
LINE
8
BLACK
6
CONTINUOUS
10
5.0834730314960632
20
-2.7768849212598425
11
5.1061004724409447
21
-2.7542574803149606
0
LINE
8
BLACK
6
CONTINUOUS
10
5.1061004724409447
20
-2.7542574803149606
11
5.1131715354330707
21
-2.7613285433070867
0
LINE
8
BLACK
6
CONTINUOUS
10
5.2631172047244092
20
-2.7768849212598425
11
5.2560461417322832
21
-2.7839559842519686
0
LINE
8
BLACK
6
CONTINUOUS
10
5.2560461417322832
20
-2.7839559842519686
11
5.2334187007874018
21
-2.7613285433070867
0
LINE
8
BLACK
6
CONTINUOUS
10
5.2334187007874018
20
-2.7613285433070867
11
5.2404897637795278
21
-2.7542574803149606
0
LINE
8
BLACK
6
CONTINUOUS
10
5.2404897637795278
20
-2.7542574803149606
11
5.2631172047244092
21
-2.7768849212598425
0
LINE
8
BLACK
6
CONTINUOUS
10
5.3770067322834647
20
-2.7073161417322833
11
5.3801998818897641
21
-2.7094497244094486
0
LINE
8
BLACK
6
CONTINUOUS
10
5.3801998818897641
20
-2.7094497244094486
11
5.382333464566929
21
-2.712642874015748
0
LINE
8
BLACK
6
CONTINUOUS
10
5.382333464566929
20
-2.712642874015748
11
5.3830826771653539
21
-2.7164094488188977
0
LINE
8
BLACK
6
CONTINUOUS
10
5.3830826771653539
20
-2.7164094488188977
11
5.3830826771653539
21
-2.7675905511811023
0
LINE
8
BLACK
6
CONTINUOUS
10
5.3830826771653539
20
-2.7675905511811023
11
5.382333464566929
21
-2.771357125984252
0
LINE
8
BLACK
6
CONTINUOUS
10
5.382333464566929
20
-2.771357125984252
11
5.3801998818897641
21
-2.7745502755905509
0
LINE
8
BLACK
6
CONTINUOUS
10
5.3801998818897641
20
-2.7745502755905509
11
5.3770067322834647
21
-2.7766838582677167
0
LINE
8
BLACK
6
CONTINUOUS
10
5.3770067322834647
20
-2.7766838582677167
11
5.373240157480315
21
-2.7774330708661417
0
LINE
8
BLACK
6
CONTINUOUS
10
5.373240157480315
20
-2.7774330708661417
11
5.3407598425196845
21
-2.7774330708661417
0
LINE
8
BLACK
6
CONTINUOUS
10
5.3407598425196845
20
-2.7774330708661417
11
5.3369932677165357
21
-2.7766838582677167
0
LINE
8
BLACK
6
CONTINUOUS
10
5.3369932677165357
20
-2.7766838582677167
11
5.3338001181102364
21
-2.7745502755905509
0
LINE
8
BLACK
6
CONTINUOUS
10
5.3338001181102364
20
-2.7745502755905509
11
5.3316665354330706
21
-2.771357125984252
0
LINE
8
BLACK
6
CONTINUOUS
10
5.3316665354330706
20
-2.771357125984252
11
5.3309173228346456
21
-2.7675905511811023
0
LINE
8
BLACK
6
CONTINUOUS
10
5.3309173228346456
20
-2.7675905511811023
11
5.3309173228346456
21
-2.7164094488188977
0
LINE
8
BLACK
6
CONTINUOUS
10
5.3309173228346456
20
-2.7164094488188977
11
5.3316665354330706
21
-2.712642874015748
0
LINE
8
BLACK
6
CONTINUOUS
10
5.3316665354330706
20
-2.712642874015748
11
5.3338001181102364
21
-2.7094497244094486
0
LINE
8
BLACK
6
CONTINUOUS
10
5.3338001181102364
20
-2.7094497244094486
11
5.3369932677165357
21
-2.7073161417322833
0
LINE
8
BLACK
6
CONTINUOUS
10
5.3369932677165357
20
-2.7073161417322833
11
5.3407598425196845
21
-2.7065669291338583
0
LINE
8
BLACK
6
CONTINUOUS
10
5.3407598425196845
20
-2.7065669291338583
11
5.373240157480315
21
-2.7065669291338583
0
LINE
8
BLACK
6
CONTINUOUS
10
5.373240157480315
20
-2.7065669291338583
11
5.3770067322834647
21
-2.7073161417322833
0
LINE
8
BLACK
6
CONTINUOUS
10
5.5000382283464564
20
-2.7073161417322833
11
5.5032313779527557
21
-2.7094497244094486
0
LINE
8
BLACK
6
CONTINUOUS
10
5.5032313779527557
20
-2.7094497244094486
11
5.5053649606299215
21
-2.712642874015748
0
LINE
8
BLACK
6
CONTINUOUS
10
5.5053649606299215
20
-2.712642874015748
11
5.5061141732283465
21
-2.7164094488188977
0
LINE
8
BLACK
6
CONTINUOUS
10
5.5061141732283465
20
-2.7164094488188977
11
5.5061141732283465
21
-2.7675905511811023
0
LINE
8
BLACK
6
CONTINUOUS
10
5.5061141732283465
20
-2.7675905511811023
11
5.5053649606299215
21
-2.771357125984252
0
LINE
8
BLACK
6
CONTINUOUS
10
5.5053649606299215
20
-2.771357125984252
11
5.5032313779527557
21
-2.7745502755905509
0
LINE
8
BLACK
6
CONTINUOUS
10
5.5032313779527557
20
-2.7745502755905509
11
5.5000382283464564
21
-2.7766838582677167
0
LINE
8
BLACK
6
CONTINUOUS
10
5.5000382283464564
20
-2.7766838582677167
11
5.4962716535433067
21
-2.7774330708661417
0
LINE
8
BLACK
6
CONTINUOUS
10
5.4962716535433067
20
-2.7774330708661417
11
5.4637913385826771
21
-2.7774330708661417
0
LINE
8
BLACK
6
CONTINUOUS
10
5.4637913385826771
20
-2.7774330708661417
11
5.4600247637795274
21
-2.7766838582677167
0
LINE
8
BLACK
6
CONTINUOUS
10
5.4600247637795274
20
-2.7766838582677167
11
5.456831614173228
21
-2.7745502755905509
0
LINE
8
BLACK
6
CONTINUOUS
10
5.456831614173228
20
-2.7745502755905509
11
5.4546980314960631
21
-2.771357125984252
0
LINE
8
BLACK
6
CONTINUOUS
10
5.4546980314960631
20
-2.771357125984252
11
5.4539488188976373
21
-2.7675905511811023
0
LINE
8
BLACK
6
CONTINUOUS
10
5.4539488188976373
20
-2.7675905511811023
11
5.4539488188976373
21
-2.7164094488188977
0
LINE
8
BLACK
6
CONTINUOUS
10
5.4539488188976373
20
-2.7164094488188977
11
5.4546980314960631
21
-2.712642874015748
0
LINE
8
BLACK
6
CONTINUOUS
10
5.4546980314960631
20
-2.712642874015748
11
5.456831614173228
21
-2.7094497244094486
0
LINE
8
BLACK
6
CONTINUOUS
10
5.456831614173228
20
-2.7094497244094486
11
5.4600247637795274
21
-2.7073161417322833
0
LINE
8
BLACK
6
CONTINUOUS
10
5.4600247637795274
20
-2.7073161417322833
11
5.4637913385826771
21
-2.7065669291338583
0
LINE
8
BLACK
6
CONTINUOUS
10
5.4637913385826771
20
-2.7065669291338583
11
5.4962716535433067
21
-2.7065669291338583
0
LINE
8
BLACK
6
CONTINUOUS
10
5.4962716535433067
20
-2.7065669291338583
11
5.5000382283464564
21
-2.7073161417322833
0
LINE
8
BLACK
6
CONTINUOUS
10
5.0992521259842523
20
-2.7474091732283465
11
5.0766246850393699
21
-2.7700366141732284
0
LINE
8
BLACK
6
CONTINUOUS
10
5.0766246850393699
20
-2.7700366141732284
11
5.0695536220472439
21
-2.7629655511811024
0
LINE
8
BLACK
6
CONTINUOUS
10
5.0695536220472439
20
-2.7629655511811024
11
5.0921810629921263
21
-2.7403381102362205
0
LINE
8
BLACK
6
CONTINUOUS
10
5.0921810629921263
20
-2.7403381102362205
11
5.0992521259842523
21
-2.7474091732283465
0
LINE
8
BLACK
6
CONTINUOUS
10
5.2770366141732286
20
-2.7629655511811024
11
5.2699655511811025
21
-2.7700366141732284
0
LINE
8
BLACK
6
CONTINUOUS
10
5.2699655511811025
20
-2.7700366141732284
11
5.2473381102362202
21
-2.7474091732283465
0
LINE
8
BLACK
6
CONTINUOUS
10
5.2473381102362202
20
-2.7474091732283465
11
5.2544091732283462
21
-2.7403381102362205
0
LINE
8
BLACK
6
CONTINUOUS
10
5.2544091732283462
20
-2.7403381102362205
11
5.2770366141732286
21
-2.7629655511811024
0
LINE
8
BLACK
6
CONTINUOUS
10
5.5864358661417324
20
-2.6851586614173226
11
5.5896290157480317
21
-2.687292244094488
0
LINE
8
BLACK
6
CONTINUOUS
10
5.5896290157480317
20
-2.687292244094488
11
5.5917625984251966
21
-2.6904853937007873
0
LINE
8
BLACK
6
CONTINUOUS
10
5.5917625984251966
20
-2.6904853937007873
11
5.5925118110236216
21
-2.694251968503937
0
LINE
8
BLACK
6
CONTINUOUS
10
5.5925118110236216
20
-2.694251968503937
11
5.5925118110236216
21
-2.7257480314960629
0
LINE
8
BLACK
6
CONTINUOUS
10
5.5925118110236216
20
-2.7257480314960629
11
5.5917625984251966
21
-2.7295146062992126
0
LINE
8
BLACK
6
CONTINUOUS
10
5.5917625984251966
20
-2.7295146062992126
11
5.5896290157480317
21
-2.732707755905512
0
LINE
8
BLACK
6
CONTINUOUS
10
5.5896290157480317
20
-2.732707755905512
11
5.5864358661417324
21
-2.7348413385826773
0
LINE
8
BLACK
6
CONTINUOUS
10
5.5864358661417324
20
-2.7348413385826773
11
5.5826692913385827
21
-2.7355905511811023
0
LINE
8
BLACK
6
CONTINUOUS
10
5.5826692913385827
20
-2.7355905511811023
11
5.541330708661417
21
-2.7355905511811023
0
LINE
8
BLACK
6
CONTINUOUS
10
5.541330708661417
20
-2.7355905511811023
11
5.5375641338582673
21
-2.7348413385826773
0
LINE
8
BLACK
6
CONTINUOUS
10
5.5375641338582673
20
-2.7348413385826773
11
5.5343709842519679
21
-2.732707755905512
0
LINE
8
BLACK
6
CONTINUOUS
10
5.5343709842519679
20
-2.732707755905512
11
5.532237401574803
21
-2.7295146062992126
0
LINE
8
BLACK
6
CONTINUOUS
10
5.532237401574803
20
-2.7295146062992126
11
5.5314881889763781
21
-2.7257480314960629
0
LINE
8
BLACK
6
CONTINUOUS
10
5.5314881889763781
20
-2.7257480314960629
11
5.5314881889763781
21
-2.694251968503937
0
LINE
8
BLACK
6
CONTINUOUS
10
5.5314881889763781
20
-2.694251968503937
11
5.532237401574803
21
-2.6904853937007873
0
LINE
8
BLACK
6
CONTINUOUS
10
5.532237401574803
20
-2.6904853937007873
11
5.5343709842519679
21
-2.687292244094488
0
LINE
8
BLACK
6
CONTINUOUS
10
5.5343709842519679
20
-2.687292244094488
11
5.5375641338582673
21
-2.6851586614173226
0
LINE
8
BLACK
6
CONTINUOUS
10
5.5375641338582673
20
-2.6851586614173226
11
5.541330708661417
21
-2.6844094488188976
0
LINE
8
BLACK
6
CONTINUOUS
10
5.541330708661417
20
-2.6844094488188976
11
5.5826692913385827
21
-2.6844094488188976
0
LINE
8
BLACK
6
CONTINUOUS
10
5.5826692913385827
20
-2.6844094488188976
11
5.5864358661417324
21
-2.6851586614173226
0
LINE
8
BLACK
6
CONTINUOUS
10
5.8998216929133855
20
-2.6851586614173226
11
5.9030148425196849
21
-2.687292244094488
0
LINE
8
BLACK
6
CONTINUOUS
10
5.9030148425196849
20
-2.687292244094488
11
5.9051484251968507
21
-2.6904853937007873
0
LINE
8
BLACK
6
CONTINUOUS
10
5.9051484251968507
20
-2.6904853937007873
11
5.9058976377952757
21
-2.694251968503937
0
LINE
8
BLACK
6
CONTINUOUS
10
5.9058976377952757
20
-2.694251968503937
11
5.9058976377952757
21
-2.7257480314960629
0
LINE
8
BLACK
6
CONTINUOUS
10
5.9058976377952757
20
-2.7257480314960629
11
5.9051484251968507
21
-2.7295146062992126
0
LINE
8
BLACK
6
CONTINUOUS
10
5.9051484251968507
20
-2.7295146062992126
11
5.9030148425196849
21
-2.732707755905512
0
LINE
8
BLACK
6
CONTINUOUS
10
5.9030148425196849
20
-2.732707755905512
11
5.8998216929133855
21
-2.7348413385826773
0
LINE
8
BLACK
6
CONTINUOUS
10
5.8998216929133855
20
-2.7348413385826773
11
5.8960551181102359
21
-2.7355905511811023
0
LINE
8
BLACK
6
CONTINUOUS
10
5.8960551181102359
20
-2.7355905511811023
11
5.854716535433071
21
-2.7355905511811023
0
LINE
8
BLACK
6
CONTINUOUS
10
5.854716535433071
20
-2.7355905511811023
11
5.8509499606299213
21
-2.7348413385826773
0
LINE
8
BLACK
6
CONTINUOUS
10
5.8509499606299213
20
-2.7348413385826773
11
5.847756811023622
21
-2.732707755905512
0
LINE
8
BLACK
6
CONTINUOUS
10
5.847756811023622
20
-2.732707755905512
11
5.8456232283464562
21
-2.7295146062992126
0
LINE
8
BLACK
6
CONTINUOUS
10
5.8456232283464562
20
-2.7295146062992126
11
5.8448740157480312
21
-2.7257480314960629
0
LINE
8
BLACK
6
CONTINUOUS
10
5.8448740157480312
20
-2.7257480314960629
11
5.8448740157480312
21
-2.694251968503937
0
LINE
8
BLACK
6
CONTINUOUS
10
5.8448740157480312
20
-2.694251968503937
11
5.8456232283464562
21
-2.6904853937007873
0
LINE
8
BLACK
6
CONTINUOUS
10
5.8456232283464562
20
-2.6904853937007873
11
5.847756811023622
21
-2.687292244094488
0
LINE
8
BLACK
6
CONTINUOUS
10
5.847756811023622
20
-2.687292244094488
11
5.8509499606299213
21
-2.6851586614173226
0
LINE
8
BLACK
6
CONTINUOUS
10
5.8509499606299213
20
-2.6851586614173226
11
5.854716535433071
21
-2.6844094488188976
0
LINE
8
BLACK
6
CONTINUOUS
10
5.854716535433071
20
-2.6844094488188976
11
5.8960551181102359
21
-2.6844094488188976
0
LINE
8
BLACK
6
CONTINUOUS
10
5.8960551181102359
20
-2.6844094488188976
11
5.8998216929133855
21
-2.6851586614173226
0
LINE
8
BLACK
6
CONTINUOUS
10
5.0992521259842523
20
-2.7243753149606298
11
5.0921810629921263
21
-2.7314463779527558
0
LINE
8
BLACK
6
CONTINUOUS
10
5.0921810629921263
20
-2.7314463779527558
11
5.0695536220472439
21
-2.7088189370078739
0
LINE
8
BLACK
6
CONTINUOUS
10
5.0695536220472439
20
-2.7088189370078739
11
5.0766246850393699
21
-2.7017478740157479
0
LINE
8
BLACK
6
CONTINUOUS
10
5.0766246850393699
20
-2.7017478740157479
11
5.0992521259842523
21
-2.7243753149606298
0
LINE
8
BLACK
6
CONTINUOUS
10
5.2770366141732286
20
-2.7088189370078739
11
5.2544091732283462
21
-2.7314463779527558
0
LINE
8
BLACK
6
CONTINUOUS
10
5.2544091732283462
20
-2.7314463779527558
11
5.2473381102362202
21
-2.7243753149606298
0
LINE
8
BLACK
6
CONTINUOUS
10
5.2473381102362202
20
-2.7243753149606298
11
5.2699655511811025
21
-2.7017478740157479
0
LINE
8
BLACK
6
CONTINUOUS
10
5.2699655511811025
20
-2.7017478740157479
11
5.2770366141732286
21
-2.7088189370078739
0
LINE
8
BLACK
6
CONTINUOUS
10
5.1131715354330707
20
-2.7104559448818897
11
5.1061004724409447
21
-2.7175270078740157
0
LINE
8
BLACK
6
CONTINUOUS
10
5.1061004724409447
20
-2.7175270078740157
11
5.0834730314960632
21
-2.6948995669291338
0
LINE
8
BLACK
6
CONTINUOUS
10
5.0834730314960632
20
-2.6948995669291338
11
5.0905440944881892
21
-2.6878285039370078
0
LINE
8
BLACK
6
CONTINUOUS
10
5.0905440944881892
20
-2.6878285039370078
11
5.1131715354330707
21
-2.7104559448818897
0
LINE
8
BLACK
6
CONTINUOUS
10
5.2631172047244092
20
-2.6948995669291338
11
5.2404897637795278
21
-2.7175270078740157
0
LINE
8
BLACK
6
CONTINUOUS
10
5.2404897637795278
20
-2.7175270078740157
11
5.2334187007874018
21
-2.7104559448818897
0
LINE
8
BLACK
6
CONTINUOUS
10
5.2334187007874018
20
-2.7104559448818897
11
5.2560461417322832
21
-2.6878285039370078
0
LINE
8
BLACK
6
CONTINUOUS
10
5.2560461417322832
20
-2.6878285039370078
11
5.2631172047244092
21
-2.6948995669291338
0
LINE
8
BLACK
6
CONTINUOUS
10
4.3988400393700786
20
-2.6828513385826773
11
4.4013945275590549
21
-2.6845582283464564
0
LINE
8
BLACK
6
CONTINUOUS
10
4.4013945275590549
20
-2.6845582283464564
11
4.4031014173228344
21
-2.6871127165354332
0
LINE
8
BLACK
6
CONTINUOUS
10
4.4031014173228344
20
-2.6871127165354332
11
4.4037007874015748
21
-2.6901259842519685
0
LINE
8
BLACK
6
CONTINUOUS
10
4.4037007874015748
20
-2.6901259842519685
11
4.4037007874015748
21
-2.7058740157480314
0
LINE
8
BLACK
6
CONTINUOUS
10
4.4037007874015748
20
-2.7058740157480314
11
4.4031014173228344
21
-2.7088872834645668
0
LINE
8
BLACK
6
CONTINUOUS
10
4.4031014173228344
20
-2.7088872834645668
11
4.4013945275590549
21
-2.7114417716535431
0
LINE
8
BLACK
6
CONTINUOUS
10
4.4013945275590549
20
-2.7114417716535431
11
4.3988400393700786
21
-2.7131486614173226
0
LINE
8
BLACK
6
CONTINUOUS
10
4.3988400393700786
20
-2.7131486614173226
11
4.3958267716535433
21
-2.7137480314960629
0
LINE
8
BLACK
6
CONTINUOUS
10
4.3958267716535433
20
-2.7137480314960629
11
4.3741732283464563
21
-2.7137480314960629
0
LINE
8
BLACK
6
CONTINUOUS
10
4.3741732283464563
20
-2.7137480314960629
11
4.371159960629921
21
-2.7131486614173226
0
LINE
8
BLACK
6
CONTINUOUS
10
4.371159960629921
20
-2.7131486614173226
11
4.3686054724409447
21
-2.7114417716535431
0
LINE
8
BLACK
6
CONTINUOUS
10
4.3686054724409447
20
-2.7114417716535431
11
4.3668985826771651
21
-2.7088872834645668
0
LINE
8
BLACK
6
CONTINUOUS
10
4.3668985826771651
20
-2.7088872834645668
11
4.3662992125984248
21
-2.7058740157480314
0
LINE
8
BLACK
6
CONTINUOUS
10
4.3662992125984248
20
-2.7058740157480314
11
4.3662992125984248
21
-2.6901259842519685
0
LINE
8
BLACK
6
CONTINUOUS
10
4.3662992125984248
20
-2.6901259842519685
11
4.3668985826771651
21
-2.6871127165354332
0
LINE
8
BLACK
6
CONTINUOUS
10
4.3668985826771651
20
-2.6871127165354332
11
4.3686054724409447
21
-2.6845582283464564
0
LINE
8
BLACK
6
CONTINUOUS
10
4.3686054724409447
20
-2.6845582283464564
11
4.371159960629921
21
-2.6828513385826773
0
LINE
8
BLACK
6
CONTINUOUS
10
4.371159960629921
20
-2.6828513385826773
11
4.3741732283464563
21
-2.682251968503937
0
LINE
8
BLACK
6
CONTINUOUS
10
4.3741732283464563
20
-2.682251968503937
11
4.3958267716535433
21
-2.682251968503937
0
LINE
8
BLACK
6
CONTINUOUS
10
4.3958267716535433
20
-2.682251968503937
11
4.3988400393700786
21
-2.6828513385826773
0
LINE
8
BLACK
6
CONTINUOUS
10
5.12709094488189
20
-2.6965364960629921
11
5.120019881889764
21
-2.7036075590551181
0
LINE
8
BLACK
6
CONTINUOUS
10
5.120019881889764
20
-2.7036075590551181
11
5.0973924409448816
21
-2.6809801181102362
0
LINE
8
BLACK
6
CONTINUOUS
10
5.0973924409448816
20
-2.6809801181102362
11
5.1044635039370077
21
-2.6739090551181102
0
LINE
8
BLACK
6
CONTINUOUS
10
5.1044635039370077
20
-2.6739090551181102
11
5.12709094488189
21
-2.6965364960629921
0
LINE
8
BLACK
6
CONTINUOUS
10
5.2491977952755908
20
-2.6809801181102362
11
5.2265703543307085
21
-2.7036075590551181
0
LINE
8
BLACK
6
CONTINUOUS
10
5.2265703543307085
20
-2.7036075590551181
11
5.2194992913385825
21
-2.6965364960629921
0
LINE
8
BLACK
6
CONTINUOUS
10
5.2194992913385825
20
-2.6965364960629921
11
5.2421267322834648
21
-2.6739090551181102
0
LINE
8
BLACK
6
CONTINUOUS
10
5.2421267322834648
20
-2.6739090551181102
11
5.2491977952755908
21
-2.6809801181102362
0
LINE
8
BLACK
6
CONTINUOUS
10
5.1410104330708659
20
-2.6826170078740157
11
5.1339393700787399
21
-2.6896880708661417
0
LINE
8
BLACK
6
CONTINUOUS
10
5.1339393700787399
20
-2.6896880708661417
11
5.1113119291338585
21
-2.6670606299212598
0
LINE
8
BLACK
6
CONTINUOUS
10
5.1113119291338585
20
-2.6670606299212598
11
5.1183829921259845
21
-2.6599895669291338
0
LINE
8
BLACK
6
CONTINUOUS
10
5.1183829921259845
20
-2.6599895669291338
11
5.1410104330708659
21
-2.6826170078740157
0
LINE
8
BLACK
6
CONTINUOUS
10
5.235278307086614
20
-2.6670606299212598
11
5.2126508661417326
21
-2.6896880708661417
0
LINE
8
BLACK
6
CONTINUOUS
10
5.2126508661417326
20
-2.6896880708661417
11
5.2055798031496066
21
-2.6826170078740157
0
LINE
8
BLACK
6
CONTINUOUS
10
5.2055798031496066
20
-2.6826170078740157
11
5.228207244094488
21
-2.6599895669291338
0
LINE
8
BLACK
6
CONTINUOUS
10
5.228207244094488
20
-2.6599895669291338
11
5.235278307086614
21
-2.6670606299212598
0
LINE
8
BLACK
6
CONTINUOUS
10
4.8395146062992129
20
-2.6173003937007873
11
4.8427077559055114
21
-2.6194339763779526
0
LINE
8
BLACK
6
CONTINUOUS
10
4.8427077559055114
20
-2.6194339763779526
11
4.8448413385826772
21
-2.622627125984252
0
LINE
8
BLACK
6
CONTINUOUS
10
4.8448413385826772
20
-2.622627125984252
11
4.8455905511811022
21
-2.6263937007874016
0
LINE
8
BLACK
6
CONTINUOUS
10
4.8455905511811022
20
-2.6263937007874016
11
4.8455905511811022
21
-2.6756062992125984
0
LINE
8
BLACK
6
CONTINUOUS
10
4.8455905511811022
20
-2.6756062992125984
11
4.8448413385826772
21
-2.6793728740157481
0
LINE
8
BLACK
6
CONTINUOUS
10
4.8448413385826772
20
-2.6793728740157481
11
4.8427077559055114
21
-2.682566023622047
0
LINE
8
BLACK
6
CONTINUOUS
10
4.8427077559055114
20
-2.682566023622047
11
4.8395146062992129
21
-2.6846996062992123
0
LINE
8
BLACK
6
CONTINUOUS
10
4.8395146062992129
20
-2.6846996062992123
11
4.8357480314960632
21
-2.6854488188976378
0
LINE
8
BLACK
6
CONTINUOUS
10
4.8357480314960632
20
-2.6854488188976378
11
4.8042519685039373
21
-2.6854488188976378
0
LINE
8
BLACK
6
CONTINUOUS
10
4.8042519685039373
20
-2.6854488188976378
11
4.8004853937007876
21
-2.6846996062992123
0
LINE
8
BLACK
6
CONTINUOUS
10
4.8004853937007876
20
-2.6846996062992123
11
4.7972922440944883
21
-2.682566023622047
0
LINE
8
BLACK
6
CONTINUOUS
10
4.7972922440944883
20
-2.682566023622047
11
4.7951586614173225
21
-2.6793728740157481
0
LINE
8
BLACK
6
CONTINUOUS
10
4.7951586614173225
20
-2.6793728740157481
11
4.7944094488188975
21
-2.6756062992125984
0
LINE
8
BLACK
6
CONTINUOUS
10
4.7944094488188975
20
-2.6756062992125984
11
4.7944094488188975
21
-2.6263937007874016
0
LINE
8
BLACK
6
CONTINUOUS
10
4.7944094488188975
20
-2.6263937007874016
11
4.7951586614173225
21
-2.622627125984252
0
LINE
8
BLACK
6
CONTINUOUS
10
4.7951586614173225
20
-2.622627125984252
11
4.7972922440944883
21
-2.6194339763779526
0
LINE
8
BLACK
6
CONTINUOUS
10
4.7972922440944883
20
-2.6194339763779526
11
4.8004853937007876
21
-2.6173003937007873
0
LINE
8
BLACK
6
CONTINUOUS
10
4.8004853937007876
20
-2.6173003937007873
11
4.8042519685039373
21
-2.6165511811023623
0
LINE
8
BLACK
6
CONTINUOUS
10
4.8042519685039373
20
-2.6165511811023623
11
4.8357480314960632
21
-2.6165511811023623
0
LINE
8
BLACK
6
CONTINUOUS
10
4.8357480314960632
20
-2.6165511811023623
11
4.8395146062992129
21
-2.6173003937007873
0
LINE
8
BLACK
6
CONTINUOUS
10
4.9615618503937009
20
-2.6173003937007873
11
4.9647550000000003
21
-2.6194339763779526
0
LINE
8
BLACK
6
CONTINUOUS
10
4.9647550000000003
20
-2.6194339763779526
11
4.9668885826771652
21
-2.622627125984252
0
LINE
8
BLACK
6
CONTINUOUS
10
4.9668885826771652
20
-2.622627125984252
11
4.9676377952755901
21
-2.6263937007874016
0
LINE
8
BLACK
6
CONTINUOUS
10
4.9676377952755901
20
-2.6263937007874016
11
4.9676377952755901
21
-2.6756062992125984
0
LINE
8
BLACK
6
CONTINUOUS
10
4.9676377952755901
20
-2.6756062992125984
11
4.9668885826771652
21
-2.6793728740157481
0
LINE
8
BLACK
6
CONTINUOUS
10
4.9668885826771652
20
-2.6793728740157481
11
4.9647550000000003
21
-2.682566023622047
0
LINE
8
BLACK
6
CONTINUOUS
10
4.9647550000000003
20
-2.682566023622047
11
4.9615618503937009
21
-2.6846996062992123
0
LINE
8
BLACK
6
CONTINUOUS
10
4.9615618503937009
20
-2.6846996062992123
11
4.9577952755905512
21
-2.6854488188976378
0
LINE
8
BLACK
6
CONTINUOUS
10
4.9577952755905512
20
-2.6854488188976378
11
4.9262992125984253
21
-2.6854488188976378
0
LINE
8
BLACK
6
CONTINUOUS
10
4.9262992125984253
20
-2.6854488188976378
11
4.9225326377952756
21
-2.6846996062992123
0
LINE
8
BLACK
6
CONTINUOUS
10
4.9225326377952756
20
-2.6846996062992123
11
4.9193394881889763
21
-2.682566023622047
0
LINE
8
BLACK
6
CONTINUOUS
10
4.9193394881889763
20
-2.682566023622047
11
4.9172059055118105
21
-2.6793728740157481
0
LINE
8
BLACK
6
CONTINUOUS
10
4.9172059055118105
20
-2.6793728740157481
11
4.9164566929133855
21
-2.6756062992125984
0
LINE
8
BLACK
6
CONTINUOUS
10
4.9164566929133855
20
-2.6756062992125984
11
4.9164566929133855
21
-2.6263937007874016
0
LINE
8
BLACK
6
CONTINUOUS
10
4.9164566929133855
20
-2.6263937007874016
11
4.9172059055118105
21
-2.622627125984252
0
LINE
8
BLACK
6
CONTINUOUS
10
4.9172059055118105
20
-2.622627125984252
11
4.9193394881889763
21
-2.6194339763779526
0
LINE
8
BLACK
6
CONTINUOUS
10
4.9193394881889763
20
-2.6194339763779526
11
4.9225326377952756
21
-2.6173003937007873
0
LINE
8
BLACK
6
CONTINUOUS
10
4.9225326377952756
20
-2.6173003937007873
11
4.9262992125984253
21
-2.6165511811023623
0
LINE
8
BLACK
6
CONTINUOUS
10
4.9262992125984253
20
-2.6165511811023623
11
4.9577952755905512
21
-2.6165511811023623
0
LINE
8
BLACK
6
CONTINUOUS
10
4.9577952755905512
20
-2.6165511811023623
11
4.9615618503937009
21
-2.6173003937007873
0
LINE
8
BLACK
6
CONTINUOUS
10
4.2313571259842515
20
-2.6336665354330706
11
4.2345502755905509
21
-2.635800118110236
0
LINE
8
BLACK
6
CONTINUOUS
10
4.2345502755905509
20
-2.635800118110236
11
4.2366838582677167
21
-2.6389932677165353
0
LINE
8
BLACK
6
CONTINUOUS
10
4.2366838582677167
20
-2.6389932677165353
11
4.2374330708661416
21
-2.642759842519685
0
LINE
8
BLACK
6
CONTINUOUS
10
4.2374330708661416
20
-2.642759842519685
11
4.2374330708661416
21
-2.6752401574803151
0
LINE
8
BLACK
6
CONTINUOUS
10
4.2374330708661416
20
-2.6752401574803151
11
4.2366838582677167
21
-2.6790067322834643
0
LINE
8
BLACK
6
CONTINUOUS
10
4.2366838582677167
20
-2.6790067322834643
11
4.2345502755905509
21
-2.6821998818897637
0
LINE
8
BLACK
6
CONTINUOUS
10
4.2345502755905509
20
-2.6821998818897637
11
4.2313571259842515
21
-2.684333464566929
0
LINE
8
BLACK
6
CONTINUOUS
10
4.2313571259842515
20
-2.684333464566929
11
4.2275905511811018
21
-2.6850826771653544
0
LINE
8
BLACK
6
CONTINUOUS
10
4.2275905511811018
20
-2.6850826771653544
11
4.1764094488188972
21
-2.6850826771653544
0
LINE
8
BLACK
6
CONTINUOUS
10
4.1764094488188972
20
-2.6850826771653544
11
4.1726428740157475
21
-2.684333464566929
0
LINE
8
BLACK
6
CONTINUOUS
10
4.1726428740157475
20
-2.684333464566929
11
4.1694497244094491
21
-2.6821998818897637
0
LINE
8
BLACK
6
CONTINUOUS
10
4.1694497244094491
20
-2.6821998818897637
11
4.1673161417322833
21
-2.6790067322834643
0
LINE
8
BLACK
6
CONTINUOUS
10
4.1673161417322833
20
-2.6790067322834643
11
4.1665669291338583
21
-2.6752401574803151
0
LINE
8
BLACK
6
CONTINUOUS
10
4.1665669291338583
20
-2.6752401574803151
11
4.1665669291338583
21
-2.642759842519685
0
LINE
8
BLACK
6
CONTINUOUS
10
4.1665669291338583
20
-2.642759842519685
11
4.1673161417322833
21
-2.6389932677165353
0
LINE
8
BLACK
6
CONTINUOUS
10
4.1673161417322833
20
-2.6389932677165353
11
4.1694497244094491
21
-2.635800118110236
0
LINE
8
BLACK
6
CONTINUOUS
10
4.1694497244094491
20
-2.635800118110236
11
4.1726428740157475
21
-2.6336665354330706
0
LINE
8
BLACK
6
CONTINUOUS
10
4.1726428740157475
20
-2.6336665354330706
11
4.1764094488188972
21
-2.6329173228346456
0
LINE
8
BLACK
6
CONTINUOUS
10
4.1764094488188972
20
-2.6329173228346456
11
4.2275905511811018
21
-2.6329173228346456
0
LINE
8
BLACK
6
CONTINUOUS
10
4.2275905511811018
20
-2.6329173228346456
11
4.2313571259842515
21
-2.6336665354330706
0
LINE
8
BLACK
6
CONTINUOUS
10
5.154929881889764
20
-2.6686975984251968
11
5.147858818897638
21
-2.6757686614173228
0
LINE
8
BLACK
6
CONTINUOUS
10
5.147858818897638
20
-2.6757686614173228
11
5.1252313779527556
21
-2.6531412204724409
0
LINE
8
BLACK
6
CONTINUOUS
10
5.1252313779527556
20
-2.6531412204724409
11
5.1323024409448816
21
-2.6460701574803149
0
LINE
8
BLACK
6
CONTINUOUS
10
5.1323024409448816
20
-2.6460701574803149
11
5.154929881889764
21
-2.6686975984251968
0
LINE
8
BLACK
6
CONTINUOUS
10
5.2213588582677168
20
-2.6531412204724409
11
5.1987314173228345
21
-2.6757686614173228
0
LINE
8
BLACK
6
CONTINUOUS
10
5.1987314173228345
20
-2.6757686614173228
11
5.1916603543307085
21
-2.6686975984251968
0
LINE
8
BLACK
6
CONTINUOUS
10
5.1916603543307085
20
-2.6686975984251968
11
5.2142877952755908
21
-2.6460701574803149
0
LINE
8
BLACK
6
CONTINUOUS
10
5.2142877952755908
20
-2.6460701574803149
11
5.2213588582677168
21
-2.6531412204724409
0
LINE
8
BLACK
6
CONTINUOUS
10
4.5261654724409448
20
-2.5990637007874016
11
4.5280813385826768
21
-2.6003438582677165
0
LINE
8
BLACK
6
CONTINUOUS
10
4.5280813385826768
20
-2.6003438582677165
11
4.5293614960629922
21
-2.602259724409449
0
LINE
8
BLACK
6
CONTINUOUS
10
4.5293614960629922
20
-2.602259724409449
11
4.529811023622047
21
-2.6045196850393699
0
LINE
8
BLACK
6
CONTINUOUS
10
4.529811023622047
20
-2.6045196850393699
11
4.529811023622047
21
-2.6694803149606297
0
LINE
8
BLACK
6
CONTINUOUS
10
4.529811023622047
20
-2.6694803149606297
11
4.5293614960629922
21
-2.6717402755905511
0
LINE
8
BLACK
6
CONTINUOUS
10
4.5293614960629922
20
-2.6717402755905511
11
4.5280813385826768
21
-2.6736561417322835
0
LINE
8
BLACK
6
CONTINUOUS
10
4.5280813385826768
20
-2.6736561417322835
11
4.5261654724409448
21
-2.6749362992125985
0
LINE
8
BLACK
6
CONTINUOUS
10
4.5261654724409448
20
-2.6749362992125985
11
4.5239055118110238
21
-2.6753858267716533
0
LINE
8
BLACK
6
CONTINUOUS
10
4.5239055118110238
20
-2.6753858267716533
11
4.5120944881889766
21
-2.6753858267716533
0
LINE
8
BLACK
6
CONTINUOUS
10
4.5120944881889766
20
-2.6753858267716533
11
4.5098345275590548
21
-2.6749362992125985
0
LINE
8
BLACK
6
CONTINUOUS
10
4.5098345275590548
20
-2.6749362992125985
11
4.5079186614173228
21
-2.6736561417322835
0
LINE
8
BLACK
6
CONTINUOUS
10
4.5079186614173228
20
-2.6736561417322835
11
4.5066385039370074
21
-2.6717402755905511
0
LINE
8
BLACK
6
CONTINUOUS
10
4.5066385039370074
20
-2.6717402755905511
11
4.5061889763779526
21
-2.6694803149606297
0
LINE
8
BLACK
6
CONTINUOUS
10
4.5061889763779526
20
-2.6694803149606297
11
4.5061889763779526
21
-2.6045196850393699
0
LINE
8
BLACK
6
CONTINUOUS
10
4.5061889763779526
20
-2.6045196850393699
11
4.5066385039370074
21
-2.602259724409449
0
LINE
8
BLACK
6
CONTINUOUS
10
4.5066385039370074
20
-2.602259724409449
11
4.5079186614173228
21
-2.6003438582677165
0
LINE
8
BLACK
6
CONTINUOUS
10
4.5079186614173228
20
-2.6003438582677165
11
4.5098345275590548
21
-2.5990637007874016
0
LINE
8
BLACK
6
CONTINUOUS
10
4.5098345275590548
20
-2.5990637007874016
11
4.5120944881889766
21
-2.5986141732283463
0
LINE
8
BLACK
6
CONTINUOUS
10
4.5120944881889766
20
-2.5986141732283463
11
4.5239055118110238
21
-2.5986141732283463
0
LINE
8
BLACK
6
CONTINUOUS
10
4.5239055118110238
20
-2.5986141732283463
11
4.5261654724409448
21
-2.5990637007874016
0
LINE
8
BLACK
6
CONTINUOUS
10
4.5761654724409446
20
-2.5990637007874016
11
4.5780813385826766
21
-2.6003438582677165
0
LINE
8
BLACK
6
CONTINUOUS
10
4.5780813385826766
20
-2.6003438582677165
11
4.579361496062992
21
-2.602259724409449
0
LINE
8
BLACK
6
CONTINUOUS
10
4.579361496062992
20
-2.602259724409449
11
4.5798110236220468
21
-2.6045196850393699
0
LINE
8
BLACK
6
CONTINUOUS
10
4.5798110236220468
20
-2.6045196850393699
11
4.5798110236220468
21
-2.6694803149606297
0
LINE
8
BLACK
6
CONTINUOUS
10
4.5798110236220468
20
-2.6694803149606297
11
4.579361496062992
21
-2.6717402755905511
0
LINE
8
BLACK
6
CONTINUOUS
10
4.579361496062992
20
-2.6717402755905511
11
4.5780813385826766
21
-2.6736561417322835
0
LINE
8
BLACK
6
CONTINUOUS
10
4.5780813385826766
20
-2.6736561417322835
11
4.5761654724409446
21
-2.6749362992125985
0
LINE
8
BLACK
6
CONTINUOUS
10
4.5761654724409446
20
-2.6749362992125985
11
4.5739055118110237
21
-2.6753858267716533
0
LINE
8
BLACK
6
CONTINUOUS
10
4.5739055118110237
20
-2.6753858267716533
11
4.5620944881889764
21
-2.6753858267716533
0
LINE
8
BLACK
6
CONTINUOUS
10
4.5620944881889764
20
-2.6753858267716533
11
4.5598345275590546
21
-2.6749362992125985
0
LINE
8
BLACK
6
CONTINUOUS
10
4.5598345275590546
20
-2.6749362992125985
11
4.5579186614173226
21
-2.6736561417322835
0
LINE
8
BLACK
6
CONTINUOUS
10
4.5579186614173226
20
-2.6736561417322835
11
4.5566385039370081
21
-2.6717402755905511
0
LINE
8
BLACK
6
CONTINUOUS
10
4.5566385039370081
20
-2.6717402755905511
11
4.5561889763779524
21
-2.6694803149606297
0
LINE
8
BLACK
6
CONTINUOUS
10
4.5561889763779524
20
-2.6694803149606297
11
4.5561889763779524
21
-2.6045196850393699
0
LINE
8
BLACK
6
CONTINUOUS
10
4.5561889763779524
20
-2.6045196850393699
11
4.5566385039370081
21
-2.602259724409449
0
LINE
8
BLACK
6
CONTINUOUS
10
4.5566385039370081
20
-2.602259724409449
11
4.5579186614173226
21
-2.6003438582677165
0
LINE
8
BLACK
6
CONTINUOUS
10
4.5579186614173226
20
-2.6003438582677165
11
4.5598345275590546
21
-2.5990637007874016
0
LINE
8
BLACK
6
CONTINUOUS
10
4.5598345275590546
20
-2.5990637007874016
11
4.5620944881889764
21
-2.5986141732283463
0
LINE
8
BLACK
6
CONTINUOUS
10
4.5620944881889764
20
-2.5986141732283463
11
4.5739055118110237
21
-2.5986141732283463
0
LINE
8
BLACK
6
CONTINUOUS
10
4.5739055118110237
20
-2.5986141732283463
11
4.5761654724409446
21
-2.5990637007874016
0
LINE
8
BLACK
6
CONTINUOUS
10
4.6261654724409444
20
-2.5990637007874016
11
4.6280813385826773
21
-2.6003438582677165
0
LINE
8
BLACK
6
CONTINUOUS
10
4.6280813385826773
20
-2.6003438582677165
11
4.6293614960629919
21
-2.602259724409449
0
LINE
8
BLACK
6
CONTINUOUS
10
4.6293614960629919
20
-2.602259724409449
11
4.6298110236220475
21
-2.6045196850393699
0
LINE
8
BLACK
6
CONTINUOUS
10
4.6298110236220475
20
-2.6045196850393699
11
4.6298110236220475
21
-2.6694803149606297
0
LINE
8
BLACK
6
CONTINUOUS
10
4.6298110236220475
20
-2.6694803149606297
11
4.6293614960629919
21
-2.6717402755905511
0
LINE
8
BLACK
6
CONTINUOUS
10
4.6293614960629919
20
-2.6717402755905511
11
4.6280813385826773
21
-2.6736561417322835
0
LINE
8
BLACK
6
CONTINUOUS
10
4.6280813385826773
20
-2.6736561417322835
11
4.6261654724409444
21
-2.6749362992125985
0
LINE
8
BLACK
6
CONTINUOUS
10
4.6261654724409444
20
-2.6749362992125985
11
4.6239055118110235
21
-2.6753858267716533
0
LINE
8
BLACK
6
CONTINUOUS
10
4.6239055118110235
20
-2.6753858267716533
11
4.6120944881889763
21
-2.6753858267716533
0
LINE
8
BLACK
6
CONTINUOUS
10
4.6120944881889763
20
-2.6753858267716533
11
4.6098345275590553
21
-2.6749362992125985
0
LINE
8
BLACK
6
CONTINUOUS
10
4.6098345275590553
20
-2.6749362992125985
11
4.6079186614173224
21
-2.6736561417322835
0
LINE
8
BLACK
6
CONTINUOUS
10
4.6079186614173224
20
-2.6736561417322835
11
4.6066385039370079
21
-2.6717402755905511
0
LINE
8
BLACK
6
CONTINUOUS
10
4.6066385039370079
20
-2.6717402755905511
11
4.6061889763779522
21
-2.6694803149606297
0
LINE
8
BLACK
6
CONTINUOUS
10
4.6061889763779522
20
-2.6694803149606297
11
4.6061889763779522
21
-2.6045196850393699
0
LINE
8
BLACK
6
CONTINUOUS
10
4.6061889763779522
20
-2.6045196850393699
11
4.6066385039370079
21
-2.602259724409449
0
LINE
8
BLACK
6
CONTINUOUS
10
4.6066385039370079
20
-2.602259724409449
11
4.6079186614173224
21
-2.6003438582677165
0
LINE
8
BLACK
6
CONTINUOUS
10
4.6079186614173224
20
-2.6003438582677165
11
4.6098345275590553
21
-2.5990637007874016
0
LINE
8
BLACK
6
CONTINUOUS
10
4.6098345275590553
20
-2.5990637007874016
11
4.6120944881889763
21
-2.5986141732283463
0
LINE
8
BLACK
6
CONTINUOUS
10
4.6120944881889763
20
-2.5986141732283463
11
4.6239055118110235
21
-2.5986141732283463
0
LINE
8
BLACK
6
CONTINUOUS
10
4.6239055118110235
20
-2.5986141732283463
11
4.6261654724409444
21
-2.5990637007874016
0
LINE
8
BLACK
6
CONTINUOUS
10
4.6761654724409452
20
-2.5990637007874016
11
4.6780813385826772
21
-2.6003438582677165
0
LINE
8
BLACK
6
CONTINUOUS
10
4.6780813385826772
20
-2.6003438582677165
11
4.6793614960629917
21
-2.602259724409449
0
LINE
8
BLACK
6
CONTINUOUS
10
4.6793614960629917
20
-2.602259724409449
11
4.6798110236220474
21
-2.6045196850393699
0
LINE
8
BLACK
6
CONTINUOUS
10
4.6798110236220474
20
-2.6045196850393699
11
4.6798110236220474
21
-2.6694803149606297
0
LINE
8
BLACK
6
CONTINUOUS
10
4.6798110236220474
20
-2.6694803149606297
11
4.6793614960629917
21
-2.6717402755905511
0
LINE
8
BLACK
6
CONTINUOUS
10
4.6793614960629917
20
-2.6717402755905511
11
4.6780813385826772
21
-2.6736561417322835
0
LINE
8
BLACK
6
CONTINUOUS
10
4.6780813385826772
20
-2.6736561417322835
11
4.6761654724409452
21
-2.6749362992125985
0
LINE
8
BLACK
6
CONTINUOUS
10
4.6761654724409452
20
-2.6749362992125985
11
4.6739055118110233
21
-2.6753858267716533
0
LINE
8
BLACK
6
CONTINUOUS
10
4.6739055118110233
20
-2.6753858267716533
11
4.6620944881889761
21
-2.6753858267716533
0
LINE
8
BLACK
6
CONTINUOUS
10
4.6620944881889761
20
-2.6753858267716533
11
4.6598345275590551
21
-2.6749362992125985
0
LINE
8
BLACK
6
CONTINUOUS
10
4.6598345275590551
20
-2.6749362992125985
11
4.6579186614173231
21
-2.6736561417322835
0
LINE
8
BLACK
6
CONTINUOUS
10
4.6579186614173231
20
-2.6736561417322835
11
4.6566385039370077
21
-2.6717402755905511
0
LINE
8
BLACK
6
CONTINUOUS
10
4.6566385039370077
20
-2.6717402755905511
11
4.6561889763779529
21
-2.6694803149606297
0
LINE
8
BLACK
6
CONTINUOUS
10
4.6561889763779529
20
-2.6694803149606297
11
4.6561889763779529
21
-2.6045196850393699
0
LINE
8
BLACK
6
CONTINUOUS
10
4.6561889763779529
20
-2.6045196850393699
11
4.6566385039370077
21
-2.602259724409449
0
LINE
8
BLACK
6
CONTINUOUS
10
4.6566385039370077
20
-2.602259724409449
11
4.6579186614173231
21
-2.6003438582677165
0
LINE
8
BLACK
6
CONTINUOUS
10
4.6579186614173231
20
-2.6003438582677165
11
4.6598345275590551
21
-2.5990637007874016
0
LINE
8
BLACK
6
CONTINUOUS
10
4.6598345275590551
20
-2.5990637007874016
11
4.6620944881889761
21
-2.5986141732283463
0
LINE
8
BLACK
6
CONTINUOUS
10
4.6620944881889761
20
-2.5986141732283463
11
4.6739055118110233
21
-2.5986141732283463
0
LINE
8
BLACK
6
CONTINUOUS
10
4.6739055118110233
20
-2.5986141732283463
11
4.6761654724409452
21
-2.5990637007874016
0
LINE
8
BLACK
6
CONTINUOUS
10
5.1688492519685036
20
-2.654778188976378
11
5.1617781889763776
21
-2.661849251968504
0
LINE
8
BLACK
6
CONTINUOUS
10
5.1617781889763776
20
-2.661849251968504
11
5.1391507480314962
21
-2.6392218110236221
0
LINE
8
BLACK
6
CONTINUOUS
10
5.1391507480314962
20
-2.6392218110236221
11
5.1462218110236222
21
-2.6321507480314961
0
LINE
8
BLACK
6
CONTINUOUS
10
5.1462218110236222
20
-2.6321507480314961
11
5.1688492519685036
21
-2.654778188976378
0
LINE
8
BLACK
6
CONTINUOUS
10
5.2074394881889763
20
-2.6392218110236221
11
5.1848120472440939
21
-2.661849251968504
0
LINE
8
BLACK
6
CONTINUOUS
10
5.1848120472440939
20
-2.661849251968504
11
5.1777409842519688
21
-2.654778188976378
0
LINE
8
BLACK
6
CONTINUOUS
10
5.1777409842519688
20
-2.654778188976378
11
5.2003684251968503
21
-2.6321507480314961
0
LINE
8
BLACK
6
CONTINUOUS
10
5.2003684251968503
20
-2.6321507480314961
11
5.2074394881889763
21
-2.6392218110236221
0
LINE
8
BLACK
6
CONTINUOUS
10
4.3988400393700786
20
-2.6178907086614172
11
4.4013945275590549
21
-2.6195975984251967
0
LINE
8
BLACK
6
CONTINUOUS
10
4.4013945275590549
20
-2.6195975984251967
11
4.4031014173228344
21
-2.622152086614173
0
LINE
8
BLACK
6
CONTINUOUS
10
4.4031014173228344
20
-2.622152086614173
11
4.4037007874015748
21
-2.6251653543307087
0
LINE
8
BLACK
6
CONTINUOUS
10
4.4037007874015748
20
-2.6251653543307087
11
4.4037007874015748
21
-2.6409133858267717
0
LINE
8
BLACK
6
CONTINUOUS
10
4.4037007874015748
20
-2.6409133858267717
11
4.4031014173228344
21
-2.643926653543307
0
LINE
8
BLACK
6
CONTINUOUS
10
4.4031014173228344
20
-2.643926653543307
11
4.4013945275590549
21
-2.6464811417322833
0
LINE
8
BLACK
6
CONTINUOUS
10
4.4013945275590549
20
-2.6464811417322833
11
4.3988400393700786
21
-2.6481880314960629
0
LINE
8
BLACK
6
CONTINUOUS
10
4.3988400393700786
20
-2.6481880314960629
11
4.3958267716535433
21
-2.6487874015748032
0
LINE
8
BLACK
6
CONTINUOUS
10
4.3958267716535433
20
-2.6487874015748032
11
4.3741732283464563
21
-2.6487874015748032
0
LINE
8
BLACK
6
CONTINUOUS
10
4.3741732283464563
20
-2.6487874015748032
11
4.371159960629921
21
-2.6481880314960629
0
LINE
8
BLACK
6
CONTINUOUS
10
4.371159960629921
20
-2.6481880314960629
11
4.3686054724409447
21
-2.6464811417322833
0
LINE
8
BLACK
6
CONTINUOUS
10
4.3686054724409447
20
-2.6464811417322833
11
4.3668985826771651
21
-2.643926653543307
0
LINE
8
BLACK
6
CONTINUOUS
10
4.3668985826771651
20
-2.643926653543307
11
4.3662992125984248
21
-2.6409133858267717
0
LINE
8
BLACK
6
CONTINUOUS
10
4.3662992125984248
20
-2.6409133858267717
11
4.3662992125984248
21
-2.6251653543307087
0
LINE
8
BLACK
6
CONTINUOUS
10
4.3662992125984248
20
-2.6251653543307087
11
4.3668985826771651
21
-2.622152086614173
0
LINE
8
BLACK
6
CONTINUOUS
10
4.3668985826771651
20
-2.622152086614173
11
4.3686054724409447
21
-2.6195975984251967
0
LINE
8
BLACK
6
CONTINUOUS
10
4.3686054724409447
20
-2.6195975984251967
11
4.371159960629921
21
-2.6178907086614172
0
LINE
8
BLACK
6
CONTINUOUS
10
4.371159960629921
20
-2.6178907086614172
11
4.3741732283464563
21
-2.6172913385826773
0
LINE
8
BLACK
6
CONTINUOUS
10
4.3741732283464563
20
-2.6172913385826773
11
4.3958267716535433
21
-2.6172913385826773
0
LINE
8
BLACK
6
CONTINUOUS
10
4.3958267716535433
20
-2.6172913385826773
11
4.3988400393700786
21
-2.6178907086614172
0
LINE
8
BLACK
6
CONTINUOUS
10
5.3735146062992127
20
-2.5693003937007872
11
5.3767077559055121
21
-2.5714339763779526
0
LINE
8
BLACK
6
CONTINUOUS
10
5.3767077559055121
20
-2.5714339763779526
11
5.378841338582677
21
-2.5746271259842519
0
LINE
8
BLACK
6
CONTINUOUS
10
5.378841338582677
20
-2.5746271259842519
11
5.379590551181102
21
-2.5783937007874016
0
LINE
8
BLACK
6
CONTINUOUS
10
5.379590551181102
20
-2.5783937007874016
11
5.379590551181102
21
-2.6276062992125984
0
LINE
8
BLACK
6
CONTINUOUS
10
5.379590551181102
20
-2.6276062992125984
11
5.378841338582677
21
-2.631372874015748
0
LINE
8
BLACK
6
CONTINUOUS
10
5.378841338582677
20
-2.631372874015748
11
5.3767077559055121
21
-2.6345660236220474
0
LINE
8
BLACK
6
CONTINUOUS
10
5.3767077559055121
20
-2.6345660236220474
11
5.3735146062992127
21
-2.6366996062992127
0
LINE
8
BLACK
6
CONTINUOUS
10
5.3735146062992127
20
-2.6366996062992127
11
5.3697480314960631
21
-2.6374488188976377
0
LINE
8
BLACK
6
CONTINUOUS
10
5.3697480314960631
20
-2.6374488188976377
11
5.3382519685039371
21
-2.6374488188976377
0
LINE
8
BLACK
6
CONTINUOUS
10
5.3382519685039371
20
-2.6374488188976377
11
5.3344853937007874
21
-2.6366996062992127
0
LINE
8
BLACK
6
CONTINUOUS
10
5.3344853937007874
20
-2.6366996062992127
11
5.3312922440944881
21
-2.6345660236220474
0
LINE
8
BLACK
6
CONTINUOUS
10
5.3312922440944881
20
-2.6345660236220474
11
5.3291586614173223
21
-2.631372874015748
0
LINE
8
BLACK
6
CONTINUOUS
10
5.3291586614173223
20
-2.631372874015748
11
5.3284094488188973
21
-2.6276062992125984
0
LINE
8
BLACK
6
CONTINUOUS
10
5.3284094488188973
20
-2.6276062992125984
11
5.3284094488188973
21
-2.5783937007874016
0
LINE
8
BLACK
6
CONTINUOUS
10
5.3284094488188973
20
-2.5783937007874016
11
5.3291586614173223
21
-2.5746271259842519
0
LINE
8
BLACK
6
CONTINUOUS
10
5.3291586614173223
20
-2.5746271259842519
11
5.3312922440944881
21
-2.5714339763779526
0
LINE
8
BLACK
6
CONTINUOUS
10
5.3312922440944881
20
-2.5714339763779526
11
5.3344853937007874
21
-2.5693003937007872
0
LINE
8
BLACK
6
CONTINUOUS
10
5.3344853937007874
20
-2.5693003937007872
11
5.3382519685039371
21
-2.5685511811023622
0
LINE
8
BLACK
6
CONTINUOUS
10
5.3382519685039371
20
-2.5685511811023622
11
5.3697480314960631
21
-2.5685511811023622
0
LINE
8
BLACK
6
CONTINUOUS
10
5.3697480314960631
20
-2.5685511811023622
11
5.3735146062992127
21
-2.5693003937007872
0
LINE
8
BLACK
6
CONTINUOUS
10
5.4955618503937007
20
-2.5693003937007872
11
5.4987550000000001
21
-2.5714339763779526
0
LINE
8
BLACK
6
CONTINUOUS
10
5.4987550000000001
20
-2.5714339763779526
11
5.500888582677165
21
-2.5746271259842519
0
LINE
8
BLACK
6
CONTINUOUS
10
5.500888582677165
20
-2.5746271259842519
11
5.5016377952755908
21
-2.5783937007874016
0
LINE
8
BLACK
6
CONTINUOUS
10
5.5016377952755908
20
-2.5783937007874016
11
5.5016377952755908
21
-2.6276062992125984
0
LINE
8
BLACK
6
CONTINUOUS
10
5.5016377952755908
20
-2.6276062992125984
11
5.500888582677165
21
-2.631372874015748
0
LINE
8
BLACK
6
CONTINUOUS
10
5.500888582677165
20
-2.631372874015748
11
5.4987550000000001
21
-2.6345660236220474
0
LINE
8
BLACK
6
CONTINUOUS
10
5.4987550000000001
20
-2.6345660236220474
11
5.4955618503937007
21
-2.6366996062992127
0
LINE
8
BLACK
6
CONTINUOUS
10
5.4955618503937007
20
-2.6366996062992127
11
5.491795275590551
21
-2.6374488188976377
0
LINE
8
BLACK
6
CONTINUOUS
10
5.491795275590551
20
-2.6374488188976377
11
5.4602992125984251
21
-2.6374488188976377
0
LINE
8
BLACK
6
CONTINUOUS
10
5.4602992125984251
20
-2.6374488188976377
11
5.4565326377952754
21
-2.6366996062992127
0
LINE
8
BLACK
6
CONTINUOUS
10
5.4565326377952754
20
-2.6366996062992127
11
5.4533394881889761
21
-2.6345660236220474
0
LINE
8
BLACK
6
CONTINUOUS
10
5.4533394881889761
20
-2.6345660236220474
11
5.4512059055118112
21
-2.631372874015748
0
LINE
8
BLACK
6
CONTINUOUS
10
5.4512059055118112
20
-2.631372874015748
11
5.4504566929133853
21
-2.6276062992125984
0
LINE
8
BLACK
6
CONTINUOUS
10
5.4504566929133853
20
-2.6276062992125984
11
5.4504566929133853
21
-2.5783937007874016
0
LINE
8
BLACK
6
CONTINUOUS
10
5.4504566929133853
20
-2.5783937007874016
11
5.4512059055118112
21
-2.5746271259842519
0
LINE
8
BLACK
6
CONTINUOUS
10
5.4512059055118112
20
-2.5746271259842519
11
5.4533394881889761
21
-2.5714339763779526
0
LINE
8
BLACK
6
CONTINUOUS
10
5.4533394881889761
20
-2.5714339763779526
11
5.4565326377952754
21
-2.5693003937007872
0
LINE
8
BLACK
6
CONTINUOUS
10
5.4565326377952754
20
-2.5693003937007872
11
5.4602992125984251
21
-2.5685511811023622
0
LINE
8
BLACK
6
CONTINUOUS
10
5.4602992125984251
20
-2.5685511811023622
11
5.491795275590551
21
-2.5685511811023622
0
LINE
8
BLACK
6
CONTINUOUS
10
5.491795275590551
20
-2.5685511811023622
11
5.4955618503937007
21
-2.5693003937007872
0
LINE
8
BLACK
6
CONTINUOUS
10
4.2241537007874017
20
-2.5758790157480314
11
4.2270275196850395
21
-2.577799251968504
0
LINE
8
BLACK
6
CONTINUOUS
10
4.2270275196850395
20
-2.577799251968504
11
4.2289477559055113
21
-2.5806730708661418
0
LINE
8
BLACK
6
CONTINUOUS
10
4.2289477559055113
20
-2.5806730708661418
11
4.229622047244094
21
-2.5840629921259843
0
LINE
8
BLACK
6
CONTINUOUS
10
4.229622047244094
20
-2.5840629921259843
11
4.229622047244094
21
-2.6017795275590552
0
LINE
8
BLACK
6
CONTINUOUS
10
4.229622047244094
20
-2.6017795275590552
11
4.2289477559055113
21
-2.6051694488188977
0
LINE
8
BLACK
6
CONTINUOUS
10
4.2289477559055113
20
-2.6051694488188977
11
4.2270275196850395
21
-2.6080432677165355
0
LINE
8
BLACK
6
CONTINUOUS
10
4.2270275196850395
20
-2.6080432677165355
11
4.2241537007874017
21
-2.6099635039370077
0
LINE
8
BLACK
6
CONTINUOUS
10
4.2241537007874017
20
-2.6099635039370077
11
4.2207637795275588
21
-2.6106377952755904
0
LINE
8
BLACK
6
CONTINUOUS
10
4.2207637795275588
20
-2.6106377952755904
11
4.1912362204724412
21
-2.6106377952755904
0
LINE
8
BLACK
6
CONTINUOUS
10
4.1912362204724412
20
-2.6106377952755904
11
4.1878462992125982
21
-2.6099635039370077
0
LINE
8
BLACK
6
CONTINUOUS
10
4.1878462992125982
20
-2.6099635039370077
11
4.1849724803149604
21
-2.6080432677165355
0
LINE
8
BLACK
6
CONTINUOUS
10
4.1849724803149604
20
-2.6080432677165355
11
4.1830522440944877
21
-2.6051694488188977
0
LINE
8
BLACK
6
CONTINUOUS
10
4.1830522440944877
20
-2.6051694488188977
11
4.1823779527559051
21
-2.6017795275590552
0
LINE
8
BLACK
6
CONTINUOUS
10
4.1823779527559051
20
-2.6017795275590552
11
4.1823779527559051
21
-2.5840629921259843
0
LINE
8
BLACK
6
CONTINUOUS
10
4.1823779527559051
20
-2.5840629921259843
11
4.1830522440944877
21
-2.5806730708661418
0
LINE
8
BLACK
6
CONTINUOUS
10
4.1830522440944877
20
-2.5806730708661418
11
4.1849724803149604
21
-2.577799251968504
0
LINE
8
BLACK
6
CONTINUOUS
10
4.1849724803149604
20
-2.577799251968504
11
4.1878462992125982
21
-2.5758790157480314
0
LINE
8
BLACK
6
CONTINUOUS
10
4.1878462992125982
20
-2.5758790157480314
11
4.1912362204724412
21
-2.5752047244094487
0
LINE
8
BLACK
6
CONTINUOUS
10
4.1912362204724412
20
-2.5752047244094487
11
4.2207637795275588
21
-2.5752047244094487
0
LINE
8
BLACK
6
CONTINUOUS
10
4.2207637795275588
20
-2.5752047244094487
11
4.2241537007874017
21
-2.5758790157480314
0
LINE
8
BLACK
6
CONTINUOUS
10
4.5260067322834647
20
-2.4943161417322832
11
4.5291998818897641
21
-2.4964497244094486
0
LINE
8
BLACK
6
CONTINUOUS
10
4.5291998818897641
20
-2.4964497244094486
11
4.531333464566929
21
-2.4996428740157479
0
LINE
8
BLACK
6
CONTINUOUS
10
4.531333464566929
20
-2.4996428740157479
11
4.532082677165354
21
-2.5034094488188976
0
LINE
8
BLACK
6
CONTINUOUS
10
4.532082677165354
20
-2.5034094488188976
11
4.532082677165354
21
-2.5545905511811022
0
LINE
8
BLACK
6
CONTINUOUS
10
4.532082677165354
20
-2.5545905511811022
11
4.531333464566929
21
-2.5583571259842519
0
LINE
8
BLACK
6
CONTINUOUS
10
4.531333464566929
20
-2.5583571259842519
11
4.5291998818897641
21
-2.5615502755905513
0
LINE
8
BLACK
6
CONTINUOUS
10
4.5291998818897641
20
-2.5615502755905513
11
4.5260067322834647
21
-2.5636838582677166
0
LINE
8
BLACK
6
CONTINUOUS
10
4.5260067322834647
20
-2.5636838582677166
11
4.522240157480315
21
-2.5644330708661416
0
LINE
8
BLACK
6
CONTINUOUS
10
4.522240157480315
20
-2.5644330708661416
11
4.4897598425196845
21
-2.5644330708661416
0
LINE
8
BLACK
6
CONTINUOUS
10
4.4897598425196845
20
-2.5644330708661416
11
4.4859932677165357
21
-2.5636838582677166
0
LINE
8
BLACK
6
CONTINUOUS
10
4.4859932677165357
20
-2.5636838582677166
11
4.4828001181102364
21
-2.5615502755905513
0
LINE
8
BLACK
6
CONTINUOUS
10
4.4828001181102364
20
-2.5615502755905513
11
4.4806665354330706
21
-2.5583571259842519
0
LINE
8
BLACK
6
CONTINUOUS
10
4.4806665354330706
20
-2.5583571259842519
11
4.4799173228346456
21
-2.5545905511811022
0
LINE
8
BLACK
6
CONTINUOUS
10
4.4799173228346456
20
-2.5545905511811022
11
4.4799173228346456
21
-2.5034094488188976
0
LINE
8
BLACK
6
CONTINUOUS
10
4.4799173228346456
20
-2.5034094488188976
11
4.4806665354330706
21
-2.4996428740157479
0
LINE
8
BLACK
6
CONTINUOUS
10
4.4806665354330706
20
-2.4996428740157479
11
4.4828001181102364
21
-2.4964497244094486
0
LINE
8
BLACK
6
CONTINUOUS
10
4.4828001181102364
20
-2.4964497244094486
11
4.4859932677165357
21
-2.4943161417322832
0
LINE
8
BLACK
6
CONTINUOUS
10
4.4859932677165357
20
-2.4943161417322832
11
4.4897598425196845
21
-2.4935669291338582
0
LINE
8
BLACK
6
CONTINUOUS
10
4.4897598425196845
20
-2.4935669291338582
11
4.522240157480315
21
-2.4935669291338582
0
LINE
8
BLACK
6
CONTINUOUS
10
4.522240157480315
20
-2.4935669291338582
11
4.5260067322834647
21
-2.4943161417322832
0
LINE
8
BLACK
6
CONTINUOUS
10
4.6490382283464564
20
-2.4943161417322832
11
4.6522313779527558
21
-2.4964497244094486
0
LINE
8
BLACK
6
CONTINUOUS
10
4.6522313779527558
20
-2.4964497244094486
11
4.6543649606299216
21
-2.4996428740157479
0
LINE
8
BLACK
6
CONTINUOUS
10
4.6543649606299216
20
-2.4996428740157479
11
4.6551141732283465
21
-2.5034094488188976
0
LINE
8
BLACK
6
CONTINUOUS
10
4.6551141732283465
20
-2.5034094488188976
11
4.6551141732283465
21
-2.5545905511811022
0
LINE
8
BLACK
6
CONTINUOUS
10
4.6551141732283465
20
-2.5545905511811022
11
4.6543649606299216
21
-2.5583571259842519
0
LINE
8
BLACK
6
CONTINUOUS
10
4.6543649606299216
20
-2.5583571259842519
11
4.6522313779527558
21
-2.5615502755905513
0
LINE
8
BLACK
6
CONTINUOUS
10
4.6522313779527558
20
-2.5615502755905513
11
4.6490382283464564
21
-2.5636838582677166
0
LINE
8
BLACK
6
CONTINUOUS
10
4.6490382283464564
20
-2.5636838582677166
11
4.6452716535433067
21
-2.5644330708661416
0
LINE
8
BLACK
6
CONTINUOUS
10
4.6452716535433067
20
-2.5644330708661416
11
4.6127913385826771
21
-2.5644330708661416
0
LINE
8
BLACK
6
CONTINUOUS
10
4.6127913385826771
20
-2.5644330708661416
11
4.6090247637795274
21
-2.5636838582677166
0
LINE
8
BLACK
6
CONTINUOUS
10
4.6090247637795274
20
-2.5636838582677166
11
4.6058316141732281
21
-2.5615502755905513
0
LINE
8
BLACK
6
CONTINUOUS
10
4.6058316141732281
20
-2.5615502755905513
11
4.6036980314960632
21
-2.5583571259842519
0
LINE
8
BLACK
6
CONTINUOUS
10
4.6036980314960632
20
-2.5583571259842519
11
4.6029488188976373
21
-2.5545905511811022
0
LINE
8
BLACK
6
CONTINUOUS
10
4.6029488188976373
20
-2.5545905511811022
11
4.6029488188976373
21
-2.5034094488188976
0
LINE
8
BLACK
6
CONTINUOUS
10
4.6029488188976373
20
-2.5034094488188976
11
4.6036980314960632
21
-2.4996428740157479
0
LINE
8
BLACK
6
CONTINUOUS
10
4.6036980314960632
20
-2.4996428740157479
11
4.6058316141732281
21
-2.4964497244094486
0
LINE
8
BLACK
6
CONTINUOUS
10
4.6058316141732281
20
-2.4964497244094486
11
4.6090247637795274
21
-2.4943161417322832
0
LINE
8
BLACK
6
CONTINUOUS
10
4.6090247637795274
20
-2.4943161417322832
11
4.6127913385826771
21
-2.4935669291338582
0
LINE
8
BLACK
6
CONTINUOUS
10
4.6127913385826771
20
-2.4935669291338582
11
4.6452716535433067
21
-2.4935669291338582
0
LINE
8
BLACK
6
CONTINUOUS
10
4.6452716535433067
20
-2.4935669291338582
11
4.6490382283464564
21
-2.4943161417322832
0
LINE
8
BLACK
6
CONTINUOUS
10
5.5864358661417324
20
-2.5079933070866143
11
5.5896290157480317
21
-2.5101268897637796
0
LINE
8
BLACK
6
CONTINUOUS
10
5.5896290157480317
20
-2.5101268897637796
11
5.5917625984251966
21
-2.5133200393700785
0
LINE
8
BLACK
6
CONTINUOUS
10
5.5917625984251966
20
-2.5133200393700785
11
5.5925118110236216
21
-2.5170866141732282
0
LINE
8
BLACK
6
CONTINUOUS
10
5.5925118110236216
20
-2.5170866141732282
11
5.5925118110236216
21
-2.5485826771653541
0
LINE
8
BLACK
6
CONTINUOUS
10
5.5925118110236216
20
-2.5485826771653541
11
5.5917625984251966
21
-2.5523492519685038
0
LINE
8
BLACK
6
CONTINUOUS
10
5.5917625984251966
20
-2.5523492519685038
11
5.5896290157480317
21
-2.5555424015748032
0
LINE
8
BLACK
6
CONTINUOUS
10
5.5896290157480317
20
-2.5555424015748032
11
5.5864358661417324
21
-2.5576759842519685
0
LINE
8
BLACK
6
CONTINUOUS
10
5.5864358661417324
20
-2.5576759842519685
11
5.5826692913385827
21
-2.5584251968503935
0
LINE
8
BLACK
6
CONTINUOUS
10
5.5826692913385827
20
-2.5584251968503935
11
5.541330708661417
21
-2.5584251968503935
0
LINE
8
BLACK
6
CONTINUOUS
10
5.541330708661417
20
-2.5584251968503935
11
5.5375641338582673
21
-2.5576759842519685
0
LINE
8
BLACK
6
CONTINUOUS
10
5.5375641338582673
20
-2.5576759842519685
11
5.5343709842519679
21
-2.5555424015748032
0
LINE
8
BLACK
6
CONTINUOUS
10
5.5343709842519679
20
-2.5555424015748032
11
5.532237401574803
21
-2.5523492519685038
0
LINE
8
BLACK
6
CONTINUOUS
10
5.532237401574803
20
-2.5523492519685038
11
5.5314881889763781
21
-2.5485826771653541
0
LINE
8
BLACK
6
CONTINUOUS
10
5.5314881889763781
20
-2.5485826771653541
11
5.5314881889763781
21
-2.5170866141732282
0
LINE
8
BLACK
6
CONTINUOUS
10
5.5314881889763781
20
-2.5170866141732282
11
5.532237401574803
21
-2.5133200393700785
0
LINE
8
BLACK
6
CONTINUOUS
10
5.532237401574803
20
-2.5133200393700785
11
5.5343709842519679
21
-2.5101268897637796
0
LINE
8
BLACK
6
CONTINUOUS
10
5.5343709842519679
20
-2.5101268897637796
11
5.5375641338582673
21
-2.5079933070866143
0
LINE
8
BLACK
6
CONTINUOUS
10
5.5375641338582673
20
-2.5079933070866143
11
5.541330708661417
21
-2.5072440944881889
0
LINE
8
BLACK
6
CONTINUOUS
10
5.541330708661417
20
-2.5072440944881889
11
5.5826692913385827
21
-2.5072440944881889
0
LINE
8
BLACK
6
CONTINUOUS
10
5.5826692913385827
20
-2.5072440944881889
11
5.5864358661417324
21
-2.5079933070866143
0
LINE
8
BLACK
6
CONTINUOUS
10
5.8998216929133855
20
-2.5079933070866143
11
5.9030148425196849
21
-2.5101268897637796
0
LINE
8
BLACK
6
CONTINUOUS
10
5.9030148425196849
20
-2.5101268897637796
11
5.9051484251968507
21
-2.5133200393700785
0
LINE
8
BLACK
6
CONTINUOUS
10
5.9051484251968507
20
-2.5133200393700785
11
5.9058976377952757
21
-2.5170866141732282
0
LINE
8
BLACK
6
CONTINUOUS
10
5.9058976377952757
20
-2.5170866141732282
11
5.9058976377952757
21
-2.5485826771653541
0
LINE
8
BLACK
6
CONTINUOUS
10
5.9058976377952757
20
-2.5485826771653541
11
5.9051484251968507
21
-2.5523492519685038
0
LINE
8
BLACK
6
CONTINUOUS
10
5.9051484251968507
20
-2.5523492519685038
11
5.9030148425196849
21
-2.5555424015748032
0
LINE
8
BLACK
6
CONTINUOUS
10
5.9030148425196849
20
-2.5555424015748032
11
5.8998216929133855
21
-2.5576759842519685
0
LINE
8
BLACK
6
CONTINUOUS
10
5.8998216929133855
20
-2.5576759842519685
11
5.8960551181102359
21
-2.5584251968503935
0
LINE
8
BLACK
6
CONTINUOUS
10
5.8960551181102359
20
-2.5584251968503935
11
5.854716535433071
21
-2.5584251968503935
0
LINE
8
BLACK
6
CONTINUOUS
10
5.854716535433071
20
-2.5584251968503935
11
5.8509499606299213
21
-2.5576759842519685
0
LINE
8
BLACK
6
CONTINUOUS
10
5.8509499606299213
20
-2.5576759842519685
11
5.847756811023622
21
-2.5555424015748032
0
LINE
8
BLACK
6
CONTINUOUS
10
5.847756811023622
20
-2.5555424015748032
11
5.8456232283464562
21
-2.5523492519685038
0
LINE
8
BLACK
6
CONTINUOUS
10
5.8456232283464562
20
-2.5523492519685038
11
5.8448740157480312
21
-2.5485826771653541
0
LINE
8
BLACK
6
CONTINUOUS
10
5.8448740157480312
20
-2.5485826771653541
11
5.8448740157480312
21
-2.5170866141732282
0
LINE
8
BLACK
6
CONTINUOUS
10
5.8448740157480312
20
-2.5170866141732282
11
5.8456232283464562
21
-2.5133200393700785
0
LINE
8
BLACK
6
CONTINUOUS
10
5.8456232283464562
20
-2.5133200393700785
11
5.847756811023622
21
-2.5101268897637796
0
LINE
8
BLACK
6
CONTINUOUS
10
5.847756811023622
20
-2.5101268897637796
11
5.8509499606299213
21
-2.5079933070866143
0
LINE
8
BLACK
6
CONTINUOUS
10
5.8509499606299213
20
-2.5079933070866143
11
5.854716535433071
21
-2.5072440944881889
0
LINE
8
BLACK
6
CONTINUOUS
10
5.854716535433071
20
-2.5072440944881889
11
5.8960551181102359
21
-2.5072440944881889
0
LINE
8
BLACK
6
CONTINUOUS
10
5.8960551181102359
20
-2.5072440944881889
11
5.8998216929133855
21
-2.5079933070866143
0
LINE
8
BLACK
6
CONTINUOUS
10
4.3708059448818899
20
-2.4901901574803147
11
4.3739990944881892
21
-2.49232374015748
0
LINE
8
BLACK
6
CONTINUOUS
10
4.3739990944881892
20
-2.49232374015748
11
4.3761326771653541
21
-2.4955168897637794
0
LINE
8
BLACK
6
CONTINUOUS
10
4.3761326771653541
20
-2.4955168897637794
11
4.3768818897637791
21
-2.4992834645669291
0
LINE
8
BLACK
6
CONTINUOUS
10
4.3768818897637791
20
-2.4992834645669291
11
4.3768818897637791
21
-2.5347165354330707
0
LINE
8
BLACK
6
CONTINUOUS
10
4.3768818897637791
20
-2.5347165354330707
11
4.3761326771653541
21
-2.5384831102362204
0
LINE
8
BLACK
6
CONTINUOUS
10
4.3761326771653541
20
-2.5384831102362204
11
4.3739990944881892
21
-2.5416762598425198
0
LINE
8
BLACK
6
CONTINUOUS
10
4.3739990944881892
20
-2.5416762598425198
11
4.3708059448818899
21
-2.5438098425196851
0
LINE
8
BLACK
6
CONTINUOUS
10
4.3708059448818899
20
-2.5438098425196851
11
4.3670393700787402
21
-2.5445590551181101
0
LINE
8
BLACK
6
CONTINUOUS
10
4.3670393700787402
20
-2.5445590551181101
11
4.33948031496063
21
-2.5445590551181101
0
LINE
8
BLACK
6
CONTINUOUS
10
4.33948031496063
20
-2.5445590551181101
11
4.3357137401574803
21
-2.5438098425196851
0
LINE
8
BLACK
6
CONTINUOUS
10
4.3357137401574803
20
-2.5438098425196851
11
4.332520590551181
21
-2.5416762598425198
0
LINE
8
BLACK
6
CONTINUOUS
10
4.332520590551181
20
-2.5416762598425198
11
4.3303870078740161
21
-2.5384831102362204
0
LINE
8
BLACK
6
CONTINUOUS
10
4.3303870078740161
20
-2.5384831102362204
11
4.3296377952755902
21
-2.5347165354330707
0
LINE
8
BLACK
6
CONTINUOUS
10
4.3296377952755902
20
-2.5347165354330707
11
4.3296377952755902
21
-2.4992834645669291
0
LINE
8
BLACK
6
CONTINUOUS
10
4.3296377952755902
20
-2.4992834645669291
11
4.3303870078740161
21
-2.4955168897637794
0
LINE
8
BLACK
6
CONTINUOUS
10
4.3303870078740161
20
-2.4955168897637794
11
4.332520590551181
21
-2.49232374015748
0
LINE
8
BLACK
6
CONTINUOUS
10
4.332520590551181
20
-2.49232374015748
11
4.3357137401574803
21
-2.4901901574803147
0
LINE
8
BLACK
6
CONTINUOUS
10
4.3357137401574803
20
-2.4901901574803147
11
4.33948031496063
21
-2.4894409448818897
0
LINE
8
BLACK
6
CONTINUOUS
10
4.33948031496063
20
-2.4894409448818897
11
4.3670393700787402
21
-2.4894409448818897
0
LINE
8
BLACK
6
CONTINUOUS
10
4.3670393700787402
20
-2.4894409448818897
11
4.3708059448818899
21
-2.4901901574803147
0
LINE
8
BLACK
6
CONTINUOUS
10
4.4495461023622047
20
-2.4901901574803147
11
4.4527392519685041
21
-2.49232374015748
0
LINE
8
BLACK
6
CONTINUOUS
10
4.4527392519685041
20
-2.49232374015748
11
4.454872834645669
21
-2.4955168897637794
0
LINE
8
BLACK
6
CONTINUOUS
10
4.454872834645669
20
-2.4955168897637794
11
4.4556220472440948
21
-2.4992834645669291
0
LINE
8
BLACK
6
CONTINUOUS
10
4.4556220472440948
20
-2.4992834645669291
11
4.4556220472440948
21
-2.5347165354330707
0
LINE
8
BLACK
6
CONTINUOUS
10
4.4556220472440948
20
-2.5347165354330707
11
4.454872834645669
21
-2.5384831102362204
0
LINE
8
BLACK
6
CONTINUOUS
10
4.454872834645669
20
-2.5384831102362204
11
4.4527392519685041
21
-2.5416762598425198
0
LINE
8
BLACK
6
CONTINUOUS
10
4.4527392519685041
20
-2.5416762598425198
11
4.4495461023622047
21
-2.5438098425196851
0
LINE
8
BLACK
6
CONTINUOUS
10
4.4495461023622047
20
-2.5438098425196851
11
4.445779527559055
21
-2.5445590551181101
0
LINE
8
BLACK
6
CONTINUOUS
10
4.445779527559055
20
-2.5445590551181101
11
4.4182204724409448
21
-2.5445590551181101
0
LINE
8
BLACK
6
CONTINUOUS
10
4.4182204724409448
20
-2.5445590551181101
11
4.4144538976377952
21
-2.5438098425196851
0
LINE
8
BLACK
6
CONTINUOUS
10
4.4144538976377952
20
-2.5438098425196851
11
4.4112607480314958
21
-2.5416762598425198
0
LINE
8
BLACK
6
CONTINUOUS
10
4.4112607480314958
20
-2.5416762598425198
11
4.4091271653543309
21
-2.5384831102362204
0
LINE
8
BLACK
6
CONTINUOUS
10
4.4091271653543309
20
-2.5384831102362204
11
4.408377952755905
21
-2.5347165354330707
0
LINE
8
BLACK
6
CONTINUOUS
10
4.408377952755905
20
-2.5347165354330707
11
4.408377952755905
21
-2.4992834645669291
0
LINE
8
BLACK
6
CONTINUOUS
10
4.408377952755905
20
-2.4992834645669291
11
4.4091271653543309
21
-2.4955168897637794
0
LINE
8
BLACK
6
CONTINUOUS
10
4.4091271653543309
20
-2.4955168897637794
11
4.4112607480314958
21
-2.49232374015748
0
LINE
8
BLACK
6
CONTINUOUS
10
4.4112607480314958
20
-2.49232374015748
11
4.4144538976377952
21
-2.4901901574803147
0
LINE
8
BLACK
6
CONTINUOUS
10
4.4144538976377952
20
-2.4901901574803147
11
4.4182204724409448
21
-2.4894409448818897
0
LINE
8
BLACK
6
CONTINUOUS
10
4.4182204724409448
20
-2.4894409448818897
11
4.445779527559055
21
-2.4894409448818897
0
LINE
8
BLACK
6
CONTINUOUS
10
4.445779527559055
20
-2.4894409448818897
11
4.4495461023622047
21
-2.4901901574803147
0
LINE
8
BLACK
6
CONTINUOUS
10
4.7089266535433074
20
-2.4608985826771654
11
4.7114811417322837
21
-2.462605472440945
0
LINE
8
BLACK
6
CONTINUOUS
10
4.7114811417322837
20
-2.462605472440945
11
4.7131880314960632
21
-2.4651599606299213
0
LINE
8
BLACK
6
CONTINUOUS
10
4.7131880314960632
20
-2.4651599606299213
11
4.7137874015748027
21
-2.4681732283464566
0
LINE
8
BLACK
6
CONTINUOUS
10
4.7137874015748027
20
-2.4681732283464566
11
4.7137874015748027
21
-2.4898267716535432
0
LINE
8
BLACK
6
CONTINUOUS
10
4.7137874015748027
20
-2.4898267716535432
11
4.7131880314960632
21
-2.4928400393700785
0
LINE
8
BLACK
6
CONTINUOUS
10
4.7131880314960632
20
-2.4928400393700785
11
4.7114811417322837
21
-2.4953945275590552
0
LINE
8
BLACK
6
CONTINUOUS
10
4.7114811417322837
20
-2.4953945275590552
11
4.7089266535433074
21
-2.4971014173228347
0
LINE
8
BLACK
6
CONTINUOUS
10
4.7089266535433074
20
-2.4971014173228347
11
4.7059133858267712
21
-2.4977007874015746
0
LINE
8
BLACK
6
CONTINUOUS
10
4.7059133858267712
20
-2.4977007874015746
11
4.6901653543307082
21
-2.4977007874015746
0
LINE
8
BLACK
6
CONTINUOUS
10
4.6901653543307082
20
-2.4977007874015746
11
4.6871520866141729
21
-2.4971014173228347
0
LINE
8
BLACK
6
CONTINUOUS
10
4.6871520866141729
20
-2.4971014173228347
11
4.6845975984251966
21
-2.4953945275590552
0
LINE
8
BLACK
6
CONTINUOUS
10
4.6845975984251966
20
-2.4953945275590552
11
4.6828907086614171
21
-2.4928400393700785
0
LINE
8
BLACK
6
CONTINUOUS
10
4.6828907086614171
20
-2.4928400393700785
11
4.6822913385826768
21
-2.4898267716535432
0
LINE
8
BLACK
6
CONTINUOUS
10
4.6822913385826768
20
-2.4898267716535432
11
4.6822913385826768
21
-2.4681732283464566
0
LINE
8
BLACK
6
CONTINUOUS
10
4.6822913385826768
20
-2.4681732283464566
11
4.6828907086614171
21
-2.4651599606299213
0
LINE
8
BLACK
6
CONTINUOUS
10
4.6828907086614171
20
-2.4651599606299213
11
4.6845975984251966
21
-2.462605472440945
0
LINE
8
BLACK
6
CONTINUOUS
10
4.6845975984251966
20
-2.462605472440945
11
4.6871520866141729
21
-2.4608985826771654
0
LINE
8
BLACK
6
CONTINUOUS
10
4.6871520866141729
20
-2.4608985826771654
11
4.6901653543307082
21
-2.4602992125984251
0
LINE
8
BLACK
6
CONTINUOUS
10
4.6901653543307082
20
-2.4602992125984251
11
4.7059133858267712
21
-2.4602992125984251
0
LINE
8
BLACK
6
CONTINUOUS
10
4.7059133858267712
20
-2.4602992125984251
11
4.7089266535433074
21
-2.4608985826771654
0
LINE
8
BLACK
6
CONTINUOUS
10
4.7738872834645667
20
-2.4608985826771654
11
4.776441771653543
21
-2.462605472440945
0
LINE
8
BLACK
6
CONTINUOUS
10
4.776441771653543
20
-2.462605472440945
11
4.7781486614173225
21
-2.4651599606299213
0
LINE
8
BLACK
6
CONTINUOUS
10
4.7781486614173225
20
-2.4651599606299213
11
4.7787480314960629
21
-2.4681732283464566
0
LINE
8
BLACK
6
CONTINUOUS
10
4.7787480314960629
20
-2.4681732283464566
11
4.7787480314960629
21
-2.4898267716535432
0
LINE
8
BLACK
6
CONTINUOUS
10
4.7787480314960629
20
-2.4898267716535432
11
4.7781486614173225
21
-2.4928400393700785
0
LINE
8
BLACK
6
CONTINUOUS
10
4.7781486614173225
20
-2.4928400393700785
11
4.776441771653543
21
-2.4953945275590552
0
LINE
8
BLACK
6
CONTINUOUS
10
4.776441771653543
20
-2.4953945275590552
11
4.7738872834645667
21
-2.4971014173228347
0
LINE
8
BLACK
6
CONTINUOUS
10
4.7738872834645667
20
-2.4971014173228347
11
4.7708740157480314
21
-2.4977007874015746
0
LINE
8
BLACK
6
CONTINUOUS
10
4.7708740157480314
20
-2.4977007874015746
11
4.7551259842519684
21
-2.4977007874015746
0
LINE
8
BLACK
6
CONTINUOUS
10
4.7551259842519684
20
-2.4977007874015746
11
4.7521127165354331
21
-2.4971014173228347
0
LINE
8
BLACK
6
CONTINUOUS
10
4.7521127165354331
20
-2.4971014173228347
11
4.7495582283464568
21
-2.4953945275590552
0
LINE
8
BLACK
6
CONTINUOUS
10
4.7495582283464568
20
-2.4953945275590552
11
4.7478513385826773
21
-2.4928400393700785
0
LINE
8
BLACK
6
CONTINUOUS
10
4.7478513385826773
20
-2.4928400393700785
11
4.7472519685039369
21
-2.4898267716535432
0
LINE
8
BLACK
6
CONTINUOUS
10
4.7472519685039369
20
-2.4898267716535432
11
4.7472519685039369
21
-2.4681732283464566
0
LINE
8
BLACK
6
CONTINUOUS
10
4.7472519685039369
20
-2.4681732283464566
11
4.7478513385826773
21
-2.4651599606299213
0
LINE
8
BLACK
6
CONTINUOUS
10
4.7478513385826773
20
-2.4651599606299213
11
4.7495582283464568
21
-2.462605472440945
0
LINE
8
BLACK
6
CONTINUOUS
10
4.7495582283464568
20
-2.462605472440945
11
4.7521127165354331
21
-2.4608985826771654
0
LINE
8
BLACK
6
CONTINUOUS
10
4.7521127165354331
20
-2.4608985826771654
11
4.7551259842519684
21
-2.4602992125984251
0
LINE
8
BLACK
6
CONTINUOUS
10
4.7551259842519684
20
-2.4602992125984251
11
4.7708740157480314
21
-2.4602992125984251
0
LINE
8
BLACK
6
CONTINUOUS
10
4.7708740157480314
20
-2.4602992125984251
11
4.7738872834645667
21
-2.4608985826771654
0
LINE
8
BLACK
6
CONTINUOUS
10
5.2539266535433073
20
-2.4508985826771652
11
5.2564811417322836
21
-2.4526054724409447
0
LINE
8
BLACK
6
CONTINUOUS
10
5.2564811417322836
20
-2.4526054724409447
11
5.2581880314960632
21
-2.455159960629921
0
LINE
8
BLACK
6
CONTINUOUS
10
5.2581880314960632
20
-2.455159960629921
11
5.2587874015748026
21
-2.4581732283464568
0
LINE
8
BLACK
6
CONTINUOUS
10
5.2587874015748026
20
-2.4581732283464568
11
5.2587874015748026
21
-2.4798267716535434
0
LINE
8
BLACK
6
CONTINUOUS
10
5.2587874015748026
20
-2.4798267716535434
11
5.2581880314960632
21
-2.4828400393700787
0
LINE
8
BLACK
6
CONTINUOUS
10
5.2581880314960632
20
-2.4828400393700787
11
5.2564811417322836
21
-2.485394527559055
0
LINE
8
BLACK
6
CONTINUOUS
10
5.2564811417322836
20
-2.485394527559055
11
5.2539266535433073
21
-2.4871014173228345
0
LINE
8
BLACK
6
CONTINUOUS
10
5.2539266535433073
20
-2.4871014173228345
11
5.2509133858267711
21
-2.4877007874015749
0
LINE
8
BLACK
6
CONTINUOUS
10
5.2509133858267711
20
-2.4877007874015749
11
5.2351653543307082
21
-2.4877007874015749
0
LINE
8
BLACK
6
CONTINUOUS
10
5.2351653543307082
20
-2.4877007874015749
11
5.2321520866141729
21
-2.4871014173228345
0
LINE
8
BLACK
6
CONTINUOUS
10
5.2321520866141729
20
-2.4871014173228345
11
5.2295975984251966
21
-2.485394527559055
0
LINE
8
BLACK
6
CONTINUOUS
10
5.2295975984251966
20
-2.485394527559055
11
5.227890708661417
21
-2.4828400393700787
0
LINE
8
BLACK
6
CONTINUOUS
10
5.227890708661417
20
-2.4828400393700787
11
5.2272913385826767
21
-2.4798267716535434
0
LINE
8
BLACK
6
CONTINUOUS
10
5.2272913385826767
20
-2.4798267716535434
11
5.2272913385826767
21
-2.4581732283464568
0
LINE
8
BLACK
6
CONTINUOUS
10
5.2272913385826767
20
-2.4581732283464568
11
5.227890708661417
21
-2.455159960629921
0
LINE
8
BLACK
6
CONTINUOUS
10
5.227890708661417
20
-2.455159960629921
11
5.2295975984251966
21
-2.4526054724409447
0
LINE
8
BLACK
6
CONTINUOUS
10
5.2295975984251966
20
-2.4526054724409447
11
5.2321520866141729
21
-2.4508985826771652
0
LINE
8
BLACK
6
CONTINUOUS
10
5.2321520866141729
20
-2.4508985826771652
11
5.2351653543307082
21
-2.4502992125984253
0
LINE
8
BLACK
6
CONTINUOUS
10
5.2351653543307082
20
-2.4502992125984253
11
5.2509133858267711
21
-2.4502992125984253
0
LINE
8
BLACK
6
CONTINUOUS
10
5.2509133858267711
20
-2.4502992125984253
11
5.2539266535433073
21
-2.4508985826771652
0
LINE
8
BLACK
6
CONTINUOUS
10
5.3188872834645666
20
-2.4508985826771652
11
5.3214417716535429
21
-2.4526054724409447
0
LINE
8
BLACK
6
CONTINUOUS
10
5.3214417716535429
20
-2.4526054724409447
11
5.3231486614173225
21
-2.455159960629921
0
LINE
8
BLACK
6
CONTINUOUS
10
5.3231486614173225
20
-2.455159960629921
11
5.3237480314960628
21
-2.4581732283464568
0
LINE
8
BLACK
6
CONTINUOUS
10
5.3237480314960628
20
-2.4581732283464568
11
5.3237480314960628
21
-2.4798267716535434
0
LINE
8
BLACK
6
CONTINUOUS
10
5.3237480314960628
20
-2.4798267716535434
11
5.3231486614173225
21
-2.4828400393700787
0
LINE
8
BLACK
6
CONTINUOUS
10
5.3231486614173225
20
-2.4828400393700787
11
5.3214417716535429
21
-2.485394527559055
0
LINE
8
BLACK
6
CONTINUOUS
10
5.3214417716535429
20
-2.485394527559055
11
5.3188872834645666
21
-2.4871014173228345
0
LINE
8
BLACK
6
CONTINUOUS
10
5.3188872834645666
20
-2.4871014173228345
11
5.3158740157480313
21
-2.4877007874015749
0
LINE
8
BLACK
6
CONTINUOUS
10
5.3158740157480313
20
-2.4877007874015749
11
5.3001259842519683
21
-2.4877007874015749
0
LINE
8
BLACK
6
CONTINUOUS
10
5.3001259842519683
20
-2.4877007874015749
11
5.297112716535433
21
-2.4871014173228345
0
LINE
8
BLACK
6
CONTINUOUS
10
5.297112716535433
20
-2.4871014173228345
11
5.2945582283464567
21
-2.485394527559055
0
LINE
8
BLACK
6
CONTINUOUS
10
5.2945582283464567
20
-2.485394527559055
11
5.2928513385826772
21
-2.4828400393700787
0
LINE
8
BLACK
6
CONTINUOUS
10
5.2928513385826772
20
-2.4828400393700787
11
5.2922519685039369
21
-2.4798267716535434
0
LINE
8
BLACK
6
CONTINUOUS
10
5.2922519685039369
20
-2.4798267716535434
11
5.2922519685039369
21
-2.4581732283464568
0
LINE
8
BLACK
6
CONTINUOUS
10
5.2922519685039369
20
-2.4581732283464568
11
5.2928513385826772
21
-2.455159960629921
0
LINE
8
BLACK
6
CONTINUOUS
10
5.2928513385826772
20
-2.455159960629921
11
5.2945582283464567
21
-2.4526054724409447
0
LINE
8
BLACK
6
CONTINUOUS
10
5.2945582283464567
20
-2.4526054724409447
11
5.297112716535433
21
-2.4508985826771652
0
LINE
8
BLACK
6
CONTINUOUS
10
5.297112716535433
20
-2.4508985826771652
11
5.3001259842519683
21
-2.4502992125984253
0
LINE
8
BLACK
6
CONTINUOUS
10
5.3001259842519683
20
-2.4502992125984253
11
5.3158740157480313
21
-2.4502992125984253
0
LINE
8
BLACK
6
CONTINUOUS
10
5.3158740157480313
20
-2.4502992125984253
11
5.3188872834645666
21
-2.4508985826771652
0
LINE
8
BLACK
6
CONTINUOUS
10
4.2241537007874017
20
-2.4459577559055119
11
4.2270275196850395
21
-2.4478779921259841
0
LINE
8
BLACK
6
CONTINUOUS
10
4.2270275196850395
20
-2.4478779921259841
11
4.2289477559055113
21
-2.4507518110236219
0
LINE
8
BLACK
6
CONTINUOUS
10
4.2289477559055113
20
-2.4507518110236219
11
4.229622047244094
21
-2.4541417322834644
0
LINE
8
BLACK
6
CONTINUOUS
10
4.229622047244094
20
-2.4541417322834644
11
4.229622047244094
21
-2.4718582677165353
0
LINE
8
BLACK
6
CONTINUOUS
10
4.229622047244094
20
-2.4718582677165353
11
4.2289477559055113
21
-2.4752481889763778
0
LINE
8
BLACK
6
CONTINUOUS
10
4.2289477559055113
20
-2.4752481889763778
11
4.2270275196850395
21
-2.4781220078740156
0
LINE
8
BLACK
6
CONTINUOUS
10
4.2270275196850395
20
-2.4781220078740156
11
4.2241537007874017
21
-2.4800422440944883
0
LINE
8
BLACK
6
CONTINUOUS
10
4.2241537007874017
20
-2.4800422440944883
11
4.2207637795275588
21
-2.4807165354330709
0
LINE
8
BLACK
6
CONTINUOUS
10
4.2207637795275588
20
-2.4807165354330709
11
4.1912362204724412
21
-2.4807165354330709
0
LINE
8
BLACK
6
CONTINUOUS
10
4.1912362204724412
20
-2.4807165354330709
11
4.1878462992125982
21
-2.4800422440944883
0
LINE
8
BLACK
6
CONTINUOUS
10
4.1878462992125982
20
-2.4800422440944883
11
4.1849724803149604
21
-2.4781220078740156
0
LINE
8
BLACK
6
CONTINUOUS
10
4.1849724803149604
20
-2.4781220078740156
11
4.1830522440944877
21
-2.4752481889763778
0
LINE
8
BLACK
6
CONTINUOUS
10
4.1830522440944877
20
-2.4752481889763778
11
4.1823779527559051
21
-2.4718582677165353
0
LINE
8
BLACK
6
CONTINUOUS
10
4.1823779527559051
20
-2.4718582677165353
11
4.1823779527559051
21
-2.4541417322834644
0
LINE
8
BLACK
6
CONTINUOUS
10
4.1823779527559051
20
-2.4541417322834644
11
4.1830522440944877
21
-2.4507518110236219
0
LINE
8
BLACK
6
CONTINUOUS
10
4.1830522440944877
20
-2.4507518110236219
11
4.1849724803149604
21
-2.4478779921259841
0
LINE
8
BLACK
6
CONTINUOUS
10
4.1849724803149604
20
-2.4478779921259841
11
4.1878462992125982
21
-2.4459577559055119
0
LINE
8
BLACK
6
CONTINUOUS
10
4.1878462992125982
20
-2.4459577559055119
11
4.1912362204724412
21
-2.4452834645669292
0
LINE
8
BLACK
6
CONTINUOUS
10
4.1912362204724412
20
-2.4452834645669292
11
4.2207637795275588
21
-2.4452834645669292
0
LINE
8
BLACK
6
CONTINUOUS
10
4.2207637795275588
20
-2.4452834645669292
11
4.2241537007874017
21
-2.4459577559055119
0
LINE
8
BLACK
6
CONTINUOUS
10
5.5483728740157483
20
-2.3931586614173228
11
5.5515660236220468
21
-2.3952922440944882
0
LINE
8
BLACK
6
CONTINUOUS
10
5.5515660236220468
20
-2.3952922440944882
11
5.5536996062992126
21
-2.3984853937007875
0
LINE
8
BLACK
6
CONTINUOUS
10
5.5536996062992126
20
-2.3984853937007875
11
5.5544488188976375
21
-2.4022519685039367
0
LINE
8
BLACK
6
CONTINUOUS
10
5.5544488188976375
20
-2.4022519685039367
11
5.5544488188976375
21
-2.4337480314960631
0
LINE
8
BLACK
6
CONTINUOUS
10
5.5544488188976375
20
-2.4337480314960631
11
5.5536996062992126
21
-2.4375146062992123
0
LINE
8
BLACK
6
CONTINUOUS
10
5.5536996062992126
20
-2.4375146062992123
11
5.5515660236220468
21
-2.4407077559055117
0
LINE
8
BLACK
6
CONTINUOUS
10
5.5515660236220468
20
-2.4407077559055117
11
5.5483728740157483
21
-2.442841338582677
0
LINE
8
BLACK
6
CONTINUOUS
10
5.5483728740157483
20
-2.442841338582677
11
5.5446062992125986
21
-2.4435905511811025
0
LINE
8
BLACK
6
CONTINUOUS
10
5.5446062992125986
20
-2.4435905511811025
11
5.4953937007874014
21
-2.4435905511811025
0
LINE
8
BLACK
6
CONTINUOUS
10
5.4953937007874014
20
-2.4435905511811025
11
5.4916271259842517
21
-2.442841338582677
0
LINE
8
BLACK
6
CONTINUOUS
10
5.4916271259842517
20
-2.442841338582677
11
5.4884339763779524
21
-2.4407077559055117
0
LINE
8
BLACK
6
CONTINUOUS
10
5.4884339763779524
20
-2.4407077559055117
11
5.4863003937007875
21
-2.4375146062992123
0
LINE
8
BLACK
6
CONTINUOUS
10
5.4863003937007875
20
-2.4375146062992123
11
5.4855511811023625
21
-2.4337480314960631
0
LINE
8
BLACK
6
CONTINUOUS
10
5.4855511811023625
20
-2.4337480314960631
11
5.4855511811023625
21
-2.4022519685039367
0
LINE
8
BLACK
6
CONTINUOUS
10
5.4855511811023625
20
-2.4022519685039367
11
5.4863003937007875
21
-2.3984853937007875
0
LINE
8
BLACK
6
CONTINUOUS
10
5.4863003937007875
20
-2.3984853937007875
11
5.4884339763779524
21
-2.3952922440944882
0
LINE
8
BLACK
6
CONTINUOUS
10
5.4884339763779524
20
-2.3952922440944882
11
5.4916271259842517
21
-2.3931586614173228
0
LINE
8
BLACK
6
CONTINUOUS
10
5.4916271259842517
20
-2.3931586614173228
11
5.4953937007874014
21
-2.3924094488188974
0
LINE
8
BLACK
6
CONTINUOUS
10
5.4953937007874014
20
-2.3924094488188974
11
5.5446062992125986
21
-2.3924094488188974
0
LINE
8
BLACK
6
CONTINUOUS
10
5.5446062992125986
20
-2.3924094488188974
11
5.5483728740157483
21
-2.3931586614173228
0
LINE
8
BLACK
6
CONTINUOUS
10
4.8813646850393697
20
-2.4011856299212599
11
4.8841587007874017
21
-2.4030525196850392
0
LINE
8
BLACK
6
CONTINUOUS
10
4.8841587007874017
20
-2.4030525196850392
11
4.8860255905511814
21
-2.4058465354330707
0
LINE
8
BLACK
6
CONTINUOUS
10
4.8860255905511814
20
-2.4058465354330707
11
4.8866811417322831
21
-2.409142283464567
0
LINE
8
BLACK
6
CONTINUOUS
10
4.8866811417322831
20
-2.409142283464567
11
4.8866811417322831
21
-2.4293194488188976
0
LINE
8
BLACK
6
CONTINUOUS
10
4.8866811417322831
20
-2.4293194488188976
11
4.8860255905511814
21
-2.4326151968503935
0
LINE
8
BLACK
6
CONTINUOUS
10
4.8860255905511814
20
-2.4326151968503935
11
4.8841587007874017
21
-2.435409212598425
0
LINE
8
BLACK
6
CONTINUOUS
10
4.8841587007874017
20
-2.435409212598425
11
4.8813646850393697
21
-2.4372761023622047
0
LINE
8
BLACK
6
CONTINUOUS
10
4.8813646850393697
20
-2.4372761023622047
11
4.8780689370078738
21
-2.4379316535433069
0
LINE
8
BLACK
6
CONTINUOUS
10
4.8780689370078738
20
-2.4379316535433069
11
4.8608445275590553
21
-2.4379316535433069
0
LINE
8
BLACK
6
CONTINUOUS
10
4.8608445275590553
20
-2.4379316535433069
11
4.8575487795275594
21
-2.4372761023622047
0
LINE
8
BLACK
6
CONTINUOUS
10
4.8575487795275594
20
-2.4372761023622047
11
4.8547547637795274
21
-2.435409212598425
0
LINE
8
BLACK
6
CONTINUOUS
10
4.8547547637795274
20
-2.435409212598425
11
4.8528878740157477
21
-2.4326151968503935
0
LINE
8
BLACK
6
CONTINUOUS
10
4.8528878740157477
20
-2.4326151968503935
11
4.8522323228346451
21
-2.4293194488188976
0
LINE
8
BLACK
6
CONTINUOUS
10
4.8522323228346451
20
-2.4293194488188976
11
4.8522323228346451
21
-2.409142283464567
0
LINE
8
BLACK
6
CONTINUOUS
10
4.8522323228346451
20
-2.409142283464567
11
4.8528878740157477
21
-2.4058465354330707
0
LINE
8
BLACK
6
CONTINUOUS
10
4.8528878740157477
20
-2.4058465354330707
11
4.8547547637795274
21
-2.4030525196850392
0
LINE
8
BLACK
6
CONTINUOUS
10
4.8547547637795274
20
-2.4030525196850392
11
4.8575487795275594
21
-2.4011856299212599
0
LINE
8
BLACK
6
CONTINUOUS
10
4.8575487795275594
20
-2.4011856299212599
11
4.8608445275590553
21
-2.4005300787401573
0
LINE
8
BLACK
6
CONTINUOUS
10
4.8608445275590553
20
-2.4005300787401573
11
4.8780689370078738
21
-2.4005300787401573
0
LINE
8
BLACK
6
CONTINUOUS
10
4.8780689370078738
20
-2.4005300787401573
11
4.8813646850393697
21
-2.4011856299212599
0
LINE
8
BLACK
6
CONTINUOUS
10
4.9433725590551179
20
-2.4011856299212599
11
4.9461665748031498
21
-2.4030525196850392
0
LINE
8
BLACK
6
CONTINUOUS
10
4.9461665748031498
20
-2.4030525196850392
11
4.9480334645669286
21
-2.4058465354330707
0
LINE
8
BLACK
6
CONTINUOUS
10
4.9480334645669286
20
-2.4058465354330707
11
4.9486890157480312
21
-2.409142283464567
0
LINE
8
BLACK
6
CONTINUOUS
10
4.9486890157480312
20
-2.409142283464567
11
4.9486890157480312
21
-2.4293194488188976
0
LINE
8
BLACK
6
CONTINUOUS
10
4.9486890157480312
20
-2.4293194488188976
11
4.9480334645669286
21
-2.4326151968503935
0
LINE
8
BLACK
6
CONTINUOUS
10
4.9480334645669286
20
-2.4326151968503935
11
4.9461665748031498
21
-2.435409212598425
0
LINE
8
BLACK
6
CONTINUOUS
10
4.9461665748031498
20
-2.435409212598425
11
4.9433725590551179
21
-2.4372761023622047
0
LINE
8
BLACK
6
CONTINUOUS
10
4.9433725590551179
20
-2.4372761023622047
11
4.9400768110236219
21
-2.4379316535433069
0
LINE
8
BLACK
6
CONTINUOUS
10
4.9400768110236219
20
-2.4379316535433069
11
4.9228524015748034
21
-2.4379316535433069
0
LINE
8
BLACK
6
CONTINUOUS
10
4.9228524015748034
20
-2.4379316535433069
11
4.9195566535433066
21
-2.4372761023622047
0
LINE
8
BLACK
6
CONTINUOUS
10
4.9195566535433066
20
-2.4372761023622047
11
4.9167626377952756
21
-2.435409212598425
0
LINE
8
BLACK
6
CONTINUOUS
10
4.9167626377952756
20
-2.435409212598425
11
4.9148957480314959
21
-2.4326151968503935
0
LINE
8
BLACK
6
CONTINUOUS
10
4.9148957480314959
20
-2.4326151968503935
11
4.9142401968503933
21
-2.4293194488188976
0
LINE
8
BLACK
6
CONTINUOUS
10
4.9142401968503933
20
-2.4293194488188976
11
4.9142401968503933
21
-2.409142283464567
0
LINE
8
BLACK
6
CONTINUOUS
10
4.9142401968503933
20
-2.409142283464567
11
4.9148957480314959
21
-2.4058465354330707
0
LINE
8
BLACK
6
CONTINUOUS
10
4.9148957480314959
20
-2.4058465354330707
11
4.9167626377952756
21
-2.4030525196850392
0
LINE
8
BLACK
6
CONTINUOUS
10
4.9167626377952756
20
-2.4030525196850392
11
4.9195566535433066
21
-2.4011856299212599
0
LINE
8
BLACK
6
CONTINUOUS
10
4.9195566535433066
20
-2.4011856299212599
11
4.9228524015748034
21
-2.4005300787401573
0
LINE
8
BLACK
6
CONTINUOUS
10
4.9228524015748034
20
-2.4005300787401573
11
4.9400768110236219
21
-2.4005300787401573
0
LINE
8
BLACK
6
CONTINUOUS
10
4.9400768110236219
20
-2.4005300787401573
11
4.9433725590551179
21
-2.4011856299212599
0
LINE
8
BLACK
6
CONTINUOUS
10
5.1079079527559053
20
-2.3999547637795273
11
5.1107019685039372
21
-2.401821653543307
0
LINE
8
BLACK
6
CONTINUOUS
10
5.1107019685039372
20
-2.401821653543307
11
5.112568858267716
21
-2.4046156692913385
0
LINE
8
BLACK
6
CONTINUOUS
10
5.112568858267716
20
-2.4046156692913385
11
5.1132244094488186
21
-2.4079114173228344
0
LINE
8
BLACK
6
CONTINUOUS
10
5.1132244094488186
20
-2.4079114173228344
11
5.1132244094488186
21
-2.4280885826771654
0
LINE
8
BLACK
6
CONTINUOUS
10
5.1132244094488186
20
-2.4280885826771654
11
5.112568858267716
21
-2.4313843307086613
0
LINE
8
BLACK
6
CONTINUOUS
10
5.112568858267716
20
-2.4313843307086613
11
5.1107019685039372
21
-2.4341783464566928
0
LINE
8
BLACK
6
CONTINUOUS
10
5.1107019685039372
20
-2.4341783464566928
11
5.1079079527559053
21
-2.4360452362204725
0
LINE
8
BLACK
6
CONTINUOUS
10
5.1079079527559053
20
-2.4360452362204725
11
5.1046122047244094
21
-2.4367007874015747
0
LINE
8
BLACK
6
CONTINUOUS
10
5.1046122047244094
20
-2.4367007874015747
11
5.0873877952755908
21
-2.4367007874015747
0
LINE
8
BLACK
6
CONTINUOUS
10
5.0873877952755908
20
-2.4367007874015747
11
5.084092047244094
21
-2.4360452362204725
0
LINE
8
BLACK
6
CONTINUOUS
10
5.084092047244094
20
-2.4360452362204725
11
5.081298031496063
21
-2.4341783464566928
0
LINE
8
BLACK
6
CONTINUOUS
10
5.081298031496063
20
-2.4341783464566928
11
5.0794311417322833
21
-2.4313843307086613
0
LINE
8
BLACK
6
CONTINUOUS
10
5.0794311417322833
20
-2.4313843307086613
11
5.0787755905511807
21
-2.4280885826771654
0
LINE
8
BLACK
6
CONTINUOUS
10
5.0787755905511807
20
-2.4280885826771654
11
5.0787755905511807
21
-2.4079114173228344
0
LINE
8
BLACK
6
CONTINUOUS
10
5.0787755905511807
20
-2.4079114173228344
11
5.0794311417322833
21
-2.4046156692913385
0
LINE
8
BLACK
6
CONTINUOUS
10
5.0794311417322833
20
-2.4046156692913385
11
5.081298031496063
21
-2.401821653543307
0
LINE
8
BLACK
6
CONTINUOUS
10
5.081298031496063
20
-2.401821653543307
11
5.084092047244094
21
-2.3999547637795273
0
LINE
8
BLACK
6
CONTINUOUS
10
5.084092047244094
20
-2.3999547637795273
11
5.0873877952755908
21
-2.3992992125984252
0
LINE
8
BLACK
6
CONTINUOUS
10
5.0873877952755908
20
-2.3992992125984252
11
5.1046122047244094
21
-2.3992992125984252
0
LINE
8
BLACK
6
CONTINUOUS
10
5.1046122047244094
20
-2.3992992125984252
11
5.1079079527559053
21
-2.3999547637795273
0
LINE
8
BLACK
6
CONTINUOUS
10
5.1699158267716534
20
-2.3999547637795273
11
5.1727098425196854
21
-2.401821653543307
0
LINE
8
BLACK
6
CONTINUOUS
10
5.1727098425196854
20
-2.401821653543307
11
5.1745767322834642
21
-2.4046156692913385
0
LINE
8
BLACK
6
CONTINUOUS
10
5.1745767322834642
20
-2.4046156692913385
11
5.1752322834645668
21
-2.4079114173228344
0
LINE
8
BLACK
6
CONTINUOUS
10
5.1752322834645668
20
-2.4079114173228344
11
5.1752322834645668
21
-2.4280885826771654
0
LINE
8
BLACK
6
CONTINUOUS
10
5.1752322834645668
20
-2.4280885826771654
11
5.1745767322834642
21
-2.4313843307086613
0
LINE
8
BLACK
6
CONTINUOUS
10
5.1745767322834642
20
-2.4313843307086613
11
5.1727098425196854
21
-2.4341783464566928
0
LINE
8
BLACK
6
CONTINUOUS
10
5.1727098425196854
20
-2.4341783464566928
11
5.1699158267716534
21
-2.4360452362204725
0
LINE
8
BLACK
6
CONTINUOUS
10
5.1699158267716534
20
-2.4360452362204725
11
5.1666200787401575
21
-2.4367007874015747
0
LINE
8
BLACK
6
CONTINUOUS
10
5.1666200787401575
20
-2.4367007874015747
11
5.1493956692913381
21
-2.4367007874015747
0
LINE
8
BLACK
6
CONTINUOUS
10
5.1493956692913381
20
-2.4367007874015747
11
5.1460999212598422
21
-2.4360452362204725
0
LINE
8
BLACK
6
CONTINUOUS
10
5.1460999212598422
20
-2.4360452362204725
11
5.1433059055118111
21
-2.4341783464566928
0
LINE
8
BLACK
6
CONTINUOUS
10
5.1433059055118111
20
-2.4341783464566928
11
5.1414390157480314
21
-2.4313843307086613
0
LINE
8
BLACK
6
CONTINUOUS
10
5.1414390157480314
20
-2.4313843307086613
11
5.1407834645669288
21
-2.4280885826771654
0
LINE
8
BLACK
6
CONTINUOUS
10
5.1407834645669288
20
-2.4280885826771654
11
5.1407834645669288
21
-2.4079114173228344
0
LINE
8
BLACK
6
CONTINUOUS
10
5.1407834645669288
20
-2.4079114173228344
11
5.1414390157480314
21
-2.4046156692913385
0
LINE
8
BLACK
6
CONTINUOUS
10
5.1414390157480314
20
-2.4046156692913385
11
5.1433059055118111
21
-2.401821653543307
0
LINE
8
BLACK
6
CONTINUOUS
10
5.1433059055118111
20
-2.401821653543307
11
5.1460999212598422
21
-2.3999547637795273
0
LINE
8
BLACK
6
CONTINUOUS
10
5.1460999212598422
20
-2.3999547637795273
11
5.1493956692913381
21
-2.3992992125984252
0
LINE
8
BLACK
6
CONTINUOUS
10
5.1493956692913381
20
-2.3992992125984252
11
5.1666200787401575
21
-2.3992992125984252
0
LINE
8
BLACK
6
CONTINUOUS
10
5.1666200787401575
20
-2.3992992125984252
11
5.1699158267716534
21
-2.3999547637795273
0
LINE
8
BLACK
6
CONTINUOUS
10
5.6411123228346458
20
-2.4025855511811023
11
5.6435072047244095
21
-2.4041857086614171
0
LINE
8
BLACK
6
CONTINUOUS
10
5.6435072047244095
20
-2.4041857086614171
11
5.6451073622047243
21
-2.4065805905511812
0
LINE
8
BLACK
6
CONTINUOUS
10
5.6451073622047243
20
-2.4065805905511812
11
5.6456692913385824
21
-2.4094055118110234
0
LINE
8
BLACK
6
CONTINUOUS
10
5.6456692913385824
20
-2.4094055118110234
11
5.6456692913385824
21
-2.4241692913385826
0
LINE
8
BLACK
6
CONTINUOUS
10
5.6456692913385824
20
-2.4241692913385826
11
5.6451073622047243
21
-2.4269942125984252
0
LINE
8
BLACK
6
CONTINUOUS
10
5.6451073622047243
20
-2.4269942125984252
11
5.6435072047244095
21
-2.4293890944881888
0
LINE
8
BLACK
6
CONTINUOUS
10
5.6435072047244095
20
-2.4293890944881888
11
5.6411123228346458
21
-2.4309892519685037
0
LINE
8
BLACK
6
CONTINUOUS
10
5.6411123228346458
20
-2.4309892519685037
11
5.6382874015748028
21
-2.4315511811023622
0
LINE
8
BLACK
6
CONTINUOUS
10
5.6382874015748028
20
-2.4315511811023622
11
5.6117125984251963
21
-2.4315511811023622
0
LINE
8
BLACK
6
CONTINUOUS
10
5.6117125984251963
20
-2.4315511811023622
11
5.6088876771653542
21
-2.4309892519685037
0
LINE
8
BLACK
6
CONTINUOUS
10
5.6088876771653542
20
-2.4309892519685037
11
5.6064927952755905
21
-2.4293890944881888
0
LINE
8
BLACK
6
CONTINUOUS
10
5.6064927952755905
20
-2.4293890944881888
11
5.6048926377952757
21
-2.4269942125984252
0
LINE
8
BLACK
6
CONTINUOUS
10
5.6048926377952757
20
-2.4269942125984252
11
5.6043307086614176
21
-2.4241692913385826
0
LINE
8
BLACK
6
CONTINUOUS
10
5.6043307086614176
20
-2.4241692913385826
11
5.6043307086614176
21
-2.4094055118110234
0
LINE
8
BLACK
6
CONTINUOUS
10
5.6043307086614176
20
-2.4094055118110234
11
5.6048926377952757
21
-2.4065805905511812
0
LINE
8
BLACK
6
CONTINUOUS
10
5.6048926377952757
20
-2.4065805905511812
11
5.6064927952755905
21
-2.4041857086614171
0
LINE
8
BLACK
6
CONTINUOUS
10
5.6064927952755905
20
-2.4041857086614171
11
5.6088876771653542
21
-2.4025855511811023
0
LINE
8
BLACK
6
CONTINUOUS
10
5.6088876771653542
20
-2.4025855511811023
11
5.6117125984251963
21
-2.4020236220472442
0
LINE
8
BLACK
6
CONTINUOUS
10
5.6117125984251963
20
-2.4020236220472442
11
5.6382874015748028
21
-2.4020236220472442
0
LINE
8
BLACK
6
CONTINUOUS
10
5.6382874015748028
20
-2.4020236220472442
11
5.6411123228346458
21
-2.4025855511811023
0
LINE
8
BLACK
6
CONTINUOUS
10
5.8298589370078737
20
-2.3730541732283466
11
5.8330520866141731
21
-2.3751877559055119
0
LINE
8
BLACK
6
CONTINUOUS
10
5.8330520866141731
20
-2.3751877559055119
11
5.8351856692913389
21
-2.3783809055118108
0
LINE
8
BLACK
6
CONTINUOUS
10
5.8351856692913389
20
-2.3783809055118108
11
5.8359348818897638
21
-2.3821474803149605
0
LINE
8
BLACK
6
CONTINUOUS
10
5.8359348818897638
20
-2.3821474803149605
11
5.8359348818897638
21
-2.4146277952755906
0
LINE
8
BLACK
6
CONTINUOUS
10
5.8359348818897638
20
-2.4146277952755906
11
5.8351856692913389
21
-2.4183943700787403
0
LINE
8
BLACK
6
CONTINUOUS
10
5.8351856692913389
20
-2.4183943700787403
11
5.8330520866141731
21
-2.4215875196850392
0
LINE
8
BLACK
6
CONTINUOUS
10
5.8330520866141731
20
-2.4215875196850392
11
5.8298589370078737
21
-2.4237211023622045
0
LINE
8
BLACK
6
CONTINUOUS
10
5.8298589370078737
20
-2.4237211023622045
11
5.826092362204724
21
-2.4244703149606299
0
LINE
8
BLACK
6
CONTINUOUS
10
5.826092362204724
20
-2.4244703149606299
11
5.7749112598425194
21
-2.4244703149606299
0
LINE
8
BLACK
6
CONTINUOUS
10
5.7749112598425194
20
-2.4244703149606299
11
5.7711446850393697
21
-2.4237211023622045
0
LINE
8
BLACK
6
CONTINUOUS
10
5.7711446850393697
20
-2.4237211023622045
11
5.7679515354330704
21
-2.4215875196850392
0
LINE
8
BLACK
6
CONTINUOUS
10
5.7679515354330704
20
-2.4215875196850392
11
5.7658179527559055
21
-2.4183943700787403
0
LINE
8
BLACK
6
CONTINUOUS
10
5.7658179527559055
20
-2.4183943700787403
11
5.7650687401574805
21
-2.4146277952755906
0
LINE
8
BLACK
6
CONTINUOUS
10
5.7650687401574805
20
-2.4146277952755906
11
5.7650687401574805
21
-2.3821474803149605
0
LINE
8
BLACK
6
CONTINUOUS
10
5.7650687401574805
20
-2.3821474803149605
11
5.7658179527559055
21
-2.3783809055118108
0
LINE
8
BLACK
6
CONTINUOUS
10
5.7658179527559055
20
-2.3783809055118108
11
5.7679515354330704
21
-2.3751877559055119
0
LINE
8
BLACK
6
CONTINUOUS
10
5.7679515354330704
20
-2.3751877559055119
11
5.7711446850393697
21
-2.3730541732283466
0
LINE
8
BLACK
6
CONTINUOUS
10
5.7711446850393697
20
-2.3730541732283466
11
5.7749112598425194
21
-2.3723049606299211
0
LINE
8
BLACK
6
CONTINUOUS
10
5.7749112598425194
20
-2.3723049606299211
11
5.826092362204724
21
-2.3723049606299211
0
LINE
8
BLACK
6
CONTINUOUS
10
5.826092362204724
20
-2.3723049606299211
11
5.8298589370078737
21
-2.3730541732283466
0
LINE
8
BLACK
6
CONTINUOUS
10
4.2701930708661413
20
-2.3728553937007875
11
4.2730668897637791
21
-2.3747756299212597
0
LINE
8
BLACK
6
CONTINUOUS
10
4.2730668897637791
20
-2.3747756299212597
11
4.2749871259842518
21
-2.3776494488188975
0
LINE
8
BLACK
6
CONTINUOUS
10
4.2749871259842518
20
-2.3776494488188975
11
4.2756614173228344
21
-2.38103937007874
0
LINE
8
BLACK
6
CONTINUOUS
10
4.2756614173228344
20
-2.38103937007874
11
4.2756614173228344
21
-2.4145039370078738
0
LINE
8
BLACK
6
CONTINUOUS
10
4.2756614173228344
20
-2.4145039370078738
11
4.2749871259842518
21
-2.4178938582677163
0
LINE
8
BLACK
6
CONTINUOUS
10
4.2749871259842518
20
-2.4178938582677163
11
4.2730668897637791
21
-2.4207676771653541
0
LINE
8
BLACK
6
CONTINUOUS
10
4.2730668897637791
20
-2.4207676771653541
11
4.2701930708661413
21
-2.4226879133858268
0
LINE
8
BLACK
6
CONTINUOUS
10
4.2701930708661413
20
-2.4226879133858268
11
4.2668031496062993
21
-2.4233622047244094
0
LINE
8
BLACK
6
CONTINUOUS
10
4.2668031496062993
20
-2.4233622047244094
11
4.249086614173228
21
-2.4233622047244094
0
LINE
8
BLACK
6
CONTINUOUS
10
4.249086614173228
20
-2.4233622047244094
11
4.2456966929133859
21
-2.4226879133858268
0
LINE
8
BLACK
6
CONTINUOUS
10
4.2456966929133859
20
-2.4226879133858268
11
4.2428228740157481
21
-2.4207676771653541
0
LINE
8
BLACK
6
CONTINUOUS
10
4.2428228740157481
20
-2.4207676771653541
11
4.2409026377952754
21
-2.4178938582677163
0
LINE
8
BLACK
6
CONTINUOUS
10
4.2409026377952754
20
-2.4178938582677163
11
4.2402283464566928
21
-2.4145039370078738
0
LINE
8
BLACK
6
CONTINUOUS
10
4.2402283464566928
20
-2.4145039370078738
11
4.2402283464566928
21
-2.38103937007874
0
LINE
8
BLACK
6
CONTINUOUS
10
4.2402283464566928
20
-2.38103937007874
11
4.2409026377952754
21
-2.3776494488188975
0
LINE
8
BLACK
6
CONTINUOUS
10
4.2409026377952754
20
-2.3776494488188975
11
4.2428228740157481
21
-2.3747756299212597
0
LINE
8
BLACK
6
CONTINUOUS
10
4.2428228740157481
20
-2.3747756299212597
11
4.2456966929133859
21
-2.3728553937007875
0
LINE
8
BLACK
6
CONTINUOUS
10
4.2456966929133859
20
-2.3728553937007875
11
4.249086614173228
21
-2.3721811023622048
0
LINE
8
BLACK
6
CONTINUOUS
10
4.249086614173228
20
-2.3721811023622048
11
4.2668031496062993
21
-2.3721811023622048
0
LINE
8
BLACK
6
CONTINUOUS
10
4.2668031496062993
20
-2.3721811023622048
11
4.2701930708661413
21
-2.3728553937007875
0
LINE
8
BLACK
6
CONTINUOUS
10
4.3511141732283463
20
-2.365291338582677
11
4.3347165354330706
21
-2.365291338582677
0
LINE
8
BLACK
6
CONTINUOUS
10
4.3347165354330706
20
-2.365291338582677
11
4.3347165354330706
21
-2.4233622047244094
0
LINE
8
BLACK
6
CONTINUOUS
10
4.3347165354330706
20
-2.4233622047244094
11
4.2992834645669289
21
-2.4233622047244094
0
LINE
8
BLACK
6
CONTINUOUS
10
4.2992834645669289
20
-2.4233622047244094
11
4.2992834645669289
21
-2.365291338582677
0
LINE
8
BLACK
6
CONTINUOUS
10
4.2992834645669289
20
-2.365291338582677
11
4.2828858267716532
21
-2.365291338582677
0
LINE
8
BLACK
6
CONTINUOUS
10
4.2828858267716532
20
-2.365291338582677
11
4.2828858267716532
21
-2.2422598425196849
0
LINE
8
BLACK
6
CONTINUOUS
10
4.2828858267716532
20
-2.2422598425196849
11
4.3511141732283463
21
-2.2422598425196849
0
LINE
8
BLACK
6
CONTINUOUS
10
4.3511141732283463
20
-2.2422598425196849
11
4.3511141732283463
21
-2.365291338582677
0
LINE
8
BLACK
6
CONTINUOUS
10
4.3883033070866144
20
-2.3728553937007875
11
4.3911771259842522
21
-2.3747756299212597
0
LINE
8
BLACK
6
CONTINUOUS
10
4.3911771259842522
20
-2.3747756299212597
11
4.393097362204724
21
-2.3776494488188975
0
LINE
8
BLACK
6
CONTINUOUS
10
4.393097362204724
20
-2.3776494488188975
11
4.3937716535433067
21
-2.38103937007874
0
LINE
8
BLACK
6
CONTINUOUS
10
4.3937716535433067
20
-2.38103937007874
11
4.3937716535433067
21
-2.4145039370078738
0
LINE
8
BLACK
6
CONTINUOUS
10
4.3937716535433067
20
-2.4145039370078738
11
4.393097362204724
21
-2.4178938582677163
0
LINE
8
BLACK
6
CONTINUOUS
10
4.393097362204724
20
-2.4178938582677163
11
4.3911771259842522
21
-2.4207676771653541
0
LINE
8
BLACK
6
CONTINUOUS
10
4.3911771259842522
20
-2.4207676771653541
11
4.3883033070866144
21
-2.4226879133858268
0
LINE
8
BLACK
6
CONTINUOUS
10
4.3883033070866144
20
-2.4226879133858268
11
4.3849133858267715
21
-2.4233622047244094
0
LINE
8
BLACK
6
CONTINUOUS
10
4.3849133858267715
20
-2.4233622047244094
11
4.3671968503937011
21
-2.4233622047244094
0
LINE
8
BLACK
6
CONTINUOUS
10
4.3671968503937011
20
-2.4233622047244094
11
4.3638069291338581
21
-2.4226879133858268
0
LINE
8
BLACK
6
CONTINUOUS
10
4.3638069291338581
20
-2.4226879133858268
11
4.3609331102362203
21
-2.4207676771653541
0
LINE
8
BLACK
6
CONTINUOUS
10
4.3609331102362203
20
-2.4207676771653541
11
4.3590128740157477
21
-2.4178938582677163
0
LINE
8
BLACK
6
CONTINUOUS
10
4.3590128740157477
20
-2.4178938582677163
11
4.358338582677165
21
-2.4145039370078738
0
LINE
8
BLACK
6
CONTINUOUS
10
4.358338582677165
20
-2.4145039370078738
11
4.358338582677165
21
-2.38103937007874
0
LINE
8
BLACK
6
CONTINUOUS
10
4.358338582677165
20
-2.38103937007874
11
4.3590128740157477
21
-2.3776494488188975
0
LINE
8
BLACK
6
CONTINUOUS
10
4.3590128740157477
20
-2.3776494488188975
11
4.3609331102362203
21
-2.3747756299212597
0
LINE
8
BLACK
6
CONTINUOUS
10
4.3609331102362203
20
-2.3747756299212597
11
4.3638069291338581
21
-2.3728553937007875
0
LINE
8
BLACK
6
CONTINUOUS
10
4.3638069291338581
20
-2.3728553937007875
11
4.3671968503937011
21
-2.3721811023622048
0
LINE
8
BLACK
6
CONTINUOUS
10
4.3671968503937011
20
-2.3721811023622048
11
4.3849133858267715
21
-2.3721811023622048
0
LINE
8
BLACK
6
CONTINUOUS
10
4.3849133858267715
20
-2.3721811023622048
11
4.3883033070866144
21
-2.3728553937007875
0
LINE
8
BLACK
6
CONTINUOUS
10
5.3179752362204722
20
-2.3203161417322833
11
5.3211683858267715
21
-2.3224497244094486
0
LINE
8
BLACK
6
CONTINUOUS
10
5.3211683858267715
20
-2.3224497244094486
11
5.3233019685039364
21
-2.325642874015748
0
LINE
8
BLACK
6
CONTINUOUS
10
5.3233019685039364
20
-2.325642874015748
11
5.3240511811023623
21
-2.3294094488188977
0
LINE
8
BLACK
6
CONTINUOUS
10
5.3240511811023623
20
-2.3294094488188977
11
5.3240511811023623
21
-2.3805905511811023
0
LINE
8
BLACK
6
CONTINUOUS
10
5.3240511811023623
20
-2.3805905511811023
11
5.3233019685039364
21
-2.384357125984252
0
LINE
8
BLACK
6
CONTINUOUS
10
5.3233019685039364
20
-2.384357125984252
11
5.3211683858267715
21
-2.3875502755905513
0
LINE
8
BLACK
6
CONTINUOUS
10
5.3211683858267715
20
-2.3875502755905513
11
5.3179752362204722
21
-2.3896838582677167
0
LINE
8
BLACK
6
CONTINUOUS
10
5.3179752362204722
20
-2.3896838582677167
11
5.3142086614173225
21
-2.3904330708661417
0
LINE
8
BLACK
6
CONTINUOUS
10
5.3142086614173225
20
-2.3904330708661417
11
5.2817283464566929
21
-2.3904330708661417
0
LINE
8
BLACK
6
CONTINUOUS
10
5.2817283464566929
20
-2.3904330708661417
11
5.2779617716535432
21
-2.3896838582677167
0
LINE
8
BLACK
6
CONTINUOUS
10
5.2779617716535432
20
-2.3896838582677167
11
5.2747686220472438
21
-2.3875502755905513
0
LINE
8
BLACK
6
CONTINUOUS
10
5.2747686220472438
20
-2.3875502755905513
11
5.2726350393700789
21
-2.384357125984252
0
LINE
8
BLACK
6
CONTINUOUS
10
5.2726350393700789
20
-2.384357125984252
11
5.2718858267716531
21
-2.3805905511811023
0
LINE
8
BLACK
6
CONTINUOUS
10
5.2718858267716531
20
-2.3805905511811023
11
5.2718858267716531
21
-2.3294094488188977
0
LINE
8
BLACK
6
CONTINUOUS
10
5.2718858267716531
20
-2.3294094488188977
11
5.2726350393700789
21
-2.325642874015748
0
LINE
8
BLACK
6
CONTINUOUS
10
5.2726350393700789
20
-2.325642874015748
11
5.2747686220472438
21
-2.3224497244094486
0
LINE
8
BLACK
6
CONTINUOUS
10
5.2747686220472438
20
-2.3224497244094486
11
5.2779617716535432
21
-2.3203161417322833
0
LINE
8
BLACK
6
CONTINUOUS
10
5.2779617716535432
20
-2.3203161417322833
11
5.2817283464566929
21
-2.3195669291338583
0
LINE
8
BLACK
6
CONTINUOUS
10
5.2817283464566929
20
-2.3195669291338583
11
5.3142086614173225
21
-2.3195669291338583
0
LINE
8
BLACK
6
CONTINUOUS
10
5.3142086614173225
20
-2.3195669291338583
11
5.3179752362204722
21
-2.3203161417322833
0
LINE
8
BLACK
6
CONTINUOUS
10
5.4410067322834648
20
-2.3203161417322833
11
5.4441998818897632
21
-2.3224497244094486
0
LINE
8
BLACK
6
CONTINUOUS
10
5.4441998818897632
20
-2.3224497244094486
11
5.446333464566929
21
-2.325642874015748
0
LINE
8
BLACK
6
CONTINUOUS
10
5.446333464566929
20
-2.325642874015748
11
5.447082677165354
21
-2.3294094488188977
0
LINE
8
BLACK
6
CONTINUOUS
10
5.447082677165354
20
-2.3294094488188977
11
5.447082677165354
21
-2.3805905511811023
0
LINE
8
BLACK
6
CONTINUOUS
10
5.447082677165354
20
-2.3805905511811023
11
5.446333464566929
21
-2.384357125984252
0
LINE
8
BLACK
6
CONTINUOUS
10
5.446333464566929
20
-2.384357125984252
11
5.4441998818897632
21
-2.3875502755905513
0
LINE
8
BLACK
6
CONTINUOUS
10
5.4441998818897632
20
-2.3875502755905513
11
5.4410067322834648
21
-2.3896838582677167
0
LINE
8
BLACK
6
CONTINUOUS
10
5.4410067322834648
20
-2.3896838582677167
11
5.4372401574803151
21
-2.3904330708661417
0
LINE
8
BLACK
6
CONTINUOUS
10
5.4372401574803151
20
-2.3904330708661417
11
5.4047598425196846
21
-2.3904330708661417
0
LINE
8
BLACK
6
CONTINUOUS
10
5.4047598425196846
20
-2.3904330708661417
11
5.4009932677165349
21
-2.3896838582677167
0
LINE
8
BLACK
6
CONTINUOUS
10
5.4009932677165349
20
-2.3896838582677167
11
5.3978001181102364
21
-2.3875502755905513
0
LINE
8
BLACK
6
CONTINUOUS
10
5.3978001181102364
20
-2.3875502755905513
11
5.3956665354330706
21
-2.384357125984252
0
LINE
8
BLACK
6
CONTINUOUS
10
5.3956665354330706
20
-2.384357125984252
11
5.3949173228346456
21
-2.3805905511811023
0
LINE
8
BLACK
6
CONTINUOUS
10
5.3949173228346456
20
-2.3805905511811023
11
5.3949173228346456
21
-2.3294094488188977
0
LINE
8
BLACK
6
CONTINUOUS
10
5.3949173228346456
20
-2.3294094488188977
11
5.3956665354330706
21
-2.325642874015748
0
LINE
8
BLACK
6
CONTINUOUS
10
5.3956665354330706
20
-2.325642874015748
11
5.3978001181102364
21
-2.3224497244094486
0
LINE
8
BLACK
6
CONTINUOUS
10
5.3978001181102364
20
-2.3224497244094486
11
5.4009932677165349
21
-2.3203161417322833
0
LINE
8
BLACK
6
CONTINUOUS
10
5.4009932677165349
20
-2.3203161417322833
11
5.4047598425196846
21
-2.3195669291338583
0
LINE
8
BLACK
6
CONTINUOUS
10
5.4047598425196846
20
-2.3195669291338583
11
5.4372401574803151
21
-2.3195669291338583
0
LINE
8
BLACK
6
CONTINUOUS
10
5.4372401574803151
20
-2.3195669291338583
11
5.4410067322834648
21
-2.3203161417322833
0
LINE
8
BLACK
6
CONTINUOUS
10
4.6899752362204721
20
-2.3173161417322836
11
4.6931683858267714
21
-2.319449724409449
0
LINE
8
BLACK
6
CONTINUOUS
10
4.6931683858267714
20
-2.319449724409449
11
4.6953019685039372
21
-2.3226428740157479
0
LINE
8
BLACK
6
CONTINUOUS
10
4.6953019685039372
20
-2.3226428740157479
11
4.6960511811023622
21
-2.3264094488188976
0
LINE
8
BLACK
6
CONTINUOUS
10
4.6960511811023622
20
-2.3264094488188976
11
4.6960511811023622
21
-2.3775905511811022
0
LINE
8
BLACK
6
CONTINUOUS
10
4.6960511811023622
20
-2.3775905511811022
11
4.6953019685039372
21
-2.3813571259842519
0
LINE
8
BLACK
6
CONTINUOUS
10
4.6953019685039372
20
-2.3813571259842519
11
4.6931683858267714
21
-2.3845502755905512
0
LINE
8
BLACK
6
CONTINUOUS
10
4.6931683858267714
20
-2.3845502755905512
11
4.6899752362204721
21
-2.3866838582677166
0
LINE
8
BLACK
6
CONTINUOUS
10
4.6899752362204721
20
-2.3866838582677166
11
4.6862086614173224
21
-2.3874330708661415
0
LINE
8
BLACK
6
CONTINUOUS
10
4.6862086614173224
20
-2.3874330708661415
11
4.6537283464566928
21
-2.3874330708661415
0
LINE
8
BLACK
6
CONTINUOUS
10
4.6537283464566928
20
-2.3874330708661415
11
4.6499617716535431
21
-2.3866838582677166
0
LINE
8
BLACK
6
CONTINUOUS
10
4.6499617716535431
20
-2.3866838582677166
11
4.6467686220472437
21
-2.3845502755905512
0
LINE
8
BLACK
6
CONTINUOUS
10
4.6467686220472437
20
-2.3845502755905512
11
4.6446350393700788
21
-2.3813571259842519
0
LINE
8
BLACK
6
CONTINUOUS
10
4.6446350393700788
20
-2.3813571259842519
11
4.6438858267716538
21
-2.3775905511811022
0
LINE
8
BLACK
6
CONTINUOUS
10
4.6438858267716538
20
-2.3775905511811022
11
4.6438858267716538
21
-2.3264094488188976
0
LINE
8
BLACK
6
CONTINUOUS
10
4.6438858267716538
20
-2.3264094488188976
11
4.6446350393700788
21
-2.3226428740157479
0
LINE
8
BLACK
6
CONTINUOUS
10
4.6446350393700788
20
-2.3226428740157479
11
4.6467686220472437
21
-2.319449724409449
0
LINE
8
BLACK
6
CONTINUOUS
10
4.6467686220472437
20
-2.319449724409449
11
4.6499617716535431
21
-2.3173161417322836
0
LINE
8
BLACK
6
CONTINUOUS
10
4.6499617716535431
20
-2.3173161417322836
11
4.6537283464566928
21
-2.3165669291338582
0
LINE
8
BLACK
6
CONTINUOUS
10
4.6537283464566928
20
-2.3165669291338582
11
4.6862086614173224
21
-2.3165669291338582
0
LINE
8
BLACK
6
CONTINUOUS
10
4.6862086614173224
20
-2.3165669291338582
11
4.6899752362204721
21
-2.3173161417322836
0
LINE
8
BLACK
6
CONTINUOUS
10
4.8130067322834647
20
-2.3173161417322836
11
4.816199881889764
21
-2.319449724409449
0
LINE
8
BLACK
6
CONTINUOUS
10
4.816199881889764
20
-2.319449724409449
11
4.8183334645669289
21
-2.3226428740157479
0
LINE
8
BLACK
6
CONTINUOUS
10
4.8183334645669289
20
-2.3226428740157479
11
4.8190826771653539
21
-2.3264094488188976
0
LINE
8
BLACK
6
CONTINUOUS
10
4.8190826771653539
20
-2.3264094488188976
11
4.8190826771653539
21
-2.3775905511811022
0
LINE
8
BLACK
6
CONTINUOUS
10
4.8190826771653539
20
-2.3775905511811022
11
4.8183334645669289
21
-2.3813571259842519
0
LINE
8
BLACK
6
CONTINUOUS
10
4.8183334645669289
20
-2.3813571259842519
11
4.816199881889764
21
-2.3845502755905512
0
LINE
8
BLACK
6
CONTINUOUS
10
4.816199881889764
20
-2.3845502755905512
11
4.8130067322834647
21
-2.3866838582677166
0
LINE
8
BLACK
6
CONTINUOUS
10
4.8130067322834647
20
-2.3866838582677166
11
4.809240157480315
21
-2.3874330708661415
0
LINE
8
BLACK
6
CONTINUOUS
10
4.809240157480315
20
-2.3874330708661415
11
4.7767598425196853
21
-2.3874330708661415
0
LINE
8
BLACK
6
CONTINUOUS
10
4.7767598425196853
20
-2.3874330708661415
11
4.7729932677165356
21
-2.3866838582677166
0
LINE
8
BLACK
6
CONTINUOUS
10
4.7729932677165356
20
-2.3866838582677166
11
4.7698001181102363
21
-2.3845502755905512
0
LINE
8
BLACK
6
CONTINUOUS
10
4.7698001181102363
20
-2.3845502755905512
11
4.7676665354330705
21
-2.3813571259842519
0
LINE
8
BLACK
6
CONTINUOUS
10
4.7676665354330705
20
-2.3813571259842519
11
4.7669173228346455
21
-2.3775905511811022
0
LINE
8
BLACK
6
CONTINUOUS
10
4.7669173228346455
20
-2.3775905511811022
11
4.7669173228346455
21
-2.3264094488188976
0
LINE
8
BLACK
6
CONTINUOUS
10
4.7669173228346455
20
-2.3264094488188976
11
4.7676665354330705
21
-2.3226428740157479
0
LINE
8
BLACK
6
CONTINUOUS
10
4.7676665354330705
20
-2.3226428740157479
11
4.7698001181102363
21
-2.319449724409449
0
LINE
8
BLACK
6
CONTINUOUS
10
4.7698001181102363
20
-2.319449724409449
11
4.7729932677165356
21
-2.3173161417322836
0
LINE
8
BLACK
6
CONTINUOUS
10
4.7729932677165356
20
-2.3173161417322836
11
4.7767598425196853
21
-2.3165669291338582
0
LINE
8
BLACK
6
CONTINUOUS
10
4.7767598425196853
20
-2.3165669291338582
11
4.809240157480315
21
-2.3165669291338582
0
LINE
8
BLACK
6
CONTINUOUS
10
4.809240157480315
20
-2.3165669291338582
11
4.8130067322834647
21
-2.3173161417322836
0
LINE
8
BLACK
6
CONTINUOUS
10
5.6382688582677165
20
-2.3171241732283465
11
5.6413821653543303
21
-2.3192044488188976
0
LINE
8
BLACK
6
CONTINUOUS
10
5.6413821653543303
20
-2.3192044488188976
11
5.6434624409448819
21
-2.3223177559055119
0
LINE
8
BLACK
6
CONTINUOUS
10
5.6434624409448819
20
-2.3223177559055119
11
5.6441929133858268
21
-2.325990157480315
0
LINE
8
BLACK
6
CONTINUOUS
10
5.6441929133858268
20
-2.325990157480315
11
5.6441929133858268
21
-2.3560098425196849
0
LINE
8
BLACK
6
CONTINUOUS
10
5.6441929133858268
20
-2.3560098425196849
11
5.6434624409448819
21
-2.359682244094488
0
LINE
8
BLACK
6
CONTINUOUS
10
5.6434624409448819
20
-2.359682244094488
11
5.6413821653543303
21
-2.3627955511811023
0
LINE
8
BLACK
6
CONTINUOUS
10
5.6413821653543303
20
-2.3627955511811023
11
5.6382688582677165
21
-2.3648758267716534
0
LINE
8
BLACK
6
CONTINUOUS
10
5.6382688582677165
20
-2.3648758267716534
11
5.634596456692913
21
-2.3656062992125984
0
LINE
8
BLACK
6
CONTINUOUS
10
5.634596456692913
20
-2.3656062992125984
11
5.6154035433070861
21
-2.3656062992125984
0
LINE
8
BLACK
6
CONTINUOUS
10
5.6154035433070861
20
-2.3656062992125984
11
5.6117311417322835
21
-2.3648758267716534
0
LINE
8
BLACK
6
CONTINUOUS
10
5.6117311417322835
20
-2.3648758267716534
11
5.6086178346456688
21
-2.3627955511811023
0
LINE
8
BLACK
6
CONTINUOUS
10
5.6086178346456688
20
-2.3627955511811023
11
5.6065375590551181
21
-2.359682244094488
0
LINE
8
BLACK
6
CONTINUOUS
10
5.6065375590551181
20
-2.359682244094488
11
5.6058070866141732
21
-2.3560098425196849
0
LINE
8
BLACK
6
CONTINUOUS
10
5.6058070866141732
20
-2.3560098425196849
11
5.6058070866141732
21
-2.325990157480315
0
LINE
8
BLACK
6
CONTINUOUS
10
5.6058070866141732
20
-2.325990157480315
11
5.6065375590551181
21
-2.3223177559055119
0
LINE
8
BLACK
6
CONTINUOUS
10
5.6065375590551181
20
-2.3223177559055119
11
5.6086178346456688
21
-2.3192044488188976
0
LINE
8
BLACK
6
CONTINUOUS
10
5.6086178346456688
20
-2.3192044488188976
11
5.6117311417322835
21
-2.3171241732283465
0
LINE
8
BLACK
6
CONTINUOUS
10
5.6117311417322835
20
-2.3171241732283465
11
5.6154035433070861
21
-2.3163937007874016
0
LINE
8
BLACK
6
CONTINUOUS
10
5.6154035433070861
20
-2.3163937007874016
11
5.634596456692913
21
-2.3163937007874016
0
LINE
8
BLACK
6
CONTINUOUS
10
5.634596456692913
20
-2.3163937007874016
11
5.6382688582677165
21
-2.3171241732283465
0
LINE
8
BLACK
6
CONTINUOUS
10
4.9069003543307081
20
-2.3055384251968505
11
4.9081776377952755
21
-2.3063918503937009
0
LINE
8
BLACK
6
CONTINUOUS
10
4.9081776377952755
20
-2.3063918503937009
11
4.9090310629921259
21
-2.3076691338582678
0
LINE
8
BLACK
6
CONTINUOUS
10
4.9090310629921259
20
-2.3076691338582678
11
4.9093307480314961
21
-2.3091757480314961
0
LINE
8
BLACK
6
CONTINUOUS
10
4.9093307480314961
20
-2.3091757480314961
11
4.9093307480314961
21
-2.3268922834645669
0
LINE
8
BLACK
6
CONTINUOUS
10
4.9093307480314961
20
-2.3268922834645669
11
4.9090310629921259
21
-2.3283988976377952
0
LINE
8
BLACK
6
CONTINUOUS
10
4.9090310629921259
20
-2.3283988976377952
11
4.9081776377952755
21
-2.3296761811023621
0
LINE
8
BLACK
6
CONTINUOUS
10
4.9081776377952755
20
-2.3296761811023621
11
4.9069003543307081
21
-2.3305296062992125
0
LINE
8
BLACK
6
CONTINUOUS
10
4.9069003543307081
20
-2.3305296062992125
11
4.9053937401574803
21
-2.3308292913385826
0
LINE
8
BLACK
6
CONTINUOUS
10
4.9053937401574803
20
-2.3308292913385826
11
4.8975197244094488
21
-2.3308292913385826
0
LINE
8
BLACK
6
CONTINUOUS
10
4.8975197244094488
20
-2.3308292913385826
11
4.8960131102362201
21
-2.3305296062992125
0
LINE
8
BLACK
6
CONTINUOUS
10
4.8960131102362201
20
-2.3305296062992125
11
4.8947358267716536
21
-2.3296761811023621
0
LINE
8
BLACK
6
CONTINUOUS
10
4.8947358267716536
20
-2.3296761811023621
11
4.8938824015748033
21
-2.3283988976377952
0
LINE
8
BLACK
6
CONTINUOUS
10
4.8938824015748033
20
-2.3283988976377952
11
4.8935827165354331
21
-2.3268922834645669
0
LINE
8
BLACK
6
CONTINUOUS
10
4.8935827165354331
20
-2.3268922834645669
11
4.8935827165354331
21
-2.3091757480314961
0
LINE
8
BLACK
6
CONTINUOUS
10
4.8935827165354331
20
-2.3091757480314961
11
4.8938824015748033
21
-2.3076691338582678
0
LINE
8
BLACK
6
CONTINUOUS
10
4.8938824015748033
20
-2.3076691338582678
11
4.8947358267716536
21
-2.3063918503937009
0
LINE
8
BLACK
6
CONTINUOUS
10
4.8947358267716536
20
-2.3063918503937009
11
4.8960131102362201
21
-2.3055384251968505
0
LINE
8
BLACK
6
CONTINUOUS
10
4.8960131102362201
20
-2.3055384251968505
11
4.8975197244094488
21
-2.3052387401574803
0
LINE
8
BLACK
6
CONTINUOUS
10
4.8975197244094488
20
-2.3052387401574803
11
4.9053937401574803
21
-2.3052387401574803
0
LINE
8
BLACK
6
CONTINUOUS
10
4.9053937401574803
20
-2.3052387401574803
11
4.9069003543307081
21
-2.3055384251968505
0
LINE
8
BLACK
6
CONTINUOUS
10
4.9324909055118109
20
-2.3055384251968505
11
4.9337681889763783
21
-2.3063918503937009
0
LINE
8
BLACK
6
CONTINUOUS
10
4.9337681889763783
20
-2.3063918503937009
11
4.9346216141732286
21
-2.3076691338582678
0
LINE
8
BLACK
6
CONTINUOUS
10
4.9346216141732286
20
-2.3076691338582678
11
4.9349212992125979
21
-2.3091757480314961
0
LINE
8
BLACK
6
CONTINUOUS
10
4.9349212992125979
20
-2.3091757480314961
11
4.9349212992125979
21
-2.3268922834645669
0
LINE
8
BLACK
6
CONTINUOUS
10
4.9349212992125979
20
-2.3268922834645669
11
4.9346216141732286
21
-2.3283988976377952
0
LINE
8
BLACK
6
CONTINUOUS
10
4.9346216141732286
20
-2.3283988976377952
11
4.9337681889763783
21
-2.3296761811023621
0
LINE
8
BLACK
6
CONTINUOUS
10
4.9337681889763783
20
-2.3296761811023621
11
4.9324909055118109
21
-2.3305296062992125
0
LINE
8
BLACK
6
CONTINUOUS
10
4.9324909055118109
20
-2.3305296062992125
11
4.9309842913385822
21
-2.3308292913385826
0
LINE
8
BLACK
6
CONTINUOUS
10
4.9309842913385822
20
-2.3308292913385826
11
4.9231102755905507
21
-2.3308292913385826
0
LINE
8
BLACK
6
CONTINUOUS
10
4.9231102755905507
20
-2.3308292913385826
11
4.9216036614173229
21
-2.3305296062992125
0
LINE
8
BLACK
6
CONTINUOUS
10
4.9216036614173229
20
-2.3305296062992125
11
4.9203263779527555
21
-2.3296761811023621
0
LINE
8
BLACK
6
CONTINUOUS
10
4.9203263779527555
20
-2.3296761811023621
11
4.9194729527559051
21
-2.3283988976377952
0
LINE
8
BLACK
6
CONTINUOUS
10
4.9194729527559051
20
-2.3283988976377952
11
4.919173267716535
21
-2.3268922834645669
0
LINE
8
BLACK
6
CONTINUOUS
10
4.919173267716535
20
-2.3268922834645669
11
4.919173267716535
21
-2.3091757480314961
0
LINE
8
BLACK
6
CONTINUOUS
10
4.919173267716535
20
-2.3091757480314961
11
4.9194729527559051
21
-2.3076691338582678
0
LINE
8
BLACK
6
CONTINUOUS
10
4.9194729527559051
20
-2.3076691338582678
11
4.9203263779527555
21
-2.3063918503937009
0
LINE
8
BLACK
6
CONTINUOUS
10
4.9203263779527555
20
-2.3063918503937009
11
4.9216036614173229
21
-2.3055384251968505
0
LINE
8
BLACK
6
CONTINUOUS
10
4.9216036614173229
20
-2.3055384251968505
11
4.9231102755905507
21
-2.3052387401574803
0
LINE
8
BLACK
6
CONTINUOUS
10
4.9231102755905507
20
-2.3052387401574803
11
4.9309842913385822
21
-2.3052387401574803
0
LINE
8
BLACK
6
CONTINUOUS
10
4.9309842913385822
20
-2.3052387401574803
11
4.9324909055118109
21
-2.3055384251968505
0
LINE
8
BLACK
6
CONTINUOUS
10
4.9580814566929137
20
-2.3055384251968505
11
4.9593587401574801
21
-2.3063918503937009
0
LINE
8
BLACK
6
CONTINUOUS
10
4.9593587401574801
20
-2.3063918503937009
11
4.9602121653543305
21
-2.3076691338582678
0
LINE
8
BLACK
6
CONTINUOUS
10
4.9602121653543305
20
-2.3076691338582678
11
4.9605118503937007
21
-2.3091757480314961
0
LINE
8
BLACK
6
CONTINUOUS
10
4.9605118503937007
20
-2.3091757480314961
11
4.9605118503937007
21
-2.3268922834645669
0
LINE
8
BLACK
6
CONTINUOUS
10
4.9605118503937007
20
-2.3268922834645669
11
4.9602121653543305
21
-2.3283988976377952
0
LINE
8
BLACK
6
CONTINUOUS
10
4.9602121653543305
20
-2.3283988976377952
11
4.9593587401574801
21
-2.3296761811023621
0
LINE
8
BLACK
6
CONTINUOUS
10
4.9593587401574801
20
-2.3296761811023621
11
4.9580814566929137
21
-2.3305296062992125
0
LINE
8
BLACK
6
CONTINUOUS
10
4.9580814566929137
20
-2.3305296062992125
11
4.9565748425196849
21
-2.3308292913385826
0
LINE
8
BLACK
6
CONTINUOUS
10
4.9565748425196849
20
-2.3308292913385826
11
4.9487008267716535
21
-2.3308292913385826
0
LINE
8
BLACK
6
CONTINUOUS
10
4.9487008267716535
20
-2.3308292913385826
11
4.9471942125984247
21
-2.3305296062992125
0
LINE
8
BLACK
6
CONTINUOUS
10
4.9471942125984247
20
-2.3305296062992125
11
4.9459169291338583
21
-2.3296761811023621
0
LINE
8
BLACK
6
CONTINUOUS
10
4.9459169291338583
20
-2.3296761811023621
11
4.9450635039370079
21
-2.3283988976377952
0
LINE
8
BLACK
6
CONTINUOUS
10
4.9450635039370079
20
-2.3283988976377952
11
4.9447638188976377
21
-2.3268922834645669
0
LINE
8
BLACK
6
CONTINUOUS
10
4.9447638188976377
20
-2.3268922834645669
11
4.9447638188976377
21
-2.3091757480314961
0
LINE
8
BLACK
6
CONTINUOUS
10
4.9447638188976377
20
-2.3091757480314961
11
4.9450635039370079
21
-2.3076691338582678
0
LINE
8
BLACK
6
CONTINUOUS
10
4.9450635039370079
20
-2.3076691338582678
11
4.9459169291338583
21
-2.3063918503937009
0
LINE
8
BLACK
6
CONTINUOUS
10
4.9459169291338583
20
-2.3063918503937009
11
4.9471942125984247
21
-2.3055384251968505
0
LINE
8
BLACK
6
CONTINUOUS
10
4.9471942125984247
20
-2.3055384251968505
11
4.9487008267716535
21
-2.3052387401574803
0
LINE
8
BLACK
6
CONTINUOUS
10
4.9487008267716535
20
-2.3052387401574803
11
4.9565748425196849
21
-2.3052387401574803
0
LINE
8
BLACK
6
CONTINUOUS
10
4.9565748425196849
20
-2.3052387401574803
11
4.9580814566929137
21
-2.3055384251968505
0
LINE
8
BLACK
6
CONTINUOUS
10
5.5483728740157483
20
-2.2711114173228344
11
5.5515660236220468
21
-2.2732449999999997
0
LINE
8
BLACK
6
CONTINUOUS
10
5.5515660236220468
20
-2.2732449999999997
11
5.5536996062992126
21
-2.2764381496062991
0
LINE
8
BLACK
6
CONTINUOUS
10
5.5536996062992126
20
-2.2764381496062991
11
5.5544488188976375
21
-2.2802047244094488
0
LINE
8
BLACK
6
CONTINUOUS
10
5.5544488188976375
20
-2.2802047244094488
11
5.5544488188976375
21
-2.3117007874015747
0
LINE
8
BLACK
6
CONTINUOUS
10
5.5544488188976375
20
-2.3117007874015747
11
5.5536996062992126
21
-2.3154673622047244
0
LINE
8
BLACK
6
CONTINUOUS
10
5.5536996062992126
20
-2.3154673622047244
11
5.5515660236220468
21
-2.3186605118110237
0
LINE
8
BLACK
6
CONTINUOUS
10
5.5515660236220468
20
-2.3186605118110237
11
5.5483728740157483
21
-2.3207940944881891
0
LINE
8
BLACK
6
CONTINUOUS
10
5.5483728740157483
20
-2.3207940944881891
11
5.5446062992125986
21
-2.321543307086614
0
LINE
8
BLACK
6
CONTINUOUS
10
5.5446062992125986
20
-2.321543307086614
11
5.4953937007874014
21
-2.321543307086614
0
LINE
8
BLACK
6
CONTINUOUS
10
5.4953937007874014
20
-2.321543307086614
11
5.4916271259842517
21
-2.3207940944881891
0
LINE
8
BLACK
6
CONTINUOUS
10
5.4916271259842517
20
-2.3207940944881891
11
5.4884339763779524
21
-2.3186605118110237
0
LINE
8
BLACK
6
CONTINUOUS
10
5.4884339763779524
20
-2.3186605118110237
11
5.4863003937007875
21
-2.3154673622047244
0
LINE
8
BLACK
6
CONTINUOUS
10
5.4863003937007875
20
-2.3154673622047244
11
5.4855511811023625
21
-2.3117007874015747
0
LINE
8
BLACK
6
CONTINUOUS
10
5.4855511811023625
20
-2.3117007874015747
11
5.4855511811023625
21
-2.2802047244094488
0
LINE
8
BLACK
6
CONTINUOUS
10
5.4855511811023625
20
-2.2802047244094488
11
5.4863003937007875
21
-2.2764381496062991
0
LINE
8
BLACK
6
CONTINUOUS
10
5.4863003937007875
20
-2.2764381496062991
11
5.4884339763779524
21
-2.2732449999999997
0
LINE
8
BLACK
6
CONTINUOUS
10
5.4884339763779524
20
-2.2732449999999997
11
5.4916271259842517
21
-2.2711114173228344
0
LINE
8
BLACK
6
CONTINUOUS
10
5.4916271259842517
20
-2.2711114173228344
11
5.4953937007874014
21
-2.2703622047244094
0
LINE
8
BLACK
6
CONTINUOUS
10
5.4953937007874014
20
-2.2703622047244094
11
5.5446062992125986
21
-2.2703622047244094
0
LINE
8
BLACK
6
CONTINUOUS
10
5.5446062992125986
20
-2.2703622047244094
11
5.5483728740157483
21
-2.2711114173228344
0
LINE
8
BLACK
6
CONTINUOUS
10
5.1124436220472438
20
-2.2893075590551182
11
5.1137209055118111
21
-2.2901609842519686
0
LINE
8
BLACK
6
CONTINUOUS
10
5.1137209055118111
20
-2.2901609842519686
11
5.1145743307086615
21
-2.2914382677165355
0
LINE
8
BLACK
6
CONTINUOUS
10
5.1145743307086615
20
-2.2914382677165355
11
5.1148740157480317
21
-2.2929448818897638
0
LINE
8
BLACK
6
CONTINUOUS
10
5.1148740157480317
20
-2.2929448818897638
11
5.1148740157480317
21
-2.3106614173228346
0
LINE
8
BLACK
6
CONTINUOUS
10
5.1148740157480317
20
-2.3106614173228346
11
5.1145743307086615
21
-2.3121680314960629
0
LINE
8
BLACK
6
CONTINUOUS
10
5.1145743307086615
20
-2.3121680314960629
11
5.1137209055118111
21
-2.3134453149606298
0
LINE
8
BLACK
6
CONTINUOUS
10
5.1137209055118111
20
-2.3134453149606298
11
5.1124436220472438
21
-2.3142987401574802
0
LINE
8
BLACK
6
CONTINUOUS
10
5.1124436220472438
20
-2.3142987401574802
11
5.1109370078740159
21
-2.3145984251968503
0
LINE
8
BLACK
6
CONTINUOUS
10
5.1109370078740159
20
-2.3145984251968503
11
5.1030629921259845
21
-2.3145984251968503
0
LINE
8
BLACK
6
CONTINUOUS
10
5.1030629921259845
20
-2.3145984251968503
11
5.1015563779527557
21
-2.3142987401574802
0
LINE
8
BLACK
6
CONTINUOUS
10
5.1015563779527557
20
-2.3142987401574802
11
5.1002790944881893
21
-2.3134453149606298
0
LINE
8
BLACK
6
CONTINUOUS
10
5.1002790944881893
20
-2.3134453149606298
11
5.0994256692913389
21
-2.3121680314960629
0
LINE
8
BLACK
6
CONTINUOUS
10
5.0994256692913389
20
-2.3121680314960629
11
5.0991259842519687
21
-2.3106614173228346
0
LINE
8
BLACK
6
CONTINUOUS
10
5.0991259842519687
20
-2.3106614173228346
11
5.0991259842519687
21
-2.2929448818897638
0
LINE
8
BLACK
6
CONTINUOUS
10
5.0991259842519687
20
-2.2929448818897638
11
5.0994256692913389
21
-2.2914382677165355
0
LINE
8
BLACK
6
CONTINUOUS
10
5.0994256692913389
20
-2.2914382677165355
11
5.1002790944881893
21
-2.2901609842519686
0
LINE
8
BLACK
6
CONTINUOUS
10
5.1002790944881893
20
-2.2901609842519686
11
5.1015563779527557
21
-2.2893075590551182
0
LINE
8
BLACK
6
CONTINUOUS
10
5.1015563779527557
20
-2.2893075590551182
11
5.1030629921259845
21
-2.289007874015748
0
LINE
8
BLACK
6
CONTINUOUS
10
5.1030629921259845
20
-2.289007874015748
11
5.1109370078740159
21
-2.289007874015748
0
LINE
8
BLACK
6
CONTINUOUS
10
5.1109370078740159
20
-2.289007874015748
11
5.1124436220472438
21
-2.2893075590551182
0
LINE
8
BLACK
6
CONTINUOUS
10
5.1380341732283465
20
-2.2893075590551182
11
5.139311456692913
21
-2.2901609842519686
0
LINE
8
BLACK
6
CONTINUOUS
10
5.139311456692913
20
-2.2901609842519686
11
5.1401648818897634
21
-2.2914382677165355
0
LINE
8
BLACK
6
CONTINUOUS
10
5.1401648818897634
20
-2.2914382677165355
11
5.1404645669291336
21
-2.2929448818897638
0
LINE
8
BLACK
6
CONTINUOUS
10
5.1404645669291336
20
-2.2929448818897638
11
5.1404645669291336
21
-2.3106614173228346
0
LINE
8
BLACK
6
CONTINUOUS
10
5.1404645669291336
20
-2.3106614173228346
11
5.1401648818897634
21
-2.3121680314960629
0
LINE
8
BLACK
6
CONTINUOUS
10
5.1401648818897634
20
-2.3121680314960629
11
5.139311456692913
21
-2.3134453149606298
0
LINE
8
BLACK
6
CONTINUOUS
10
5.139311456692913
20
-2.3134453149606298
11
5.1380341732283465
21
-2.3142987401574802
0
LINE
8
BLACK
6
CONTINUOUS
10
5.1380341732283465
20
-2.3142987401574802
11
5.1365275590551178
21
-2.3145984251968503
0
LINE
8
BLACK
6
CONTINUOUS
10
5.1365275590551178
20
-2.3145984251968503
11
5.1286535433070863
21
-2.3145984251968503
0
LINE
8
BLACK
6
CONTINUOUS
10
5.1286535433070863
20
-2.3145984251968503
11
5.1271469291338585
21
-2.3142987401574802
0
LINE
8
BLACK
6
CONTINUOUS
10
5.1271469291338585
20
-2.3142987401574802
11
5.1258696456692912
21
-2.3134453149606298
0
LINE
8
BLACK
6
CONTINUOUS
10
5.1258696456692912
20
-2.3134453149606298
11
5.1250162204724408
21
-2.3121680314960629
0
LINE
8
BLACK
6
CONTINUOUS
10
5.1250162204724408
20
-2.3121680314960629
11
5.1247165354330706
21
-2.3106614173228346
0
LINE
8
BLACK
6
CONTINUOUS
10
5.1247165354330706
20
-2.3106614173228346
11
5.1247165354330706
21
-2.2929448818897638
0
LINE
8
BLACK
6
CONTINUOUS
10
5.1247165354330706
20
-2.2929448818897638
11
5.1250162204724408
21
-2.2914382677165355
0
LINE
8
BLACK
6
CONTINUOUS
10
5.1250162204724408
20
-2.2914382677165355
11
5.1258696456692912
21
-2.2901609842519686
0
LINE
8
BLACK
6
CONTINUOUS
10
5.1258696456692912
20
-2.2901609842519686
11
5.1271469291338585
21
-2.2893075590551182
0
LINE
8
BLACK
6
CONTINUOUS
10
5.1271469291338585
20
-2.2893075590551182
11
5.1286535433070863
21
-2.289007874015748
0
LINE
8
BLACK
6
CONTINUOUS
10
5.1286535433070863
20
-2.289007874015748
11
5.1365275590551178
21
-2.289007874015748
0
LINE
8
BLACK
6
CONTINUOUS
10
5.1365275590551178
20
-2.289007874015748
11
5.1380341732283465
21
-2.2893075590551182
0
LINE
8
BLACK
6
CONTINUOUS
10
5.1636247244094484
20
-2.2893075590551182
11
5.1649020078740158
21
-2.2901609842519686
0
LINE
8
BLACK
6
CONTINUOUS
10
5.1649020078740158
20
-2.2901609842519686
11
5.1657554330708662
21
-2.2914382677165355
0
LINE
8
BLACK
6
CONTINUOUS
10
5.1657554330708662
20
-2.2914382677165355
11
5.1660551181102363
21
-2.2929448818897638
0
LINE
8
BLACK
6
CONTINUOUS
10
5.1660551181102363
20
-2.2929448818897638
11
5.1660551181102363
21
-2.3106614173228346
0
LINE
8
BLACK
6
CONTINUOUS
10
5.1660551181102363
20
-2.3106614173228346
11
5.1657554330708662
21
-2.3121680314960629
0
LINE
8
BLACK
6
CONTINUOUS
10
5.1657554330708662
20
-2.3121680314960629
11
5.1649020078740158
21
-2.3134453149606298
0
LINE
8
BLACK
6
CONTINUOUS
10
5.1649020078740158
20
-2.3134453149606298
11
5.1636247244094484
21
-2.3142987401574802
0
LINE
8
BLACK
6
CONTINUOUS
10
5.1636247244094484
20
-2.3142987401574802
11
5.1621181102362206
21
-2.3145984251968503
0
LINE
8
BLACK
6
CONTINUOUS
10
5.1621181102362206
20
-2.3145984251968503
11
5.1542440944881891
21
-2.3145984251968503
0
LINE
8
BLACK
6
CONTINUOUS
10
5.1542440944881891
20
-2.3145984251968503
11
5.1527374803149604
21
-2.3142987401574802
0
LINE
8
BLACK
6
CONTINUOUS
10
5.1527374803149604
20
-2.3142987401574802
11
5.1514601968503939
21
-2.3134453149606298
0
LINE
8
BLACK
6
CONTINUOUS
10
5.1514601968503939
20
-2.3134453149606298
11
5.1506067716535435
21
-2.3121680314960629
0
LINE
8
BLACK
6
CONTINUOUS
10
5.1506067716535435
20
-2.3121680314960629
11
5.1503070866141734
21
-2.3106614173228346
0
LINE
8
BLACK
6
CONTINUOUS
10
5.1503070866141734
20
-2.3106614173228346
11
5.1503070866141734
21
-2.2929448818897638
0
LINE
8
BLACK
6
CONTINUOUS
10
5.1503070866141734
20
-2.2929448818897638
11
5.1506067716535435
21
-2.2914382677165355
0
LINE
8
BLACK
6
CONTINUOUS
10
5.1506067716535435
20
-2.2914382677165355
11
5.1514601968503939
21
-2.2901609842519686
0
LINE
8
BLACK
6
CONTINUOUS
10
5.1514601968503939
20
-2.2901609842519686
11
5.1527374803149604
21
-2.2893075590551182
0
LINE
8
BLACK
6
CONTINUOUS
10
5.1527374803149604
20
-2.2893075590551182
11
5.1542440944881891
21
-2.289007874015748
0
LINE
8
BLACK
6
CONTINUOUS
10
5.1542440944881891
20
-2.289007874015748
11
5.1621181102362206
21
-2.289007874015748
0
LINE
8
BLACK
6
CONTINUOUS
10
5.1621181102362206
20
-2.289007874015748
11
5.1636247244094484
21
-2.2893075590551182
0
LINE
8
BLACK
6
CONTINUOUS
10
5.8298589370078737
20
-2.2500226771653544
11
5.8330520866141731
21
-2.2521562598425198
0
LINE
8
BLACK
6
CONTINUOUS
10
5.8330520866141731
20
-2.2521562598425198
11
5.8351856692913389
21
-2.2553494094488187
0
LINE
8
BLACK
6
CONTINUOUS
10
5.8351856692913389
20
-2.2553494094488187
11
5.8359348818897638
21
-2.2591159842519684
0
LINE
8
BLACK
6
CONTINUOUS
10
5.8359348818897638
20
-2.2591159842519684
11
5.8359348818897638
21
-2.2915962992125984
0
LINE
8
BLACK
6
CONTINUOUS
10
5.8359348818897638
20
-2.2915962992125984
11
5.8351856692913389
21
-2.2953628740157481
0
LINE
8
BLACK
6
CONTINUOUS
10
5.8351856692913389
20
-2.2953628740157481
11
5.8330520866141731
21
-2.298556023622047
0
LINE
8
BLACK
6
CONTINUOUS
10
5.8330520866141731
20
-2.298556023622047
11
5.8298589370078737
21
-2.3006896062992124
0
LINE
8
BLACK
6
CONTINUOUS
10
5.8298589370078737
20
-2.3006896062992124
11
5.826092362204724
21
-2.3014388188976378
0
LINE
8
BLACK
6
CONTINUOUS
10
5.826092362204724
20
-2.3014388188976378
11
5.7749112598425194
21
-2.3014388188976378
0
LINE
8
BLACK
6
CONTINUOUS
10
5.7749112598425194
20
-2.3014388188976378
11
5.7711446850393697
21
-2.3006896062992124
0
LINE
8
BLACK
6
CONTINUOUS
10
5.7711446850393697
20
-2.3006896062992124
11
5.7679515354330704
21
-2.298556023622047
0
LINE
8
BLACK
6
CONTINUOUS
10
5.7679515354330704
20
-2.298556023622047
11
5.7658179527559055
21
-2.2953628740157481
0
LINE
8
BLACK
6
CONTINUOUS
10
5.7658179527559055
20
-2.2953628740157481
11
5.7650687401574805
21
-2.2915962992125984
0
LINE
8
BLACK
6
CONTINUOUS
10
5.7650687401574805
20
-2.2915962992125984
11
5.7650687401574805
21
-2.2591159842519684
0
LINE
8
BLACK
6
CONTINUOUS
10
5.7650687401574805
20
-2.2591159842519684
11
5.7658179527559055
21
-2.2553494094488187
0
LINE
8
BLACK
6
CONTINUOUS
10
5.7658179527559055
20
-2.2553494094488187
11
5.7679515354330704
21
-2.2521562598425198
0
LINE
8
BLACK
6
CONTINUOUS
10
5.7679515354330704
20
-2.2521562598425198
11
5.7711446850393697
21
-2.2500226771653544
0
LINE
8
BLACK
6
CONTINUOUS
10
5.7711446850393697
20
-2.2500226771653544
11
5.7749112598425194
21
-2.249273464566929
0
LINE
8
BLACK
6
CONTINUOUS
10
5.7749112598425194
20
-2.249273464566929
11
5.826092362204724
21
-2.249273464566929
0
LINE
8
BLACK
6
CONTINUOUS
10
5.826092362204724
20
-2.249273464566929
11
5.8298589370078737
21
-2.2500226771653544
0
LINE
8
BLACK
6
CONTINUOUS
10
4.9069003543307081
20
-2.230735275590551
11
4.9081776377952755
21
-2.2315887007874013
0
LINE
8
BLACK
6
CONTINUOUS
10
4.9081776377952755
20
-2.2315887007874013
11
4.9090310629921259
21
-2.2328659842519682
0
LINE
8
BLACK
6
CONTINUOUS
10
4.9090310629921259
20
-2.2328659842519682
11
4.9093307480314961
21
-2.234372598425197
0
LINE
8
BLACK
6
CONTINUOUS
10
4.9093307480314961
20
-2.234372598425197
11
4.9093307480314961
21
-2.2520891338582678
0
LINE
8
BLACK
6
CONTINUOUS
10
4.9093307480314961
20
-2.2520891338582678
11
4.9090310629921259
21
-2.2535957480314961
0
LINE
8
BLACK
6
CONTINUOUS
10
4.9090310629921259
20
-2.2535957480314961
11
4.9081776377952755
21
-2.254873031496063
0
LINE
8
BLACK
6
CONTINUOUS
10
4.9081776377952755
20
-2.254873031496063
11
4.9069003543307081
21
-2.2557264566929134
0
LINE
8
BLACK
6
CONTINUOUS
10
4.9069003543307081
20
-2.2557264566929134
11
4.9053937401574803
21
-2.2560261417322836
0
LINE
8
BLACK
6
CONTINUOUS
10
4.9053937401574803
20
-2.2560261417322836
11
4.8975197244094488
21
-2.2560261417322836
0
LINE
8
BLACK
6
CONTINUOUS
10
4.8975197244094488
20
-2.2560261417322836
11
4.8960131102362201
21
-2.2557264566929134
0
LINE
8
BLACK
6
CONTINUOUS
10
4.8960131102362201
20
-2.2557264566929134
11
4.8947358267716536
21
-2.254873031496063
0
LINE
8
BLACK
6
CONTINUOUS
10
4.8947358267716536
20
-2.254873031496063
11
4.8938824015748033
21
-2.2535957480314961
0
LINE
8
BLACK
6
CONTINUOUS
10
4.8938824015748033
20
-2.2535957480314961
11
4.8935827165354331
21
-2.2520891338582678
0
LINE
8
BLACK
6
CONTINUOUS
10
4.8935827165354331
20
-2.2520891338582678
11
4.8935827165354331
21
-2.234372598425197
0
LINE
8
BLACK
6
CONTINUOUS
10
4.8935827165354331
20
-2.234372598425197
11
4.8938824015748033
21
-2.2328659842519682
0
LINE
8
BLACK
6
CONTINUOUS
10
4.8938824015748033
20
-2.2328659842519682
11
4.8947358267716536
21
-2.2315887007874013
0
LINE
8
BLACK
6
CONTINUOUS
10
4.8947358267716536
20
-2.2315887007874013
11
4.8960131102362201
21
-2.230735275590551
0
LINE
8
BLACK
6
CONTINUOUS
10
4.8960131102362201
20
-2.230735275590551
11
4.8975197244094488
21
-2.2304355905511812
0
LINE
8
BLACK
6
CONTINUOUS
10
4.8975197244094488
20
-2.2304355905511812
11
4.9053937401574803
21
-2.2304355905511812
0
LINE
8
BLACK
6
CONTINUOUS
10
4.9053937401574803
20
-2.2304355905511812
11
4.9069003543307081
21
-2.230735275590551
0
LINE
8
BLACK
6
CONTINUOUS
10
4.9580814566929137
20
-2.230735275590551
11
4.9593587401574801
21
-2.2315887007874013
0
LINE
8
BLACK
6
CONTINUOUS
10
4.9593587401574801
20
-2.2315887007874013
11
4.9602121653543305
21
-2.2328659842519682
0
LINE
8
BLACK
6
CONTINUOUS
10
4.9602121653543305
20
-2.2328659842519682
11
4.9605118503937007
21
-2.234372598425197
0
LINE
8
BLACK
6
CONTINUOUS
10
4.9605118503937007
20
-2.234372598425197
11
4.9605118503937007
21
-2.2520891338582678
0
LINE
8
BLACK
6
CONTINUOUS
10
4.9605118503937007
20
-2.2520891338582678
11
4.9602121653543305
21
-2.2535957480314961
0
LINE
8
BLACK
6
CONTINUOUS
10
4.9602121653543305
20
-2.2535957480314961
11
4.9593587401574801
21
-2.254873031496063
0
LINE
8
BLACK
6
CONTINUOUS
10
4.9593587401574801
20
-2.254873031496063
11
4.9580814566929137
21
-2.2557264566929134
0
LINE
8
BLACK
6
CONTINUOUS
10
4.9580814566929137
20
-2.2557264566929134
11
4.9565748425196849
21
-2.2560261417322836
0
LINE
8
BLACK
6
CONTINUOUS
10
4.9565748425196849
20
-2.2560261417322836
11
4.9487008267716535
21
-2.2560261417322836
0
LINE
8
BLACK
6
CONTINUOUS
10
4.9487008267716535
20
-2.2560261417322836
11
4.9471942125984247
21
-2.2557264566929134
0
LINE
8
BLACK
6
CONTINUOUS
10
4.9471942125984247
20
-2.2557264566929134
11
4.9459169291338583
21
-2.254873031496063
0
LINE
8
BLACK
6
CONTINUOUS
10
4.9459169291338583
20
-2.254873031496063
11
4.9450635039370079
21
-2.2535957480314961
0
LINE
8
BLACK
6
CONTINUOUS
10
4.9450635039370079
20
-2.2535957480314961
11
4.9447638188976377
21
-2.2520891338582678
0
LINE
8
BLACK
6
CONTINUOUS
10
4.9447638188976377
20
-2.2520891338582678
11
4.9447638188976377
21
-2.234372598425197
0
LINE
8
BLACK
6
CONTINUOUS
10
4.9447638188976377
20
-2.234372598425197
11
4.9450635039370079
21
-2.2328659842519682
0
LINE
8
BLACK
6
CONTINUOUS
10
4.9450635039370079
20
-2.2328659842519682
11
4.9459169291338583
21
-2.2315887007874013
0
LINE
8
BLACK
6
CONTINUOUS
10
4.9459169291338583
20
-2.2315887007874013
11
4.9471942125984247
21
-2.230735275590551
0
LINE
8
BLACK
6
CONTINUOUS
10
4.9471942125984247
20
-2.230735275590551
11
4.9487008267716535
21
-2.2304355905511812
0
LINE
8
BLACK
6
CONTINUOUS
10
4.9487008267716535
20
-2.2304355905511812
11
4.9565748425196849
21
-2.2304355905511812
0
LINE
8
BLACK
6
CONTINUOUS
10
4.9565748425196849
20
-2.2304355905511812
11
4.9580814566929137
21
-2.230735275590551
0
LINE
8
BLACK
6
CONTINUOUS
10
4.6899752362204721
20
-2.1823161417322834
11
4.6931683858267714
21
-2.1844497244094487
0
LINE
8
BLACK
6
CONTINUOUS
10
4.6931683858267714
20
-2.1844497244094487
11
4.6953019685039372
21
-2.1876428740157481
0
LINE
8
BLACK
6
CONTINUOUS
10
4.6953019685039372
20
-2.1876428740157481
11
4.6960511811023622
21
-2.1914094488188978
0
LINE
8
BLACK
6
CONTINUOUS
10
4.6960511811023622
20
-2.1914094488188978
11
4.6960511811023622
21
-2.2425905511811024
0
LINE
8
BLACK
6
CONTINUOUS
10
4.6960511811023622
20
-2.2425905511811024
11
4.6953019685039372
21
-2.2463571259842521
0
LINE
8
BLACK
6
CONTINUOUS
10
4.6953019685039372
20
-2.2463571259842521
11
4.6931683858267714
21
-2.249550275590551
0
LINE
8
BLACK
6
CONTINUOUS
10
4.6931683858267714
20
-2.249550275590551
11
4.6899752362204721
21
-2.2516838582677163
0
LINE
8
BLACK
6
CONTINUOUS
10
4.6899752362204721
20
-2.2516838582677163
11
4.6862086614173224
21
-2.2524330708661418
0
LINE
8
BLACK
6
CONTINUOUS
10
4.6862086614173224
20
-2.2524330708661418
11
4.6537283464566928
21
-2.2524330708661418
0
LINE
8
BLACK
6
CONTINUOUS
10
4.6537283464566928
20
-2.2524330708661418
11
4.6499617716535431
21
-2.2516838582677163
0
LINE
8
BLACK
6
CONTINUOUS
10
4.6499617716535431
20
-2.2516838582677163
11
4.6467686220472437
21
-2.249550275590551
0
LINE
8
BLACK
6
CONTINUOUS
10
4.6467686220472437
20
-2.249550275590551
11
4.6446350393700788
21
-2.2463571259842521
0
LINE
8
BLACK
6
CONTINUOUS
10
4.6446350393700788
20
-2.2463571259842521
11
4.6438858267716538
21
-2.2425905511811024
0
LINE
8
BLACK
6
CONTINUOUS
10
4.6438858267716538
20
-2.2425905511811024
11
4.6438858267716538
21
-2.1914094488188978
0
LINE
8
BLACK
6
CONTINUOUS
10
4.6438858267716538
20
-2.1914094488188978
11
4.6446350393700788
21
-2.1876428740157481
0
LINE
8
BLACK
6
CONTINUOUS
10
4.6446350393700788
20
-2.1876428740157481
11
4.6467686220472437
21
-2.1844497244094487
0
LINE
8
BLACK
6
CONTINUOUS
10
4.6467686220472437
20
-2.1844497244094487
11
4.6499617716535431
21
-2.1823161417322834
0
LINE
8
BLACK
6
CONTINUOUS
10
4.6499617716535431
20
-2.1823161417322834
11
4.6537283464566928
21
-2.1815669291338584
0
LINE
8
BLACK
6
CONTINUOUS
10
4.6537283464566928
20
-2.1815669291338584
11
4.6862086614173224
21
-2.1815669291338584
0
LINE
8
BLACK
6
CONTINUOUS
10
4.6862086614173224
20
-2.1815669291338584
11
4.6899752362204721
21
-2.1823161417322834
0
LINE
8
BLACK
6
CONTINUOUS
10
4.8130067322834647
20
-2.1823161417322834
11
4.816199881889764
21
-2.1844497244094487
0
LINE
8
BLACK
6
CONTINUOUS
10
4.816199881889764
20
-2.1844497244094487
11
4.8183334645669289
21
-2.1876428740157481
0
LINE
8
BLACK
6
CONTINUOUS
10
4.8183334645669289
20
-2.1876428740157481
11
4.8190826771653539
21
-2.1914094488188978
0
LINE
8
BLACK
6
CONTINUOUS
10
4.8190826771653539
20
-2.1914094488188978
11
4.8190826771653539
21
-2.2425905511811024
0
LINE
8
BLACK
6
CONTINUOUS
10
4.8190826771653539
20
-2.2425905511811024
11
4.8183334645669289
21
-2.2463571259842521
0
LINE
8
BLACK
6
CONTINUOUS
10
4.8183334645669289
20
-2.2463571259842521
11
4.816199881889764
21
-2.249550275590551
0
LINE
8
BLACK
6
CONTINUOUS
10
4.816199881889764
20
-2.249550275590551
11
4.8130067322834647
21
-2.2516838582677163
0
LINE
8
BLACK
6
CONTINUOUS
10
4.8130067322834647
20
-2.2516838582677163
11
4.809240157480315
21
-2.2524330708661418
0
LINE
8
BLACK
6
CONTINUOUS
10
4.809240157480315
20
-2.2524330708661418
11
4.7767598425196853
21
-2.2524330708661418
0
LINE
8
BLACK
6
CONTINUOUS
10
4.7767598425196853
20
-2.2524330708661418
11
4.7729932677165356
21
-2.2516838582677163
0
LINE
8
BLACK
6
CONTINUOUS
10
4.7729932677165356
20
-2.2516838582677163
11
4.7698001181102363
21
-2.249550275590551
0
LINE
8
BLACK
6
CONTINUOUS
10
4.7698001181102363
20
-2.249550275590551
11
4.7676665354330705
21
-2.2463571259842521
0
LINE
8
BLACK
6
CONTINUOUS
10
4.7676665354330705
20
-2.2463571259842521
11
4.7669173228346455
21
-2.2425905511811024
0
LINE
8
BLACK
6
CONTINUOUS
10
4.7669173228346455
20
-2.2425905511811024
11
4.7669173228346455
21
-2.1914094488188978
0
LINE
8
BLACK
6
CONTINUOUS
10
4.7669173228346455
20
-2.1914094488188978
11
4.7676665354330705
21
-2.1876428740157481
0
LINE
8
BLACK
6
CONTINUOUS
10
4.7676665354330705
20
-2.1876428740157481
11
4.7698001181102363
21
-2.1844497244094487
0
LINE
8
BLACK
6
CONTINUOUS
10
4.7698001181102363
20
-2.1844497244094487
11
4.7729932677165356
21
-2.1823161417322834
0
LINE
8
BLACK
6
CONTINUOUS
10
4.7729932677165356
20
-2.1823161417322834
11
4.7767598425196853
21
-2.1815669291338584
0
LINE
8
BLACK
6
CONTINUOUS
10
4.7767598425196853
20
-2.1815669291338584
11
4.809240157480315
21
-2.1815669291338584
0
LINE
8
BLACK
6
CONTINUOUS
10
4.809240157480315
20
-2.1815669291338584
11
4.8130067322834647
21
-2.1823161417322834
0
LINE
8
BLACK
6
CONTINUOUS
10
5.3169752362204727
20
-2.1743161417322834
11
5.3201683858267712
21
-2.1764497244094487
0
LINE
8
BLACK
6
CONTINUOUS
10
5.3201683858267712
20
-2.1764497244094487
11
5.322301968503937
21
-2.1796428740157481
0
LINE
8
BLACK
6
CONTINUOUS
10
5.322301968503937
20
-2.1796428740157481
11
5.323051181102362
21
-2.1834094488188978
0
LINE
8
BLACK
6
CONTINUOUS
10
5.323051181102362
20
-2.1834094488188978
11
5.323051181102362
21
-2.2345905511811024
0
LINE
8
BLACK
6
CONTINUOUS
10
5.323051181102362
20
-2.2345905511811024
11
5.322301968503937
21
-2.2383571259842521
0
LINE
8
BLACK
6
CONTINUOUS
10
5.322301968503937
20
-2.2383571259842521
11
5.3201683858267712
21
-2.241550275590551
0
LINE
8
BLACK
6
CONTINUOUS
10
5.3201683858267712
20
-2.241550275590551
11
5.3169752362204727
21
-2.2436838582677163
0
LINE
8
BLACK
6
CONTINUOUS
10
5.3169752362204727
20
-2.2436838582677163
11
5.3132086614173231
21
-2.2444330708661417
0
LINE
8
BLACK
6
CONTINUOUS
10
5.3132086614173231
20
-2.2444330708661417
11
5.2807283464566925
21
-2.2444330708661417
0
LINE
8
BLACK
6
CONTINUOUS
10
5.2807283464566925
20
-2.2444330708661417
11
5.2769617716535429
21
-2.2436838582677163
0
LINE
8
BLACK
6
CONTINUOUS
10
5.2769617716535429
20
-2.2436838582677163
11
5.2737686220472444
21
-2.241550275590551
0
LINE
8
BLACK
6
CONTINUOUS
10
5.2737686220472444
20
-2.241550275590551
11
5.2716350393700786
21
-2.2383571259842521
0
LINE
8
BLACK
6
CONTINUOUS
10
5.2716350393700786
20
-2.2383571259842521
11
5.2708858267716536
21
-2.2345905511811024
0
LINE
8
BLACK
6
CONTINUOUS
10
5.2708858267716536
20
-2.2345905511811024
11
5.2708858267716536
21
-2.1834094488188978
0
LINE
8
BLACK
6
CONTINUOUS
10
5.2708858267716536
20
-2.1834094488188978
11
5.2716350393700786
21
-2.1796428740157481
0
LINE
8
BLACK
6
CONTINUOUS
10
5.2716350393700786
20
-2.1796428740157481
11
5.2737686220472444
21
-2.1764497244094487
0
LINE
8
BLACK
6
CONTINUOUS
10
5.2737686220472444
20
-2.1764497244094487
11
5.2769617716535429
21
-2.1743161417322834
0
LINE
8
BLACK
6
CONTINUOUS
10
5.2769617716535429
20
-2.1743161417322834
11
5.2807283464566925
21
-2.1735669291338584
0
LINE
8
BLACK
6
CONTINUOUS
10
5.2807283464566925
20
-2.1735669291338584
11
5.3132086614173231
21
-2.1735669291338584
0
LINE
8
BLACK
6
CONTINUOUS
10
5.3132086614173231
20
-2.1735669291338584
11
5.3169752362204727
21
-2.1743161417322834
0
LINE
8
BLACK
6
CONTINUOUS
10
5.4400067322834644
20
-2.1743161417322834
11
5.4431998818897638
21
-2.1764497244094487
0
LINE
8
BLACK
6
CONTINUOUS
10
5.4431998818897638
20
-2.1764497244094487
11
5.4453334645669287
21
-2.1796428740157481
0
LINE
8
BLACK
6
CONTINUOUS
10
5.4453334645669287
20
-2.1796428740157481
11
5.4460826771653545
21
-2.1834094488188978
0
LINE
8
BLACK
6
CONTINUOUS
10
5.4460826771653545
20
-2.1834094488188978
11
5.4460826771653545
21
-2.2345905511811024
0
LINE
8
BLACK
6
CONTINUOUS
10
5.4460826771653545
20
-2.2345905511811024
11
5.4453334645669287
21
-2.2383571259842521
0
LINE
8
BLACK
6
CONTINUOUS
10
5.4453334645669287
20
-2.2383571259842521
11
5.4431998818897638
21
-2.241550275590551
0
LINE
8
BLACK
6
CONTINUOUS
10
5.4431998818897638
20
-2.241550275590551
11
5.4400067322834644
21
-2.2436838582677163
0
LINE
8
BLACK
6
CONTINUOUS
10
5.4400067322834644
20
-2.2436838582677163
11
5.4362401574803147
21
-2.2444330708661417
0
LINE
8
BLACK
6
CONTINUOUS
10
5.4362401574803147
20
-2.2444330708661417
11
5.4037598425196851
21
-2.2444330708661417
0
LINE
8
BLACK
6
CONTINUOUS
10
5.4037598425196851
20
-2.2444330708661417
11
5.3999932677165354
21
-2.2436838582677163
0
LINE
8
BLACK
6
CONTINUOUS
10
5.3999932677165354
20
-2.2436838582677163
11
5.3968001181102361
21
-2.241550275590551
0
LINE
8
BLACK
6
CONTINUOUS
10
5.3968001181102361
20
-2.241550275590551
11
5.3946665354330712
21
-2.2383571259842521
0
LINE
8
BLACK
6
CONTINUOUS
10
5.3946665354330712
20
-2.2383571259842521
11
5.3939173228346453
21
-2.2345905511811024
0
LINE
8
BLACK
6
CONTINUOUS
10
5.3939173228346453
20
-2.2345905511811024
11
5.3939173228346453
21
-2.1834094488188978
0
LINE
8
BLACK
6
CONTINUOUS
10
5.3939173228346453
20
-2.1834094488188978
11
5.3946665354330712
21
-2.1796428740157481
0
LINE
8
BLACK
6
CONTINUOUS
10
5.3946665354330712
20
-2.1796428740157481
11
5.3968001181102361
21
-2.1764497244094487
0
LINE
8
BLACK
6
CONTINUOUS
10
5.3968001181102361
20
-2.1764497244094487
11
5.3999932677165354
21
-2.1743161417322834
0
LINE
8
BLACK
6
CONTINUOUS
10
5.3999932677165354
20
-2.1743161417322834
11
5.4037598425196851
21
-2.1735669291338584
0
LINE
8
BLACK
6
CONTINUOUS
10
5.4037598425196851
20
-2.1735669291338584
11
5.4362401574803147
21
-2.1735669291338584
0
LINE
8
BLACK
6
CONTINUOUS
10
5.4362401574803147
20
-2.1735669291338584
11
5.4400067322834644
21
-2.1743161417322834
0
LINE
8
BLACK
6
CONTINUOUS
10
5.1124436220472438
20
-2.2145044094488187
11
5.1137209055118111
21
-2.215357834645669
0
LINE
8
BLACK
6
CONTINUOUS
10
5.1137209055118111
20
-2.215357834645669
11
5.1145743307086615
21
-2.2166351181102364
0
LINE
8
BLACK
6
CONTINUOUS
10
5.1145743307086615
20
-2.2166351181102364
11
5.1148740157480317
21
-2.2181417322834647
0
LINE
8
BLACK
6
CONTINUOUS
10
5.1148740157480317
20
-2.2181417322834647
11
5.1148740157480317
21
-2.2358582677165355
0
LINE
8
BLACK
6
CONTINUOUS
10
5.1148740157480317
20
-2.2358582677165355
11
5.1145743307086615
21
-2.2373648818897638
0
LINE
8
BLACK
6
CONTINUOUS
10
5.1145743307086615
20
-2.2373648818897638
11
5.1137209055118111
21
-2.2386421653543307
0
LINE
8
BLACK
6
CONTINUOUS
10
5.1137209055118111
20
-2.2386421653543307
11
5.1124436220472438
21
-2.2394955905511811
0
LINE
8
BLACK
6
CONTINUOUS
10
5.1124436220472438
20
-2.2394955905511811
11
5.1109370078740159
21
-2.2397952755905512
0
LINE
8
BLACK
6
CONTINUOUS
10
5.1109370078740159
20
-2.2397952755905512
11
5.1030629921259845
21
-2.2397952755905512
0
LINE
8
BLACK
6
CONTINUOUS
10
5.1030629921259845
20
-2.2397952755905512
11
5.1015563779527557
21
-2.2394955905511811
0
LINE
8
BLACK
6
CONTINUOUS
10
5.1015563779527557
20
-2.2394955905511811
11
5.1002790944881893
21
-2.2386421653543307
0
LINE
8
BLACK
6
CONTINUOUS
10
5.1002790944881893
20
-2.2386421653543307
11
5.0994256692913389
21
-2.2373648818897638
0
LINE
8
BLACK
6
CONTINUOUS
10
5.0994256692913389
20
-2.2373648818897638
11
5.0991259842519687
21
-2.2358582677165355
0
LINE
8
BLACK
6
CONTINUOUS
10
5.0991259842519687
20
-2.2358582677165355
11
5.0991259842519687
21
-2.2181417322834647
0
LINE
8
BLACK
6
CONTINUOUS
10
5.0991259842519687
20
-2.2181417322834647
11
5.0994256692913389
21
-2.2166351181102364
0
LINE
8
BLACK
6
CONTINUOUS
10
5.0994256692913389
20
-2.2166351181102364
11
5.1002790944881893
21
-2.215357834645669
0
LINE
8
BLACK
6
CONTINUOUS
10
5.1002790944881893
20
-2.215357834645669
11
5.1015563779527557
21
-2.2145044094488187
0
LINE
8
BLACK
6
CONTINUOUS
10
5.1015563779527557
20
-2.2145044094488187
11
5.1030629921259845
21
-2.2142047244094489
0
LINE
8
BLACK
6
CONTINUOUS
10
5.1030629921259845
20
-2.2142047244094489
11
5.1109370078740159
21
-2.2142047244094489
0
LINE
8
BLACK
6
CONTINUOUS
10
5.1109370078740159
20
-2.2142047244094489
11
5.1124436220472438
21
-2.2145044094488187
0
LINE
8
BLACK
6
CONTINUOUS
10
5.1636247244094484
20
-2.2145044094488187
11
5.1649020078740158
21
-2.215357834645669
0
LINE
8
BLACK
6
CONTINUOUS
10
5.1649020078740158
20
-2.215357834645669
11
5.1657554330708662
21
-2.2166351181102364
0
LINE
8
BLACK
6
CONTINUOUS
10
5.1657554330708662
20
-2.2166351181102364
11
5.1660551181102363
21
-2.2181417322834647
0
LINE
8
BLACK
6
CONTINUOUS
10
5.1660551181102363
20
-2.2181417322834647
11
5.1660551181102363
21
-2.2358582677165355
0
LINE
8
BLACK
6
CONTINUOUS
10
5.1660551181102363
20
-2.2358582677165355
11
5.1657554330708662
21
-2.2373648818897638
0
LINE
8
BLACK
6
CONTINUOUS
10
5.1657554330708662
20
-2.2373648818897638
11
5.1649020078740158
21
-2.2386421653543307
0
LINE
8
BLACK
6
CONTINUOUS
10
5.1649020078740158
20
-2.2386421653543307
11
5.1636247244094484
21
-2.2394955905511811
0
LINE
8
BLACK
6
CONTINUOUS
10
5.1636247244094484
20
-2.2394955905511811
11
5.1621181102362206
21
-2.2397952755905512
0
LINE
8
BLACK
6
CONTINUOUS
10
5.1621181102362206
20
-2.2397952755905512
11
5.1542440944881891
21
-2.2397952755905512
0
LINE
8
BLACK
6
CONTINUOUS
10
5.1542440944881891
20
-2.2397952755905512
11
5.1527374803149604
21
-2.2394955905511811
0
LINE
8
BLACK
6
CONTINUOUS
10
5.1527374803149604
20
-2.2394955905511811
11
5.1514601968503939
21
-2.2386421653543307
0
LINE
8
BLACK
6
CONTINUOUS
10
5.1514601968503939
20
-2.2386421653543307
11
5.1506067716535435
21
-2.2373648818897638
0
LINE
8
BLACK
6
CONTINUOUS
10
5.1506067716535435
20
-2.2373648818897638
11
5.1503070866141734
21
-2.2358582677165355
0
LINE
8
BLACK
6
CONTINUOUS
10
5.1503070866141734
20
-2.2358582677165355
11
5.1503070866141734
21
-2.2181417322834647
0
LINE
8
BLACK
6
CONTINUOUS
10
5.1503070866141734
20
-2.2181417322834647
11
5.1506067716535435
21
-2.2166351181102364
0
LINE
8
BLACK
6
CONTINUOUS
10
5.1506067716535435
20
-2.2166351181102364
11
5.1514601968503939
21
-2.215357834645669
0
LINE
8
BLACK
6
CONTINUOUS
10
5.1514601968503939
20
-2.215357834645669
11
5.1527374803149604
21
-2.2145044094488187
0
LINE
8
BLACK
6
CONTINUOUS
10
5.1527374803149604
20
-2.2145044094488187
11
5.1542440944881891
21
-2.2142047244094489
0
LINE
8
BLACK
6
CONTINUOUS
10
5.1542440944881891
20
-2.2142047244094489
11
5.1621181102362206
21
-2.2142047244094489
0
LINE
8
BLACK
6
CONTINUOUS
10
5.1621181102362206
20
-2.2142047244094489
11
5.1636247244094484
21
-2.2145044094488187
0
LINE
8
BLACK
6
CONTINUOUS
10
5.5490827165354331
20
-2.2015594094488189
11
5.5500406692913389
21
-2.2021994881889762
0
LINE
8
BLACK
6
CONTINUOUS
10
5.5500406692913389
20
-2.2021994881889762
11
5.5506807480314961
21
-2.203157440944882
0
LINE
8
BLACK
6
CONTINUOUS
10
5.5506807480314961
20
-2.203157440944882
11
5.5509055118110231
21
-2.2042874015748031
0
LINE
8
BLACK
6
CONTINUOUS
10
5.5509055118110231
20
-2.2042874015748031
11
5.5509055118110231
21
-2.2328307086614174
0
LINE
8
BLACK
6
CONTINUOUS
10
5.5509055118110231
20
-2.2328307086614174
11
5.5506807480314961
21
-2.2339606692913385
0
LINE
8
BLACK
6
CONTINUOUS
10
5.5506807480314961
20
-2.2339606692913385
11
5.5500406692913389
21
-2.2349186220472439
0
LINE
8
BLACK
6
CONTINUOUS
10
5.5500406692913389
20
-2.2349186220472439
11
5.5490827165354331
21
-2.2355587007874016
0
LINE
8
BLACK
6
CONTINUOUS
10
5.5490827165354331
20
-2.2355587007874016
11
5.547952755905512
21
-2.235783464566929
0
LINE
8
BLACK
6
CONTINUOUS
10
5.547952755905512
20
-2.235783464566929
11
5.5420472440944879
21
-2.235783464566929
0
LINE
8
BLACK
6
CONTINUOUS
10
5.5420472440944879
20
-2.235783464566929
11
5.5409172834645668
21
-2.2355587007874016
0
LINE
8
BLACK
6
CONTINUOUS
10
5.5409172834645668
20
-2.2355587007874016
11
5.539959330708661
21
-2.2349186220472439
0
LINE
8
BLACK
6
CONTINUOUS
10
5.539959330708661
20
-2.2349186220472439
11
5.5393192519685037
21
-2.2339606692913385
0
LINE
8
BLACK
6
CONTINUOUS
10
5.5393192519685037
20
-2.2339606692913385
11
5.5390944881889759
21
-2.2328307086614174
0
LINE
8
BLACK
6
CONTINUOUS
10
5.5390944881889759
20
-2.2328307086614174
11
5.5390944881889759
21
-2.2042874015748031
0
LINE
8
BLACK
6
CONTINUOUS
10
5.5390944881889759
20
-2.2042874015748031
11
5.5393192519685037
21
-2.203157440944882
0
LINE
8
BLACK
6
CONTINUOUS
10
5.5393192519685037
20
-2.203157440944882
11
5.539959330708661
21
-2.2021994881889762
0
LINE
8
BLACK
6
CONTINUOUS
10
5.539959330708661
20
-2.2021994881889762
11
5.5409172834645668
21
-2.2015594094488189
0
LINE
8
BLACK
6
CONTINUOUS
10
5.5409172834645668
20
-2.2015594094488189
11
5.5420472440944879
21
-2.2013346456692915
0
LINE
8
BLACK
6
CONTINUOUS
10
5.5420472440944879
20
-2.2013346456692915
11
5.547952755905512
21
-2.2013346456692915
0
LINE
8
BLACK
6
CONTINUOUS
10
5.547952755905512
20
-2.2013346456692915
11
5.5490827165354331
21
-2.2015594094488189
0
LINE
8
BLACK
6
CONTINUOUS
10
5.580578779527559
20
-2.2015594094488189
11
5.5815367322834648
21
-2.2021994881889762
0
LINE
8
BLACK
6
CONTINUOUS
10
5.5815367322834648
20
-2.2021994881889762
11
5.5821768110236221
21
-2.203157440944882
0
LINE
8
BLACK
6
CONTINUOUS
10
5.5821768110236221
20
-2.203157440944882
11
5.5824015748031499
21
-2.2042874015748031
0
LINE
8
BLACK
6
CONTINUOUS
10
5.5824015748031499
20
-2.2042874015748031
11
5.5824015748031499
21
-2.2328307086614174
0
LINE
8
BLACK
6
CONTINUOUS
10
5.5824015748031499
20
-2.2328307086614174
11
5.5821768110236221
21
-2.2339606692913385
0
LINE
8
BLACK
6
CONTINUOUS
10
5.5821768110236221
20
-2.2339606692913385
11
5.5815367322834648
21
-2.2349186220472439
0
LINE
8
BLACK
6
CONTINUOUS
10
5.5815367322834648
20
-2.2349186220472439
11
5.580578779527559
21
-2.2355587007874016
0
LINE
8
BLACK
6
CONTINUOUS
10
5.580578779527559
20
-2.2355587007874016
11
5.5794488188976379
21
-2.235783464566929
0
LINE
8
BLACK
6
CONTINUOUS
10
5.5794488188976379
20
-2.235783464566929
11
5.5735433070866138
21
-2.235783464566929
0
LINE
8
BLACK
6
CONTINUOUS
10
5.5735433070866138
20
-2.235783464566929
11
5.5724133464566927
21
-2.2355587007874016
0
LINE
8
BLACK
6
CONTINUOUS
10
5.5724133464566927
20
-2.2355587007874016
11
5.5714553937007869
21
-2.2349186220472439
0
LINE
8
BLACK
6
CONTINUOUS
10
5.5714553937007869
20
-2.2349186220472439
11
5.5708153149606296
21
-2.2339606692913385
0
LINE
8
BLACK
6
CONTINUOUS
10
5.5708153149606296
20
-2.2339606692913385
11
5.5705905511811018
21
-2.2328307086614174
0
LINE
8
BLACK
6
CONTINUOUS
10
5.5705905511811018
20
-2.2328307086614174
11
5.5705905511811018
21
-2.2042874015748031
0
LINE
8
BLACK
6
CONTINUOUS
10
5.5705905511811018
20
-2.2042874015748031
11
5.5708153149606296
21
-2.203157440944882
0
LINE
8
BLACK
6
CONTINUOUS
10
5.5708153149606296
20
-2.203157440944882
11
5.5714553937007869
21
-2.2021994881889762
0
LINE
8
BLACK
6
CONTINUOUS
10
5.5714553937007869
20
-2.2021994881889762
11
5.5724133464566927
21
-2.2015594094488189
0
LINE
8
BLACK
6
CONTINUOUS
10
5.5724133464566927
20
-2.2015594094488189
11
5.5735433070866138
21
-2.2013346456692915
0
LINE
8
BLACK
6
CONTINUOUS
10
5.5735433070866138
20
-2.2013346456692915
11
5.5794488188976379
21
-2.2013346456692915
0
LINE
8
BLACK
6
CONTINUOUS
10
5.5794488188976379
20
-2.2013346456692915
11
5.580578779527559
21
-2.2015594094488189
0
LINE
8
BLACK
6
CONTINUOUS
10
5.6120748425196849
20
-2.2015594094488189
11
5.6130327952755907
21
-2.2021994881889762
0
LINE
8
BLACK
6
CONTINUOUS
10
5.6130327952755907
20
-2.2021994881889762
11
5.613672874015748
21
-2.203157440944882
0
LINE
8
BLACK
6
CONTINUOUS
10
5.613672874015748
20
-2.203157440944882
11
5.6138976377952758
21
-2.2042874015748031
0
LINE
8
BLACK
6
CONTINUOUS
10
5.6138976377952758
20
-2.2042874015748031
11
5.6138976377952758
21
-2.2328307086614174
0
LINE
8
BLACK
6
CONTINUOUS
10
5.6138976377952758
20
-2.2328307086614174
11
5.613672874015748
21
-2.2339606692913385
0
LINE
8
BLACK
6
CONTINUOUS
10
5.613672874015748
20
-2.2339606692913385
11
5.6130327952755907
21
-2.2349186220472439
0
LINE
8
BLACK
6
CONTINUOUS
10
5.6130327952755907
20
-2.2349186220472439
11
5.6120748425196849
21
-2.2355587007874016
0
LINE
8
BLACK
6
CONTINUOUS
10
5.6120748425196849
20
-2.2355587007874016
11
5.6109448818897638
21
-2.235783464566929
0
LINE
8
BLACK
6
CONTINUOUS
10
5.6109448818897638
20
-2.235783464566929
11
5.6050393700787398
21
-2.235783464566929
0
LINE
8
BLACK
6
CONTINUOUS
10
5.6050393700787398
20
-2.235783464566929
11
5.6039094094488187
21
-2.2355587007874016
0
LINE
8
BLACK
6
CONTINUOUS
10
5.6039094094488187
20
-2.2355587007874016
11
5.6029514566929128
21
-2.2349186220472439
0
LINE
8
BLACK
6
CONTINUOUS
10
5.6029514566929128
20
-2.2349186220472439
11
5.6023113779527556
21
-2.2339606692913385
0
LINE
8
BLACK
6
CONTINUOUS
10
5.6023113779527556
20
-2.2339606692913385
11
5.6020866141732286
21
-2.2328307086614174
0
LINE
8
BLACK
6
CONTINUOUS
10
5.6020866141732286
20
-2.2328307086614174
11
5.6020866141732286
21
-2.2042874015748031
0
LINE
8
BLACK
6
CONTINUOUS
10
5.6020866141732286
20
-2.2042874015748031
11
5.6023113779527556
21
-2.203157440944882
0
LINE
8
BLACK
6
CONTINUOUS
10
5.6023113779527556
20
-2.203157440944882
11
5.6029514566929128
21
-2.2021994881889762
0
LINE
8
BLACK
6
CONTINUOUS
10
5.6029514566929128
20
-2.2021994881889762
11
5.6039094094488187
21
-2.2015594094488189
0
LINE
8
BLACK
6
CONTINUOUS
10
5.6039094094488187
20
-2.2015594094488189
11
5.6050393700787398
21
-2.2013346456692915
0
LINE
8
BLACK
6
CONTINUOUS
10
5.6050393700787398
20
-2.2013346456692915
11
5.6109448818897638
21
-2.2013346456692915
0
LINE
8
BLACK
6
CONTINUOUS
10
5.6109448818897638
20
-2.2013346456692915
11
5.6120748425196849
21
-2.2015594094488189
0
LINE
8
BLACK
6
CONTINUOUS
10
5.6435709055118108
20
-2.2015594094488189
11
5.6445288582677167
21
-2.2021994881889762
0
LINE
8
BLACK
6
CONTINUOUS
10
5.6445288582677167
20
-2.2021994881889762
11
5.6451689370078739
21
-2.203157440944882
0
LINE
8
BLACK
6
CONTINUOUS
10
5.6451689370078739
20
-2.203157440944882
11
5.6453937007874018
21
-2.2042874015748031
0
LINE
8
BLACK
6
CONTINUOUS
10
5.6453937007874018
20
-2.2042874015748031
11
5.6453937007874018
21
-2.2328307086614174
0
LINE
8
BLACK
6
CONTINUOUS
10
5.6453937007874018
20
-2.2328307086614174
11
5.6451689370078739
21
-2.2339606692913385
0
LINE
8
BLACK
6
CONTINUOUS
10
5.6451689370078739
20
-2.2339606692913385
11
5.6445288582677167
21
-2.2349186220472439
0
LINE
8
BLACK
6
CONTINUOUS
10
5.6445288582677167
20
-2.2349186220472439
11
5.6435709055118108
21
-2.2355587007874016
0
LINE
8
BLACK
6
CONTINUOUS
10
5.6435709055118108
20
-2.2355587007874016
11
5.6424409448818897
21
-2.235783464566929
0
LINE
8
BLACK
6
CONTINUOUS
10
5.6424409448818897
20
-2.235783464566929
11
5.6365354330708657
21
-2.235783464566929
0
LINE
8
BLACK
6
CONTINUOUS
10
5.6365354330708657
20
-2.235783464566929
11
5.6354054724409446
21
-2.2355587007874016
0
LINE
8
BLACK
6
CONTINUOUS
10
5.6354054724409446
20
-2.2355587007874016
11
5.6344475196850397
21
-2.2349186220472439
0
LINE
8
BLACK
6
CONTINUOUS
10
5.6344475196850397
20
-2.2349186220472439
11
5.6338074409448815
21
-2.2339606692913385
0
LINE
8
BLACK
6
CONTINUOUS
10
5.6338074409448815
20
-2.2339606692913385
11
5.6335826771653545
21
-2.2328307086614174
0
LINE
8
BLACK
6
CONTINUOUS
10
5.6335826771653545
20
-2.2328307086614174
11
5.6335826771653545
21
-2.2042874015748031
0
LINE
8
BLACK
6
CONTINUOUS
10
5.6335826771653545
20
-2.2042874015748031
11
5.6338074409448815
21
-2.203157440944882
0
LINE
8
BLACK
6
CONTINUOUS
10
5.6338074409448815
20
-2.203157440944882
11
5.6344475196850397
21
-2.2021994881889762
0
LINE
8
BLACK
6
CONTINUOUS
10
5.6344475196850397
20
-2.2021994881889762
11
5.6354054724409446
21
-2.2015594094488189
0
LINE
8
BLACK
6
CONTINUOUS
10
5.6354054724409446
20
-2.2015594094488189
11
5.6365354330708657
21
-2.2013346456692915
0
LINE
8
BLACK
6
CONTINUOUS
10
5.6365354330708657
20
-2.2013346456692915
11
5.6424409448818897
21
-2.2013346456692915
0
LINE
8
BLACK
6
CONTINUOUS
10
5.6424409448818897
20
-2.2013346456692915
11
5.6435709055118108
21
-2.2015594094488189
0
LINE
8
BLACK
6
CONTINUOUS
10
5.5804594881889766
20
-2.1479499999999998
11
5.5836526377952751
21
-2.1500835826771652
0
LINE
8
BLACK
6
CONTINUOUS
10
5.5836526377952751
20
-2.1500835826771652
11
5.5857862204724409
21
-2.1532767322834645
0
LINE
8
BLACK
6
CONTINUOUS
10
5.5857862204724409
20
-2.1532767322834645
11
5.5865354330708659
21
-2.1570433070866142
0
LINE
8
BLACK
6
CONTINUOUS
10
5.5865354330708659
20
-2.1570433070866142
11
5.5865354330708659
21
-2.1786968503937008
0
LINE
8
BLACK
6
CONTINUOUS
10
5.5865354330708659
20
-2.1786968503937008
11
5.5857862204724409
21
-2.1824634251968504
0
LINE
8
BLACK
6
CONTINUOUS
10
5.5857862204724409
20
-2.1824634251968504
11
5.5836526377952751
21
-2.1856565748031493
0
LINE
8
BLACK
6
CONTINUOUS
10
5.5836526377952751
20
-2.1856565748031493
11
5.5804594881889766
21
-2.1877901574803147
0
LINE
8
BLACK
6
CONTINUOUS
10
5.5804594881889766
20
-2.1877901574803147
11
5.576692913385827
21
-2.1885393700787401
0
LINE
8
BLACK
6
CONTINUOUS
10
5.576692913385827
20
-2.1885393700787401
11
5.5487401574803146
21
-2.1885393700787401
0
LINE
8
BLACK
6
CONTINUOUS
10
5.5487401574803146
20
-2.1885393700787401
11
5.5449735826771649
21
-2.1877901574803147
0
LINE
8
BLACK
6
CONTINUOUS
10
5.5449735826771649
20
-2.1877901574803147
11
5.5417804330708664
21
-2.1856565748031493
0
LINE
8
BLACK
6
CONTINUOUS
10
5.5417804330708664
20
-2.1856565748031493
11
5.5396468503937006
21
-2.1824634251968504
0
LINE
8
BLACK
6
CONTINUOUS
10
5.5396468503937006
20
-2.1824634251968504
11
5.5388976377952757
21
-2.1786968503937008
0
LINE
8
BLACK
6
CONTINUOUS
10
5.5388976377952757
20
-2.1786968503937008
11
5.5388976377952757
21
-2.1570433070866142
0
LINE
8
BLACK
6
CONTINUOUS
10
5.5388976377952757
20
-2.1570433070866142
11
5.5396468503937006
21
-2.1532767322834645
0
LINE
8
BLACK
6
CONTINUOUS
10
5.5396468503937006
20
-2.1532767322834645
11
5.5417804330708664
21
-2.1500835826771652
0
LINE
8
BLACK
6
CONTINUOUS
10
5.5417804330708664
20
-2.1500835826771652
11
5.5449735826771649
21
-2.1479499999999998
0
LINE
8
BLACK
6
CONTINUOUS
10
5.5449735826771649
20
-2.1479499999999998
11
5.5487401574803146
21
-2.1472007874015748
0
LINE
8
BLACK
6
CONTINUOUS
10
5.5487401574803146
20
-2.1472007874015748
11
5.576692913385827
21
-2.1472007874015748
0
LINE
8
BLACK
6
CONTINUOUS
10
5.576692913385827
20
-2.1472007874015748
11
5.5804594881889766
21
-2.1479499999999998
0
LINE
8
BLACK
6
CONTINUOUS
10
5.6395146062992128
20
-2.1479499999999998
11
5.6427077559055121
21
-2.1500835826771652
0
LINE
8
BLACK
6
CONTINUOUS
10
5.6427077559055121
20
-2.1500835826771652
11
5.644841338582677
21
-2.1532767322834645
0
LINE
8
BLACK
6
CONTINUOUS
10
5.644841338582677
20
-2.1532767322834645
11
5.645590551181102
21
-2.1570433070866142
0
LINE
8
BLACK
6
CONTINUOUS
10
5.645590551181102
20
-2.1570433070866142
11
5.645590551181102
21
-2.1786968503937008
0
LINE
8
BLACK
6
CONTINUOUS
10
5.645590551181102
20
-2.1786968503937008
11
5.644841338582677
21
-2.1824634251968504
0
LINE
8
BLACK
6
CONTINUOUS
10
5.644841338582677
20
-2.1824634251968504
11
5.6427077559055121
21
-2.1856565748031493
0
LINE
8
BLACK
6
CONTINUOUS
10
5.6427077559055121
20
-2.1856565748031493
11
5.6395146062992128
21
-2.1877901574803147
0
LINE
8
BLACK
6
CONTINUOUS
10
5.6395146062992128
20
-2.1877901574803147
11
5.6357480314960631
21
-2.1885393700787401
0
LINE
8
BLACK
6
CONTINUOUS
10
5.6357480314960631
20
-2.1885393700787401
11
5.6077952755905507
21
-2.1885393700787401
0
LINE
8
BLACK
6
CONTINUOUS
10
5.6077952755905507
20
-2.1885393700787401
11
5.604028700787401
21
-2.1877901574803147
0
LINE
8
BLACK
6
CONTINUOUS
10
5.604028700787401
20
-2.1877901574803147
11
5.6008355511811025
21
-2.1856565748031493
0
LINE
8
BLACK
6
CONTINUOUS
10
5.6008355511811025
20
-2.1856565748031493
11
5.5987019685039368
21
-2.1824634251968504
0
LINE
8
BLACK
6
CONTINUOUS
10
5.5987019685039368
20
-2.1824634251968504
11
5.5979527559055118
21
-2.1786968503937008
0
LINE
8
BLACK
6
CONTINUOUS
10
5.5979527559055118
20
-2.1786968503937008
11
5.5979527559055118
21
-2.1570433070866142
0
LINE
8
BLACK
6
CONTINUOUS
10
5.5979527559055118
20
-2.1570433070866142
11
5.5987019685039368
21
-2.1532767322834645
0
LINE
8
BLACK
6
CONTINUOUS
10
5.5987019685039368
20
-2.1532767322834645
11
5.6008355511811025
21
-2.1500835826771652
0
LINE
8
BLACK
6
CONTINUOUS
10
5.6008355511811025
20
-2.1500835826771652
11
5.604028700787401
21
-2.1479499999999998
0
LINE
8
BLACK
6
CONTINUOUS
10
5.604028700787401
20
-2.1479499999999998
11
5.6077952755905507
21
-2.1472007874015748
0
LINE
8
BLACK
6
CONTINUOUS
10
5.6077952755905507
20
-2.1472007874015748
11
5.6357480314960631
21
-2.1472007874015748
0
LINE
8
BLACK
6
CONTINUOUS
10
5.6357480314960631
20
-2.1472007874015748
11
5.6395146062992128
21
-2.1479499999999998
0
LINE
8
BLACK
6
CONTINUOUS
10
4.4760827165354327
20
-2.144559409448819
11
4.4770406692913385
21
-2.1451994881889762
0
LINE
8
BLACK
6
CONTINUOUS
10
4.4770406692913385
20
-2.1451994881889762
11
4.4776807480314957
21
-2.146157440944882
0
LINE
8
BLACK
6
CONTINUOUS
10
4.4776807480314957
20
-2.146157440944882
11
4.4779055118110236
21
-2.1472874015748031
0
LINE
8
BLACK
6
CONTINUOUS
10
4.4779055118110236
20
-2.1472874015748031
11
4.4779055118110236
21
-2.1758307086614175
0
LINE
8
BLACK
6
CONTINUOUS
10
4.4779055118110236
20
-2.1758307086614175
11
4.4776807480314957
21
-2.1769606692913386
0
LINE
8
BLACK
6
CONTINUOUS
10
4.4776807480314957
20
-2.1769606692913386
11
4.4770406692913385
21
-2.177918622047244
0
LINE
8
BLACK
6
CONTINUOUS
10
4.4770406692913385
20
-2.177918622047244
11
4.4760827165354327
21
-2.1785587007874017
0
LINE
8
BLACK
6
CONTINUOUS
10
4.4760827165354327
20
-2.1785587007874017
11
4.4749527559055116
21
-2.1787834645669291
0
LINE
8
BLACK
6
CONTINUOUS
10
4.4749527559055116
20
-2.1787834645669291
11
4.4690472440944884
21
-2.1787834645669291
0
LINE
8
BLACK
6
CONTINUOUS
10
4.4690472440944884
20
-2.1787834645669291
11
4.4679172834645664
21
-2.1785587007874017
0
LINE
8
BLACK
6
CONTINUOUS
10
4.4679172834645664
20
-2.1785587007874017
11
4.4669593307086615
21
-2.177918622047244
0
LINE
8
BLACK
6
CONTINUOUS
10
4.4669593307086615
20
-2.177918622047244
11
4.4663192519685042
21
-2.1769606692913386
0
LINE
8
BLACK
6
CONTINUOUS
10
4.4663192519685042
20
-2.1769606692913386
11
4.4660944881889764
21
-2.1758307086614175
0
LINE
8
BLACK
6
CONTINUOUS
10
4.4660944881889764
20
-2.1758307086614175
11
4.4660944881889764
21
-2.1472874015748031
0
LINE
8
BLACK
6
CONTINUOUS
10
4.4660944881889764
20
-2.1472874015748031
11
4.4663192519685042
21
-2.146157440944882
0
LINE
8
BLACK
6
CONTINUOUS
10
4.4663192519685042
20
-2.146157440944882
11
4.4669593307086615
21
-2.1451994881889762
0
LINE
8
BLACK
6
CONTINUOUS
10
4.4669593307086615
20
-2.1451994881889762
11
4.4679172834645664
21
-2.144559409448819
0
LINE
8
BLACK
6
CONTINUOUS
10
4.4679172834645664
20
-2.144559409448819
11
4.4690472440944884
21
-2.1443346456692911
0
LINE
8
BLACK
6
CONTINUOUS
10
4.4690472440944884
20
-2.1443346456692911
11
4.4749527559055116
21
-2.1443346456692911
0
LINE
8
BLACK
6
CONTINUOUS
10
4.4749527559055116
20
-2.1443346456692911
11
4.4760827165354327
21
-2.144559409448819
0
LINE
8
BLACK
6
CONTINUOUS
10
4.5075787795275586
20
-2.144559409448819
11
4.5085367322834644
21
-2.1451994881889762
0
LINE
8
BLACK
6
CONTINUOUS
10
4.5085367322834644
20
-2.1451994881889762
11
4.5091768110236217
21
-2.146157440944882
0
LINE
8
BLACK
6
CONTINUOUS
10
4.5091768110236217
20
-2.146157440944882
11
4.5094015748031495
21
-2.1472874015748031
0
LINE
8
BLACK
6
CONTINUOUS
10
4.5094015748031495
20
-2.1472874015748031
11
4.5094015748031495
21
-2.1758307086614175
0
LINE
8
BLACK
6
CONTINUOUS
10
4.5094015748031495
20
-2.1758307086614175
11
4.5091768110236217
21
-2.1769606692913386
0
LINE
8
BLACK
6
CONTINUOUS
10
4.5091768110236217
20
-2.1769606692913386
11
4.5085367322834644
21
-2.177918622047244
0
LINE
8
BLACK
6
CONTINUOUS
10
4.5085367322834644
20
-2.177918622047244
11
4.5075787795275586
21
-2.1785587007874017
0
LINE
8
BLACK
6
CONTINUOUS
10
4.5075787795275586
20
-2.1785587007874017
11
4.5064488188976375
21
-2.1787834645669291
0
LINE
8
BLACK
6
CONTINUOUS
10
4.5064488188976375
20
-2.1787834645669291
11
4.5005433070866143
21
-2.1787834645669291
0
LINE
8
BLACK
6
CONTINUOUS
10
4.5005433070866143
20
-2.1787834645669291
11
4.4994133464566932
21
-2.1785587007874017
0
LINE
8
BLACK
6
CONTINUOUS
10
4.4994133464566932
20
-2.1785587007874017
11
4.4984553937007874
21
-2.177918622047244
0
LINE
8
BLACK
6
CONTINUOUS
10
4.4984553937007874
20
-2.177918622047244
11
4.4978153149606301
21
-2.1769606692913386
0
LINE
8
BLACK
6
CONTINUOUS
10
4.4978153149606301
20
-2.1769606692913386
11
4.4975905511811023
21
-2.1758307086614175
0
LINE
8
BLACK
6
CONTINUOUS
10
4.4975905511811023
20
-2.1758307086614175
11
4.4975905511811023
21
-2.1472874015748031
0
LINE
8
BLACK
6
CONTINUOUS
10
4.4975905511811023
20
-2.1472874015748031
11
4.4978153149606301
21
-2.146157440944882
0
LINE
8
BLACK
6
CONTINUOUS
10
4.4978153149606301
20
-2.146157440944882
11
4.4984553937007874
21
-2.1451994881889762
0
LINE
8
BLACK
6
CONTINUOUS
10
4.4984553937007874
20
-2.1451994881889762
11
4.4994133464566932
21
-2.144559409448819
0
LINE
8
BLACK
6
CONTINUOUS
10
4.4994133464566932
20
-2.144559409448819
11
4.5005433070866143
21
-2.1443346456692911
0
LINE
8
BLACK
6
CONTINUOUS
10
4.5005433070866143
20
-2.1443346456692911
11
4.5064488188976375
21
-2.1443346456692911
0
LINE
8
BLACK
6
CONTINUOUS
10
4.5064488188976375
20
-2.1443346456692911
11
4.5075787795275586
21
-2.144559409448819
0
LINE
8
BLACK
6
CONTINUOUS
10
4.5390748425196845
20
-2.144559409448819
11
4.5400327952755903
21
-2.1451994881889762
0
LINE
8
BLACK
6
CONTINUOUS
10
4.5400327952755903
20
-2.1451994881889762
11
4.5406728740157476
21
-2.146157440944882
0
LINE
8
BLACK
6
CONTINUOUS
10
4.5406728740157476
20
-2.146157440944882
11
4.5408976377952754
21
-2.1472874015748031
0
LINE
8
BLACK
6
CONTINUOUS
10
4.5408976377952754
20
-2.1472874015748031
11
4.5408976377952754
21
-2.1758307086614175
0
LINE
8
BLACK
6
CONTINUOUS
10
4.5408976377952754
20
-2.1758307086614175
11
4.5406728740157476
21
-2.1769606692913386
0
LINE
8
BLACK
6
CONTINUOUS
10
4.5406728740157476
20
-2.1769606692913386
11
4.5400327952755903
21
-2.177918622047244
0
LINE
8
BLACK
6
CONTINUOUS
10
4.5400327952755903
20
-2.177918622047244
11
4.5390748425196845
21
-2.1785587007874017
0
LINE
8
BLACK
6
CONTINUOUS
10
4.5390748425196845
20
-2.1785587007874017
11
4.5379448818897634
21
-2.1787834645669291
0
LINE
8
BLACK
6
CONTINUOUS
10
4.5379448818897634
20
-2.1787834645669291
11
4.5320393700787402
21
-2.1787834645669291
0
LINE
8
BLACK
6
CONTINUOUS
10
4.5320393700787402
20
-2.1787834645669291
11
4.5309094094488191
21
-2.1785587007874017
0
LINE
8
BLACK
6
CONTINUOUS
10
4.5309094094488191
20
-2.1785587007874017
11
4.5299514566929133
21
-2.177918622047244
0
LINE
8
BLACK
6
CONTINUOUS
10
4.5299514566929133
20
-2.177918622047244
11
4.5293113779527561
21
-2.1769606692913386
0
LINE
8
BLACK
6
CONTINUOUS
10
4.5293113779527561
20
-2.1769606692913386
11
4.5290866141732282
21
-2.1758307086614175
0
LINE
8
BLACK
6
CONTINUOUS
10
4.5290866141732282
20
-2.1758307086614175
11
4.5290866141732282
21
-2.1472874015748031
0
LINE
8
BLACK
6
CONTINUOUS
10
4.5290866141732282
20
-2.1472874015748031
11
4.5293113779527561
21
-2.146157440944882
0
LINE
8
BLACK
6
CONTINUOUS
10
4.5293113779527561
20
-2.146157440944882
11
4.5299514566929133
21
-2.1451994881889762
0
LINE
8
BLACK
6
CONTINUOUS
10
4.5299514566929133
20
-2.1451994881889762
11
4.5309094094488191
21
-2.144559409448819
0
LINE
8
BLACK
6
CONTINUOUS
10
4.5309094094488191
20
-2.144559409448819
11
4.5320393700787402
21
-2.1443346456692911
0
LINE
8
BLACK
6
CONTINUOUS
10
4.5320393700787402
20
-2.1443346456692911
11
4.5379448818897634
21
-2.1443346456692911
0
LINE
8
BLACK
6
CONTINUOUS
10
4.5379448818897634
20
-2.1443346456692911
11
4.5390748425196845
21
-2.144559409448819
0
LINE
8
BLACK
6
CONTINUOUS
10
4.5705709055118113
20
-2.144559409448819
11
4.5715288582677163
21
-2.1451994881889762
0
LINE
8
BLACK
6
CONTINUOUS
10
4.5715288582677163
20
-2.1451994881889762
11
4.5721689370078735
21
-2.146157440944882
0
LINE
8
BLACK
6
CONTINUOUS
10
4.5721689370078735
20
-2.146157440944882
11
4.5723937007874014
21
-2.1472874015748031
0
LINE
8
BLACK
6
CONTINUOUS
10
4.5723937007874014
20
-2.1472874015748031
11
4.5723937007874014
21
-2.1758307086614175
0
LINE
8
BLACK
6
CONTINUOUS
10
4.5723937007874014
20
-2.1758307086614175
11
4.5721689370078735
21
-2.1769606692913386
0
LINE
8
BLACK
6
CONTINUOUS
10
4.5721689370078735
20
-2.1769606692913386
11
4.5715288582677163
21
-2.177918622047244
0
LINE
8
BLACK
6
CONTINUOUS
10
4.5715288582677163
20
-2.177918622047244
11
4.5705709055118113
21
-2.1785587007874017
0
LINE
8
BLACK
6
CONTINUOUS
10
4.5705709055118113
20
-2.1785587007874017
11
4.5694409448818893
21
-2.1787834645669291
0
LINE
8
BLACK
6
CONTINUOUS
10
4.5694409448818893
20
-2.1787834645669291
11
4.5635354330708662
21
-2.1787834645669291
0
LINE
8
BLACK
6
CONTINUOUS
10
4.5635354330708662
20
-2.1787834645669291
11
4.5624054724409451
21
-2.1785587007874017
0
LINE
8
BLACK
6
CONTINUOUS
10
4.5624054724409451
20
-2.1785587007874017
11
4.5614475196850393
21
-2.177918622047244
0
LINE
8
BLACK
6
CONTINUOUS
10
4.5614475196850393
20
-2.177918622047244
11
4.560807440944882
21
-2.1769606692913386
0
LINE
8
BLACK
6
CONTINUOUS
10
4.560807440944882
20
-2.1769606692913386
11
4.5605826771653541
21
-2.1758307086614175
0
LINE
8
BLACK
6
CONTINUOUS
10
4.5605826771653541
20
-2.1758307086614175
11
4.5605826771653541
21
-2.1472874015748031
0
LINE
8
BLACK
6
CONTINUOUS
10
4.5605826771653541
20
-2.1472874015748031
11
4.560807440944882
21
-2.146157440944882
0
LINE
8
BLACK
6
CONTINUOUS
10
4.560807440944882
20
-2.146157440944882
11
4.5614475196850393
21
-2.1451994881889762
0
LINE
8
BLACK
6
CONTINUOUS
10
4.5614475196850393
20
-2.1451994881889762
11
4.5624054724409451
21
-2.144559409448819
0
LINE
8
BLACK
6
CONTINUOUS
10
4.5624054724409451
20
-2.144559409448819
11
4.5635354330708662
21
-2.1443346456692911
0
LINE
8
BLACK
6
CONTINUOUS
10
4.5635354330708662
20
-2.1443346456692911
11
4.5694409448818893
21
-2.1443346456692911
0
LINE
8
BLACK
6
CONTINUOUS
10
4.5694409448818893
20
-2.1443346456692911
11
4.5705709055118113
21
-2.144559409448819
0
LINE
8
BLACK
6
CONTINUOUS
10
4.9069266535433069
20
-2.1348985826771654
11
4.9094811417322832
21
-2.1366054724409449
0
LINE
8
BLACK
6
CONTINUOUS
10
4.9094811417322832
20
-2.1366054724409449
11
4.9111880314960628
21
-2.1391599606299212
0
LINE
8
BLACK
6
CONTINUOUS
10
4.9111880314960628
20
-2.1391599606299212
11
4.9117874015748031
21
-2.1421732283464565
0
LINE
8
BLACK
6
CONTINUOUS
10
4.9117874015748031
20
-2.1421732283464565
11
4.9117874015748031
21
-2.1638267716535431
0
LINE
8
BLACK
6
CONTINUOUS
10
4.9117874015748031
20
-2.1638267716535431
11
4.9111880314960628
21
-2.1668400393700789
0
LINE
8
BLACK
6
CONTINUOUS
10
4.9111880314960628
20
-2.1668400393700789
11
4.9094811417322832
21
-2.1693945275590552
0
LINE
8
BLACK
6
CONTINUOUS
10
4.9094811417322832
20
-2.1693945275590552
11
4.9069266535433069
21
-2.1711014173228347
0
LINE
8
BLACK
6
CONTINUOUS
10
4.9069266535433069
20
-2.1711014173228347
11
4.9039133858267716
21
-2.1717007874015746
0
LINE
8
BLACK
6
CONTINUOUS
10
4.9039133858267716
20
-2.1717007874015746
11
4.8881653543307086
21
-2.1717007874015746
0
LINE
8
BLACK
6
CONTINUOUS
10
4.8881653543307086
20
-2.1717007874015746
11
4.8851520866141733
21
-2.1711014173228347
0
LINE
8
BLACK
6
CONTINUOUS
10
4.8851520866141733
20
-2.1711014173228347
11
4.882597598425197
21
-2.1693945275590552
0
LINE
8
BLACK
6
CONTINUOUS
10
4.882597598425197
20
-2.1693945275590552
11
4.8808907086614175
21
-2.1668400393700789
0
LINE
8
BLACK
6
CONTINUOUS
10
4.8808907086614175
20
-2.1668400393700789
11
4.8802913385826772
21
-2.1638267716535431
0
LINE
8
BLACK
6
CONTINUOUS
10
4.8802913385826772
20
-2.1638267716535431
11
4.8802913385826772
21
-2.1421732283464565
0
LINE
8
BLACK
6
CONTINUOUS
10
4.8802913385826772
20
-2.1421732283464565
11
4.8808907086614175
21
-2.1391599606299212
0
LINE
8
BLACK
6
CONTINUOUS
10
4.8808907086614175
20
-2.1391599606299212
11
4.882597598425197
21
-2.1366054724409449
0
LINE
8
BLACK
6
CONTINUOUS
10
4.882597598425197
20
-2.1366054724409449
11
4.8851520866141733
21
-2.1348985826771654
0
LINE
8
BLACK
6
CONTINUOUS
10
4.8851520866141733
20
-2.1348985826771654
11
4.8881653543307086
21
-2.134299212598425
0
LINE
8
BLACK
6
CONTINUOUS
10
4.8881653543307086
20
-2.134299212598425
11
4.9039133858267716
21
-2.134299212598425
0
LINE
8
BLACK
6
CONTINUOUS
10
4.9039133858267716
20
-2.134299212598425
11
4.9069266535433069
21
-2.1348985826771654
0
LINE
8
BLACK
6
CONTINUOUS
10
4.9718872834645671
20
-2.1348985826771654
11
4.9744417716535434
21
-2.1366054724409449
0
LINE
8
BLACK
6
CONTINUOUS
10
4.9744417716535434
20
-2.1366054724409449
11
4.9761486614173229
21
-2.1391599606299212
0
LINE
8
BLACK
6
CONTINUOUS
10
4.9761486614173229
20
-2.1391599606299212
11
4.9767480314960633
21
-2.1421732283464565
0
LINE
8
BLACK
6
CONTINUOUS
10
4.9767480314960633
20
-2.1421732283464565
11
4.9767480314960633
21
-2.1638267716535431
0
LINE
8
BLACK
6
CONTINUOUS
10
4.9767480314960633
20
-2.1638267716535431
11
4.9761486614173229
21
-2.1668400393700789
0
LINE
8
BLACK
6
CONTINUOUS
10
4.9761486614173229
20
-2.1668400393700789
11
4.9744417716535434
21
-2.1693945275590552
0
LINE
8
BLACK
6
CONTINUOUS
10
4.9744417716535434
20
-2.1693945275590552
11
4.9718872834645671
21
-2.1711014173228347
0
LINE
8
BLACK
6
CONTINUOUS
10
4.9718872834645671
20
-2.1711014173228347
11
4.9688740157480318
21
-2.1717007874015746
0
LINE
8
BLACK
6
CONTINUOUS
10
4.9688740157480318
20
-2.1717007874015746
11
4.9531259842519688
21
-2.1717007874015746
0
LINE
8
BLACK
6
CONTINUOUS
10
4.9531259842519688
20
-2.1717007874015746
11
4.9501127165354326
21
-2.1711014173228347
0
LINE
8
BLACK
6
CONTINUOUS
10
4.9501127165354326
20
-2.1711014173228347
11
4.9475582283464563
21
-2.1693945275590552
0
LINE
8
BLACK
6
CONTINUOUS
10
4.9475582283464563
20
-2.1693945275590552
11
4.9458513385826768
21
-2.1668400393700789
0
LINE
8
BLACK
6
CONTINUOUS
10
4.9458513385826768
20
-2.1668400393700789
11
4.9452519685039373
21
-2.1638267716535431
0
LINE
8
BLACK
6
CONTINUOUS
10
4.9452519685039373
20
-2.1638267716535431
11
4.9452519685039373
21
-2.1421732283464565
0
LINE
8
BLACK
6
CONTINUOUS
10
4.9452519685039373
20
-2.1421732283464565
11
4.9458513385826768
21
-2.1391599606299212
0
LINE
8
BLACK
6
CONTINUOUS
10
4.9458513385826768
20
-2.1391599606299212
11
4.9475582283464563
21
-2.1366054724409449
0
LINE
8
BLACK
6
CONTINUOUS
10
4.9475582283464563
20
-2.1366054724409449
11
4.9501127165354326
21
-2.1348985826771654
0
LINE
8
BLACK
6
CONTINUOUS
10
4.9501127165354326
20
-2.1348985826771654
11
4.9531259842519688
21
-2.134299212598425
0
LINE
8
BLACK
6
CONTINUOUS
10
4.9531259842519688
20
-2.134299212598425
11
4.9688740157480318
21
-2.134299212598425
0
LINE
8
BLACK
6
CONTINUOUS
10
4.9688740157480318
20
-2.134299212598425
11
4.9718872834645671
21
-2.1348985826771654
0
LINE
8
BLACK
6
CONTINUOUS
10
4.3033728740157482
20
-2.1062059842519685
11
4.3065660236220475
21
-2.1083395669291338
0
LINE
8
BLACK
6
CONTINUOUS
10
4.3065660236220475
20
-2.1083395669291338
11
4.3086996062992124
21
-2.1115327165354332
0
LINE
8
BLACK
6
CONTINUOUS
10
4.3086996062992124
20
-2.1115327165354332
11
4.3094488188976374
21
-2.1152992913385824
0
LINE
8
BLACK
6
CONTINUOUS
10
4.3094488188976374
20
-2.1152992913385824
11
4.3094488188976374
21
-2.1467953543307088
0
LINE
8
BLACK
6
CONTINUOUS
10
4.3094488188976374
20
-2.1467953543307088
11
4.3086996062992124
21
-2.150561929133858
0
LINE
8
BLACK
6
CONTINUOUS
10
4.3086996062992124
20
-2.150561929133858
11
4.3065660236220475
21
-2.1537550787401574
0
LINE
8
BLACK
6
CONTINUOUS
10
4.3065660236220475
20
-2.1537550787401574
11
4.3033728740157482
21
-2.1558886614173227
0
LINE
8
BLACK
6
CONTINUOUS
10
4.3033728740157482
20
-2.1558886614173227
11
4.2996062992125985
21
-2.1566378740157481
0
LINE
8
BLACK
6
CONTINUOUS
10
4.2996062992125985
20
-2.1566378740157481
11
4.2503937007874013
21
-2.1566378740157481
0
LINE
8
BLACK
6
CONTINUOUS
10
4.2503937007874013
20
-2.1566378740157481
11
4.2466271259842516
21
-2.1558886614173227
0
LINE
8
BLACK
6
CONTINUOUS
10
4.2466271259842516
20
-2.1558886614173227
11
4.2434339763779523
21
-2.1537550787401574
0
LINE
8
BLACK
6
CONTINUOUS
10
4.2434339763779523
20
-2.1537550787401574
11
4.2413003937007874
21
-2.150561929133858
0
LINE
8
BLACK
6
CONTINUOUS
10
4.2413003937007874
20
-2.150561929133858
11
4.2405511811023624
21
-2.1467953543307088
0
LINE
8
BLACK
6
CONTINUOUS
10
4.2405511811023624
20
-2.1467953543307088
11
4.2405511811023624
21
-2.1152992913385824
0
LINE
8
BLACK
6
CONTINUOUS
10
4.2405511811023624
20
-2.1152992913385824
11
4.2413003937007874
21
-2.1115327165354332
0
LINE
8
BLACK
6
CONTINUOUS
10
4.2413003937007874
20
-2.1115327165354332
11
4.2434339763779523
21
-2.1083395669291338
0
LINE
8
BLACK
6
CONTINUOUS
10
4.2434339763779523
20
-2.1083395669291338
11
4.2466271259842516
21
-2.1062059842519685
0
LINE
8
BLACK
6
CONTINUOUS
10
4.2466271259842516
20
-2.1062059842519685
11
4.2503937007874013
21
-2.1054567716535431
0
LINE
8
BLACK
6
CONTINUOUS
10
4.2503937007874013
20
-2.1054567716535431
11
4.2996062992125985
21
-2.1054567716535431
0
LINE
8
BLACK
6
CONTINUOUS
10
4.2996062992125985
20
-2.1054567716535431
11
4.3033728740157482
21
-2.1062059842519685
0
LINE
8
BLACK
6
CONTINUOUS
10
5.1088872834645667
20
-2.1038985826771652
11
5.111441771653543
21
-2.1056054724409448
0
LINE
8
BLACK
6
CONTINUOUS
10
5.111441771653543
20
-2.1056054724409448
11
5.1131486614173225
21
-2.1081599606299211
0
LINE
8
BLACK
6
CONTINUOUS
10
5.1131486614173225
20
-2.1081599606299211
11
5.1137480314960628
21
-2.1111732283464568
0
LINE
8
BLACK
6
CONTINUOUS
10
5.1137480314960628
20
-2.1111732283464568
11
5.1137480314960628
21
-2.1328267716535434
0
LINE
8
BLACK
6
CONTINUOUS
10
5.1137480314960628
20
-2.1328267716535434
11
5.1131486614173225
21
-2.1358400393700787
0
LINE
8
BLACK
6
CONTINUOUS
10
5.1131486614173225
20
-2.1358400393700787
11
5.111441771653543
21
-2.138394527559055
0
LINE
8
BLACK
6
CONTINUOUS
10
5.111441771653543
20
-2.138394527559055
11
5.1088872834645667
21
-2.1401014173228345
0
LINE
8
BLACK
6
CONTINUOUS
10
5.1088872834645667
20
-2.1401014173228345
11
5.1058740157480313
21
-2.1407007874015749
0
LINE
8
BLACK
6
CONTINUOUS
10
5.1058740157480313
20
-2.1407007874015749
11
5.0901259842519684
21
-2.1407007874015749
0
LINE
8
BLACK
6
CONTINUOUS
10
5.0901259842519684
20
-2.1407007874015749
11
5.0871127165354331
21
-2.1401014173228345
0
LINE
8
BLACK
6
CONTINUOUS
10
5.0871127165354331
20
-2.1401014173228345
11
5.0845582283464568
21
-2.138394527559055
0
LINE
8
BLACK
6
CONTINUOUS
10
5.0845582283464568
20
-2.138394527559055
11
5.0828513385826772
21
-2.1358400393700787
0
LINE
8
BLACK
6
CONTINUOUS
10
5.0828513385826772
20
-2.1358400393700787
11
5.0822519685039369
21
-2.1328267716535434
0
LINE
8
BLACK
6
CONTINUOUS
10
5.0822519685039369
20
-2.1328267716535434
11
5.0822519685039369
21
-2.1111732283464568
0
LINE
8
BLACK
6
CONTINUOUS
10
5.0822519685039369
20
-2.1111732283464568
11
5.0828513385826772
21
-2.1081599606299211
0
LINE
8
BLACK
6
CONTINUOUS
10
5.0828513385826772
20
-2.1081599606299211
11
5.0845582283464568
21
-2.1056054724409448
0
LINE
8
BLACK
6
CONTINUOUS
10
5.0845582283464568
20
-2.1056054724409448
11
5.0871127165354331
21
-2.1038985826771652
0
LINE
8
BLACK
6
CONTINUOUS
10
5.0871127165354331
20
-2.1038985826771652
11
5.0901259842519684
21
-2.1032992125984253
0
LINE
8
BLACK
6
CONTINUOUS
10
5.0901259842519684
20
-2.1032992125984253
11
5.1058740157480313
21
-2.1032992125984253
0
LINE
8
BLACK
6
CONTINUOUS
10
5.1058740157480313
20
-2.1032992125984253
11
5.1088872834645667
21
-2.1038985826771652
0
LINE
8
BLACK
6
CONTINUOUS
10
5.1738479133858268
20
-2.1038985826771652
11
5.1764024015748031
21
-2.1056054724409448
0
LINE
8
BLACK
6
CONTINUOUS
10
5.1764024015748031
20
-2.1056054724409448
11
5.1781092913385827
21
-2.1081599606299211
0
LINE
8
BLACK
6
CONTINUOUS
10
5.1781092913385827
20
-2.1081599606299211
11
5.178708661417323
21
-2.1111732283464568
0
LINE
8
BLACK
6
CONTINUOUS
10
5.178708661417323
20
-2.1111732283464568
11
5.178708661417323
21
-2.1328267716535434
0
LINE
8
BLACK
6
CONTINUOUS
10
5.178708661417323
20
-2.1328267716535434
11
5.1781092913385827
21
-2.1358400393700787
0
LINE
8
BLACK
6
CONTINUOUS
10
5.1781092913385827
20
-2.1358400393700787
11
5.1764024015748031
21
-2.138394527559055
0
LINE
8
BLACK
6
CONTINUOUS
10
5.1764024015748031
20
-2.138394527559055
11
5.1738479133858268
21
-2.1401014173228345
0
LINE
8
BLACK
6
CONTINUOUS
10
5.1738479133858268
20
-2.1401014173228345
11
5.1708346456692915
21
-2.1407007874015749
0
LINE
8
BLACK
6
CONTINUOUS
10
5.1708346456692915
20
-2.1407007874015749
11
5.1550866141732286
21
-2.1407007874015749
0
LINE
8
BLACK
6
CONTINUOUS
10
5.1550866141732286
20
-2.1407007874015749
11
5.1520733464566932
21
-2.1401014173228345
0
LINE
8
BLACK
6
CONTINUOUS
10
5.1520733464566932
20
-2.1401014173228345
11
5.149518858267716
21
-2.138394527559055
0
LINE
8
BLACK
6
CONTINUOUS
10
5.149518858267716
20
-2.138394527559055
11
5.1478119685039365
21
-2.1358400393700787
0
LINE
8
BLACK
6
CONTINUOUS
10
5.1478119685039365
20
-2.1358400393700787
11
5.1472125984251971
21
-2.1328267716535434
0
LINE
8
BLACK
6
CONTINUOUS
10
5.1472125984251971
20
-2.1328267716535434
11
5.1472125984251971
21
-2.1111732283464568
0
LINE
8
BLACK
6
CONTINUOUS
10
5.1472125984251971
20
-2.1111732283464568
11
5.1478119685039365
21
-2.1081599606299211
0
LINE
8
BLACK
6
CONTINUOUS
10
5.1478119685039365
20
-2.1081599606299211
11
5.149518858267716
21
-2.1056054724409448
0
LINE
8
BLACK
6
CONTINUOUS
10
5.149518858267716
20
-2.1056054724409448
11
5.1520733464566932
21
-2.1038985826771652
0
LINE
8
BLACK
6
CONTINUOUS
10
5.1520733464566932
20
-2.1038985826771652
11
5.1550866141732286
21
-2.1032992125984253
0
LINE
8
BLACK
6
CONTINUOUS
10
5.1550866141732286
20
-2.1032992125984253
11
5.1708346456692915
21
-2.1032992125984253
0
LINE
8
BLACK
6
CONTINUOUS
10
5.1708346456692915
20
-2.1032992125984253
11
5.1738479133858268
21
-2.1038985826771652
0
LINE
8
BLACK
6
CONTINUOUS
10
5.5804594881889766
20
-2.0967688976377952
11
5.5836526377952751
21
-2.0989024803149605
0
LINE
8
BLACK
6
CONTINUOUS
10
5.5836526377952751
20
-2.0989024803149605
11
5.5857862204724409
21
-2.1020956299212599
0
LINE
8
BLACK
6
CONTINUOUS
10
5.5857862204724409
20
-2.1020956299212599
11
5.5865354330708659
21
-2.1058622047244095
0
LINE
8
BLACK
6
CONTINUOUS
10
5.5865354330708659
20
-2.1058622047244095
11
5.5865354330708659
21
-2.1275157480314961
0
LINE
8
BLACK
6
CONTINUOUS
10
5.5865354330708659
20
-2.1275157480314961
11
5.5857862204724409
21
-2.1312823228346458
0
LINE
8
BLACK
6
CONTINUOUS
10
5.5857862204724409
20
-2.1312823228346458
11
5.5836526377952751
21
-2.1344754724409447
0
LINE
8
BLACK
6
CONTINUOUS
10
5.5836526377952751
20
-2.1344754724409447
11
5.5804594881889766
21
-2.1366090551181101
0
LINE
8
BLACK
6
CONTINUOUS
10
5.5804594881889766
20
-2.1366090551181101
11
5.576692913385827
21
-2.1373582677165355
0
LINE
8
BLACK
6
CONTINUOUS
10
5.576692913385827
20
-2.1373582677165355
11
5.5487401574803146
21
-2.1373582677165355
0
LINE
8
BLACK
6
CONTINUOUS
10
5.5487401574803146
20
-2.1373582677165355
11
5.5449735826771649
21
-2.1366090551181101
0
LINE
8
BLACK
6
CONTINUOUS
10
5.5449735826771649
20
-2.1366090551181101
11
5.5417804330708664
21
-2.1344754724409447
0
LINE
8
BLACK
6
CONTINUOUS
10
5.5417804330708664
20
-2.1344754724409447
11
5.5396468503937006
21
-2.1312823228346458
0
LINE
8
BLACK
6
CONTINUOUS
10
5.5396468503937006
20
-2.1312823228346458
11
5.5388976377952757
21
-2.1275157480314961
0
LINE
8
BLACK
6
CONTINUOUS
10
5.5388976377952757
20
-2.1275157480314961
11
5.5388976377952757
21
-2.1058622047244095
0
LINE
8
BLACK
6
CONTINUOUS
10
5.5388976377952757
20
-2.1058622047244095
11
5.5396468503937006
21
-2.1020956299212599
0
LINE
8
BLACK
6
CONTINUOUS
10
5.5396468503937006
20
-2.1020956299212599
11
5.5417804330708664
21
-2.0989024803149605
0
LINE
8
BLACK
6
CONTINUOUS
10
5.5417804330708664
20
-2.0989024803149605
11
5.5449735826771649
21
-2.0967688976377952
0
LINE
8
BLACK
6
CONTINUOUS
10
5.5449735826771649
20
-2.0967688976377952
11
5.5487401574803146
21
-2.0960196850393702
0
LINE
8
BLACK
6
CONTINUOUS
10
5.5487401574803146
20
-2.0960196850393702
11
5.576692913385827
21
-2.0960196850393702
0
LINE
8
BLACK
6
CONTINUOUS
10
5.576692913385827
20
-2.0960196850393702
11
5.5804594881889766
21
-2.0967688976377952
0
LINE
8
BLACK
6
CONTINUOUS
10
5.6395146062992128
20
-2.0967688976377952
11
5.6427077559055121
21
-2.0989024803149605
0
LINE
8
BLACK
6
CONTINUOUS
10
5.6427077559055121
20
-2.0989024803149605
11
5.644841338582677
21
-2.1020956299212599
0
LINE
8
BLACK
6
CONTINUOUS
10
5.644841338582677
20
-2.1020956299212599
11
5.645590551181102
21
-2.1058622047244095
0
LINE
8
BLACK
6
CONTINUOUS
10
5.645590551181102
20
-2.1058622047244095
11
5.645590551181102
21
-2.1275157480314961
0
LINE
8
BLACK
6
CONTINUOUS
10
5.645590551181102
20
-2.1275157480314961
11
5.644841338582677
21
-2.1312823228346458
0
LINE
8
BLACK
6
CONTINUOUS
10
5.644841338582677
20
-2.1312823228346458
11
5.6427077559055121
21
-2.1344754724409447
0
LINE
8
BLACK
6
CONTINUOUS
10
5.6427077559055121
20
-2.1344754724409447
11
5.6395146062992128
21
-2.1366090551181101
0
LINE
8
BLACK
6
CONTINUOUS
10
5.6395146062992128
20
-2.1366090551181101
11
5.6357480314960631
21
-2.1373582677165355
0
LINE
8
BLACK
6
CONTINUOUS
10
5.6357480314960631
20
-2.1373582677165355
11
5.6077952755905507
21
-2.1373582677165355
0
LINE
8
BLACK
6
CONTINUOUS
10
5.6077952755905507
20
-2.1373582677165355
11
5.604028700787401
21
-2.1366090551181101
0
LINE
8
BLACK
6
CONTINUOUS
10
5.604028700787401
20
-2.1366090551181101
11
5.6008355511811025
21
-2.1344754724409447
0
LINE
8
BLACK
6
CONTINUOUS
10
5.6008355511811025
20
-2.1344754724409447
11
5.5987019685039368
21
-2.1312823228346458
0
LINE
8
BLACK
6
CONTINUOUS
10
5.5987019685039368
20
-2.1312823228346458
11
5.5979527559055118
21
-2.1275157480314961
0
LINE
8
BLACK
6
CONTINUOUS
10
5.5979527559055118
20
-2.1275157480314961
11
5.5979527559055118
21
-2.1058622047244095
0
LINE
8
BLACK
6
CONTINUOUS
10
5.5979527559055118
20
-2.1058622047244095
11
5.5987019685039368
21
-2.1020956299212599
0
LINE
8
BLACK
6
CONTINUOUS
10
5.5987019685039368
20
-2.1020956299212599
11
5.6008355511811025
21
-2.0989024803149605
0
LINE
8
BLACK
6
CONTINUOUS
10
5.6008355511811025
20
-2.0989024803149605
11
5.604028700787401
21
-2.0967688976377952
0
LINE
8
BLACK
6
CONTINUOUS
10
5.604028700787401
20
-2.0967688976377952
11
5.6077952755905507
21
-2.0960196850393702
0
LINE
8
BLACK
6
CONTINUOUS
10
5.6077952755905507
20
-2.0960196850393702
11
5.6357480314960631
21
-2.0960196850393702
0
LINE
8
BLACK
6
CONTINUOUS
10
5.6357480314960631
20
-2.0960196850393702
11
5.6395146062992128
21
-2.0967688976377952
0
LINE
8
BLACK
6
CONTINUOUS
10
4.5074594881889762
20
-2.0909499999999999
11
4.5106526377952756
21
-2.0930835826771652
0
LINE
8
BLACK
6
CONTINUOUS
10
4.5106526377952756
20
-2.0930835826771652
11
4.5127862204724405
21
-2.0962767322834646
0
LINE
8
BLACK
6
CONTINUOUS
10
4.5127862204724405
20
-2.0962767322834646
11
4.5135354330708664
21
-2.1000433070866142
0
LINE
8
BLACK
6
CONTINUOUS
10
4.5135354330708664
20
-2.1000433070866142
11
4.5135354330708664
21
-2.1216968503937008
0
LINE
8
BLACK
6
CONTINUOUS
10
4.5135354330708664
20
-2.1216968503937008
11
4.5127862204724405
21
-2.1254634251968505
0
LINE
8
BLACK
6
CONTINUOUS
10
4.5127862204724405
20
-2.1254634251968505
11
4.5106526377952756
21
-2.1286565748031494
0
LINE
8
BLACK
6
CONTINUOUS
10
4.5106526377952756
20
-2.1286565748031494
11
4.5074594881889762
21
-2.1307901574803148
0
LINE
8
BLACK
6
CONTINUOUS
10
4.5074594881889762
20
-2.1307901574803148
11
4.5036929133858266
21
-2.1315393700787402
0
LINE
8
BLACK
6
CONTINUOUS
10
4.5036929133858266
20
-2.1315393700787402
11
4.4757401574803151
21
-2.1315393700787402
0
LINE
8
BLACK
6
CONTINUOUS
10
4.4757401574803151
20
-2.1315393700787402
11
4.4719735826771654
21
-2.1307901574803148
0
LINE
8
BLACK
6
CONTINUOUS
10
4.4719735826771654
20
-2.1307901574803148
11
4.468780433070866
21
-2.1286565748031494
0
LINE
8
BLACK
6
CONTINUOUS
10
4.468780433070866
20
-2.1286565748031494
11
4.4666468503937011
21
-2.1254634251968505
0
LINE
8
BLACK
6
CONTINUOUS
10
4.4666468503937011
20
-2.1254634251968505
11
4.4658976377952753
21
-2.1216968503937008
0
LINE
8
BLACK
6
CONTINUOUS
10
4.4658976377952753
20
-2.1216968503937008
11
4.4658976377952753
21
-2.1000433070866142
0
LINE
8
BLACK
6
CONTINUOUS
10
4.4658976377952753
20
-2.1000433070866142
11
4.4666468503937011
21
-2.0962767322834646
0
LINE
8
BLACK
6
CONTINUOUS
10
4.4666468503937011
20
-2.0962767322834646
11
4.468780433070866
21
-2.0930835826771652
0
LINE
8
BLACK
6
CONTINUOUS
10
4.468780433070866
20
-2.0930835826771652
11
4.4719735826771654
21
-2.0909499999999999
0
LINE
8
BLACK
6
CONTINUOUS
10
4.4719735826771654
20
-2.0909499999999999
11
4.4757401574803151
21
-2.0902007874015749
0
LINE
8
BLACK
6
CONTINUOUS
10
4.4757401574803151
20
-2.0902007874015749
11
4.5036929133858266
21
-2.0902007874015749
0
LINE
8
BLACK
6
CONTINUOUS
10
4.5036929133858266
20
-2.0902007874015749
11
4.5074594881889762
21
-2.0909499999999999
0
LINE
8
BLACK
6
CONTINUOUS
10
4.5665146062992124
20
-2.0909499999999999
11
4.5697077559055117
21
-2.0930835826771652
0
LINE
8
BLACK
6
CONTINUOUS
10
4.5697077559055117
20
-2.0930835826771652
11
4.5718413385826775
21
-2.0962767322834646
0
LINE
8
BLACK
6
CONTINUOUS
10
4.5718413385826775
20
-2.0962767322834646
11
4.5725905511811025
21
-2.1000433070866142
0
LINE
8
BLACK
6
CONTINUOUS
10
4.5725905511811025
20
-2.1000433070866142
11
4.5725905511811025
21
-2.1216968503937008
0
LINE
8
BLACK
6
CONTINUOUS
10
4.5725905511811025
20
-2.1216968503937008
11
4.5718413385826775
21
-2.1254634251968505
0
LINE
8
BLACK
6
CONTINUOUS
10
4.5718413385826775
20
-2.1254634251968505
11
4.5697077559055117
21
-2.1286565748031494
0
LINE
8
BLACK
6
CONTINUOUS
10
4.5697077559055117
20
-2.1286565748031494
11
4.5665146062992124
21
-2.1307901574803148
0
LINE
8
BLACK
6
CONTINUOUS
10
4.5665146062992124
20
-2.1307901574803148
11
4.5627480314960627
21
-2.1315393700787402
0
LINE
8
BLACK
6
CONTINUOUS
10
4.5627480314960627
20
-2.1315393700787402
11
4.5347952755905512
21
-2.1315393700787402
0
LINE
8
BLACK
6
CONTINUOUS
10
4.5347952755905512
20
-2.1315393700787402
11
4.5310287007874015
21
-2.1307901574803148
0
LINE
8
BLACK
6
CONTINUOUS
10
4.5310287007874015
20
-2.1307901574803148
11
4.5278355511811021
21
-2.1286565748031494
0
LINE
8
BLACK
6
CONTINUOUS
10
4.5278355511811021
20
-2.1286565748031494
11
4.5257019685039372
21
-2.1254634251968505
0
LINE
8
BLACK
6
CONTINUOUS
10
4.5257019685039372
20
-2.1254634251968505
11
4.5249527559055114
21
-2.1216968503937008
0
LINE
8
BLACK
6
CONTINUOUS
10
4.5249527559055114
20
-2.1216968503937008
11
4.5249527559055114
21
-2.1000433070866142
0
LINE
8
BLACK
6
CONTINUOUS
10
4.5249527559055114
20
-2.1000433070866142
11
4.5257019685039372
21
-2.0962767322834646
0
LINE
8
BLACK
6
CONTINUOUS
10
4.5257019685039372
20
-2.0962767322834646
11
4.5278355511811021
21
-2.0930835826771652
0
LINE
8
BLACK
6
CONTINUOUS
10
4.5278355511811021
20
-2.0930835826771652
11
4.5310287007874015
21
-2.0909499999999999
0
LINE
8
BLACK
6
CONTINUOUS
10
4.5310287007874015
20
-2.0909499999999999
11
4.5347952755905512
21
-2.0902007874015749
0
LINE
8
BLACK
6
CONTINUOUS
10
4.5347952755905512
20
-2.0902007874015749
11
4.5627480314960627
21
-2.0902007874015749
0
LINE
8
BLACK
6
CONTINUOUS
10
4.5627480314960627
20
-2.0902007874015749
11
4.5665146062992124
21
-2.0909499999999999
0
LINE
8
BLACK
6
CONTINUOUS
10
4.7483728740157476
20
-2.0702059842519684
11
4.7515660236220469
21
-2.0723395669291338
0
LINE
8
BLACK
6
CONTINUOUS
10
4.7515660236220469
20
-2.0723395669291338
11
4.7536996062992127
21
-2.0755327165354331
0
LINE
8
BLACK
6
CONTINUOUS
10
4.7536996062992127
20
-2.0755327165354331
11
4.7544488188976377
21
-2.0792992913385828
0
LINE
8
BLACK
6
CONTINUOUS
10
4.7544488188976377
20
-2.0792992913385828
11
4.7544488188976377
21
-2.1107953543307088
0
LINE
8
BLACK
6
CONTINUOUS
10
4.7544488188976377
20
-2.1107953543307088
11
4.7536996062992127
21
-2.1145619291338584
0
LINE
8
BLACK
6
CONTINUOUS
10
4.7536996062992127
20
-2.1145619291338584
11
4.7515660236220469
21
-2.1177550787401573
0
LINE
8
BLACK
6
CONTINUOUS
10
4.7515660236220469
20
-2.1177550787401573
11
4.7483728740157476
21
-2.1198886614173227
0
LINE
8
BLACK
6
CONTINUOUS
10
4.7483728740157476
20
-2.1198886614173227
11
4.7446062992125979
21
-2.1206378740157481
0
LINE
8
BLACK
6
CONTINUOUS
10
4.7446062992125979
20
-2.1206378740157481
11
4.6953937007874016
21
-2.1206378740157481
0
LINE
8
BLACK
6
CONTINUOUS
10
4.6953937007874016
20
-2.1206378740157481
11
4.6916271259842519
21
-2.1198886614173227
0
LINE
8
BLACK
6
CONTINUOUS
10
4.6916271259842519
20
-2.1198886614173227
11
4.6884339763779526
21
-2.1177550787401573
0
LINE
8
BLACK
6
CONTINUOUS
10
4.6884339763779526
20
-2.1177550787401573
11
4.6863003937007877
21
-2.1145619291338584
0
LINE
8
BLACK
6
CONTINUOUS
10
4.6863003937007877
20
-2.1145619291338584
11
4.6855511811023618
21
-2.1107953543307088
0
LINE
8
BLACK
6
CONTINUOUS
10
4.6855511811023618
20
-2.1107953543307088
11
4.6855511811023618
21
-2.0792992913385828
0
LINE
8
BLACK
6
CONTINUOUS
10
4.6855511811023618
20
-2.0792992913385828
11
4.6863003937007877
21
-2.0755327165354331
0
LINE
8
BLACK
6
CONTINUOUS
10
4.6863003937007877
20
-2.0755327165354331
11
4.6884339763779526
21
-2.0723395669291338
0
LINE
8
BLACK
6
CONTINUOUS
10
4.6884339763779526
20
-2.0723395669291338
11
4.6916271259842519
21
-2.0702059842519684
0
LINE
8
BLACK
6
CONTINUOUS
10
4.6916271259842519
20
-2.0702059842519684
11
4.6953937007874016
21
-2.0694567716535435
0
LINE
8
BLACK
6
CONTINUOUS
10
4.6953937007874016
20
-2.0694567716535435
11
4.7446062992125979
21
-2.0694567716535435
0
LINE
8
BLACK
6
CONTINUOUS
10
4.7446062992125979
20
-2.0694567716535435
11
4.7483728740157476
21
-2.0702059842519684
0
LINE
8
BLACK
6
CONTINUOUS
10
5.2833728740157477
20
-2.0382059842519684
11
5.2865660236220471
21
-2.0403395669291338
0
LINE
8
BLACK
6
CONTINUOUS
10
5.2865660236220471
20
-2.0403395669291338
11
5.2886996062992129
21
-2.0435327165354331
0
LINE
8
BLACK
6
CONTINUOUS
10
5.2886996062992129
20
-2.0435327165354331
11
5.2894488188976378
21
-2.0472992913385828
0
LINE
8
BLACK
6
CONTINUOUS
10
5.2894488188976378
20
-2.0472992913385828
11
5.2894488188976378
21
-2.0787953543307087
0
LINE
8
BLACK
6
CONTINUOUS
10
5.2894488188976378
20
-2.0787953543307087
11
5.2886996062992129
21
-2.0825619291338584
0
LINE
8
BLACK
6
CONTINUOUS
10
5.2886996062992129
20
-2.0825619291338584
11
5.2865660236220471
21
-2.0857550787401573
0
LINE
8
BLACK
6
CONTINUOUS
10
5.2865660236220471
20
-2.0857550787401573
11
5.2833728740157477
21
-2.0878886614173227
0
LINE
8
BLACK
6
CONTINUOUS
10
5.2833728740157477
20
-2.0878886614173227
11
5.2796062992125981
21
-2.0886378740157481
0
LINE
8
BLACK
6
CONTINUOUS
10
5.2796062992125981
20
-2.0886378740157481
11
5.2303937007874017
21
-2.0886378740157481
0
LINE
8
BLACK
6
CONTINUOUS
10
5.2303937007874017
20
-2.0886378740157481
11
5.2266271259842521
21
-2.0878886614173227
0
LINE
8
BLACK
6
CONTINUOUS
10
5.2266271259842521
20
-2.0878886614173227
11
5.2234339763779527
21
-2.0857550787401573
0
LINE
8
BLACK
6
CONTINUOUS
10
5.2234339763779527
20
-2.0857550787401573
11
5.2213003937007869
21
-2.0825619291338584
0
LINE
8
BLACK
6
CONTINUOUS
10
5.2213003937007869
20
-2.0825619291338584
11
5.2205511811023619
21
-2.0787953543307087
0
LINE
8
BLACK
6
CONTINUOUS
10
5.2205511811023619
20
-2.0787953543307087
11
5.2205511811023619
21
-2.0472992913385828
0
LINE
8
BLACK
6
CONTINUOUS
10
5.2205511811023619
20
-2.0472992913385828
11
5.2213003937007869
21
-2.0435327165354331
0
LINE
8
BLACK
6
CONTINUOUS
10
5.2213003937007869
20
-2.0435327165354331
11
5.2234339763779527
21
-2.0403395669291338
0
LINE
8
BLACK
6
CONTINUOUS
10
5.2234339763779527
20
-2.0403395669291338
11
5.2266271259842521
21
-2.0382059842519684
0
LINE
8
BLACK
6
CONTINUOUS
10
5.2266271259842521
20
-2.0382059842519684
11
5.2303937007874017
21
-2.0374567716535434
0
LINE
8
BLACK
6
CONTINUOUS
10
5.2303937007874017
20
-2.0374567716535434
11
5.2796062992125981
21
-2.0374567716535434
0
LINE
8
BLACK
6
CONTINUOUS
10
5.2796062992125981
20
-2.0374567716535434
11
5.2833728740157477
21
-2.0382059842519684
0
LINE
8
BLACK
6
CONTINUOUS
10
5.5490827165354331
20
-2.0490003543307087
11
5.5500406692913389
21
-2.049640433070866
0
LINE
8
BLACK
6
CONTINUOUS
10
5.5500406692913389
20
-2.049640433070866
11
5.5506807480314961
21
-2.0505983858267718
0
LINE
8
BLACK
6
CONTINUOUS
10
5.5506807480314961
20
-2.0505983858267718
11
5.5509055118110231
21
-2.0517283464566929
0
LINE
8
BLACK
6
CONTINUOUS
10
5.5509055118110231
20
-2.0517283464566929
11
5.5509055118110231
21
-2.0802716535433072
0
LINE
8
BLACK
6
CONTINUOUS
10
5.5509055118110231
20
-2.0802716535433072
11
5.5506807480314961
21
-2.0814016141732283
0
LINE
8
BLACK
6
CONTINUOUS
10
5.5506807480314961
20
-2.0814016141732283
11
5.5500406692913389
21
-2.0823595669291337
0
LINE
8
BLACK
6
CONTINUOUS
10
5.5500406692913389
20
-2.0823595669291337
11
5.5490827165354331
21
-2.0829996456692914
0
LINE
8
BLACK
6
CONTINUOUS
10
5.5490827165354331
20
-2.0829996456692914
11
5.547952755905512
21
-2.0832244094488188
0
LINE
8
BLACK
6
CONTINUOUS
10
5.547952755905512
20
-2.0832244094488188
11
5.5420472440944879
21
-2.0832244094488188
0
LINE
8
BLACK
6
CONTINUOUS
10
5.5420472440944879
20
-2.0832244094488188
11
5.5409172834645668
21
-2.0829996456692914
0
LINE
8
BLACK
6
CONTINUOUS
10
5.5409172834645668
20
-2.0829996456692914
11
5.539959330708661
21
-2.0823595669291337
0
LINE
8
BLACK
6
CONTINUOUS
10
5.539959330708661
20
-2.0823595669291337
11
5.5393192519685037
21
-2.0814016141732283
0
LINE
8
BLACK
6
CONTINUOUS
10
5.5393192519685037
20
-2.0814016141732283
11
5.5390944881889759
21
-2.0802716535433072
0
LINE
8
BLACK
6
CONTINUOUS
10
5.5390944881889759
20
-2.0802716535433072
11
5.5390944881889759
21
-2.0517283464566929
0
LINE
8
BLACK
6
CONTINUOUS
10
5.5390944881889759
20
-2.0517283464566929
11
5.5393192519685037
21
-2.0505983858267718
0
LINE
8
BLACK
6
CONTINUOUS
10
5.5393192519685037
20
-2.0505983858267718
11
5.539959330708661
21
-2.049640433070866
0
LINE
8
BLACK
6
CONTINUOUS
10
5.539959330708661
20
-2.049640433070866
11
5.5409172834645668
21
-2.0490003543307087
0
LINE
8
BLACK
6
CONTINUOUS
10
5.5409172834645668
20
-2.0490003543307087
11
5.5420472440944879
21
-2.0487755905511809
0
LINE
8
BLACK
6
CONTINUOUS
10
5.5420472440944879
20
-2.0487755905511809
11
5.547952755905512
21
-2.0487755905511809
0
LINE
8
BLACK
6
CONTINUOUS
10
5.547952755905512
20
-2.0487755905511809
11
5.5490827165354331
21
-2.0490003543307087
0
LINE
8
BLACK
6
CONTINUOUS
10
5.580578779527559
20
-2.0490003543307087
11
5.5815367322834648
21
-2.049640433070866
0
LINE
8
BLACK
6
CONTINUOUS
10
5.5815367322834648
20
-2.049640433070866
11
5.5821768110236221
21
-2.0505983858267718
0
LINE
8
BLACK
6
CONTINUOUS
10
5.5821768110236221
20
-2.0505983858267718
11
5.5824015748031499
21
-2.0517283464566929
0
LINE
8
BLACK
6
CONTINUOUS
10
5.5824015748031499
20
-2.0517283464566929
11
5.5824015748031499
21
-2.0802716535433072
0
LINE
8
BLACK
6
CONTINUOUS
10
5.5824015748031499
20
-2.0802716535433072
11
5.5821768110236221
21
-2.0814016141732283
0
LINE
8
BLACK
6
CONTINUOUS
10
5.5821768110236221
20
-2.0814016141732283
11
5.5815367322834648
21
-2.0823595669291337
0
LINE
8
BLACK
6
CONTINUOUS
10
5.5815367322834648
20
-2.0823595669291337
11
5.580578779527559
21
-2.0829996456692914
0
LINE
8
BLACK
6
CONTINUOUS
10
5.580578779527559
20
-2.0829996456692914
11
5.5794488188976379
21
-2.0832244094488188
0
LINE
8
BLACK
6
CONTINUOUS
10
5.5794488188976379
20
-2.0832244094488188
11
5.5735433070866138
21
-2.0832244094488188
0
LINE
8
BLACK
6
CONTINUOUS
10
5.5735433070866138
20
-2.0832244094488188
11
5.5724133464566927
21
-2.0829996456692914
0
LINE
8
BLACK
6
CONTINUOUS
10
5.5724133464566927
20
-2.0829996456692914
11
5.5714553937007869
21
-2.0823595669291337
0
LINE
8
BLACK
6
CONTINUOUS
10
5.5714553937007869
20
-2.0823595669291337
11
5.5708153149606296
21
-2.0814016141732283
0
LINE
8
BLACK
6
CONTINUOUS
10
5.5708153149606296
20
-2.0814016141732283
11
5.5705905511811018
21
-2.0802716535433072
0
LINE
8
BLACK
6
CONTINUOUS
10
5.5705905511811018
20
-2.0802716535433072
11
5.5705905511811018
21
-2.0517283464566929
0
LINE
8
BLACK
6
CONTINUOUS
10
5.5705905511811018
20
-2.0517283464566929
11
5.5708153149606296
21
-2.0505983858267718
0
LINE
8
BLACK
6
CONTINUOUS
10
5.5708153149606296
20
-2.0505983858267718
11
5.5714553937007869
21
-2.049640433070866
0
LINE
8
BLACK
6
CONTINUOUS
10
5.5714553937007869
20
-2.049640433070866
11
5.5724133464566927
21
-2.0490003543307087
0
LINE
8
BLACK
6
CONTINUOUS
10
5.5724133464566927
20
-2.0490003543307087
11
5.5735433070866138
21
-2.0487755905511809
0
LINE
8
BLACK
6
CONTINUOUS
10
5.5735433070866138
20
-2.0487755905511809
11
5.5794488188976379
21
-2.0487755905511809
0
LINE
8
BLACK
6
CONTINUOUS
10
5.5794488188976379
20
-2.0487755905511809
11
5.580578779527559
21
-2.0490003543307087
0
LINE
8
BLACK
6
CONTINUOUS
10
5.6120748425196849
20
-2.0490003543307087
11
5.6130327952755907
21
-2.049640433070866
0
LINE
8
BLACK
6
CONTINUOUS
10
5.6130327952755907
20
-2.049640433070866
11
5.613672874015748
21
-2.0505983858267718
0
LINE
8
BLACK
6
CONTINUOUS
10
5.613672874015748
20
-2.0505983858267718
11
5.6138976377952758
21
-2.0517283464566929
0
LINE
8
BLACK
6
CONTINUOUS
10
5.6138976377952758
20
-2.0517283464566929
11
5.6138976377952758
21
-2.0802716535433072
0
LINE
8
BLACK
6
CONTINUOUS
10
5.6138976377952758
20
-2.0802716535433072
11
5.613672874015748
21
-2.0814016141732283
0
LINE
8
BLACK
6
CONTINUOUS
10
5.613672874015748
20
-2.0814016141732283
11
5.6130327952755907
21
-2.0823595669291337
0
LINE
8
BLACK
6
CONTINUOUS
10
5.6130327952755907
20
-2.0823595669291337
11
5.6120748425196849
21
-2.0829996456692914
0
LINE
8
BLACK
6
CONTINUOUS
10
5.6120748425196849
20
-2.0829996456692914
11
5.6109448818897638
21
-2.0832244094488188
0
LINE
8
BLACK
6
CONTINUOUS
10
5.6109448818897638
20
-2.0832244094488188
11
5.6050393700787398
21
-2.0832244094488188
0
LINE
8
BLACK
6
CONTINUOUS
10
5.6050393700787398
20
-2.0832244094488188
11
5.6039094094488187
21
-2.0829996456692914
0
LINE
8
BLACK
6
CONTINUOUS
10
5.6039094094488187
20
-2.0829996456692914
11
5.6029514566929128
21
-2.0823595669291337
0
LINE
8
BLACK
6
CONTINUOUS
10
5.6029514566929128
20
-2.0823595669291337
11
5.6023113779527556
21
-2.0814016141732283
0
LINE
8
BLACK
6
CONTINUOUS
10
5.6023113779527556
20
-2.0814016141732283
11
5.6020866141732286
21
-2.0802716535433072
0
LINE
8
BLACK
6
CONTINUOUS
10
5.6020866141732286
20
-2.0802716535433072
11
5.6020866141732286
21
-2.0517283464566929
0
LINE
8
BLACK
6
CONTINUOUS
10
5.6020866141732286
20
-2.0517283464566929
11
5.6023113779527556
21
-2.0505983858267718
0
LINE
8
BLACK
6
CONTINUOUS
10
5.6023113779527556
20
-2.0505983858267718
11
5.6029514566929128
21
-2.049640433070866
0
LINE
8
BLACK
6
CONTINUOUS
10
5.6029514566929128
20
-2.049640433070866
11
5.6039094094488187
21
-2.0490003543307087
0
LINE
8
BLACK
6
CONTINUOUS
10
5.6039094094488187
20
-2.0490003543307087
11
5.6050393700787398
21
-2.0487755905511809
0
LINE
8
BLACK
6
CONTINUOUS
10
5.6050393700787398
20
-2.0487755905511809
11
5.6109448818897638
21
-2.0487755905511809
0
LINE
8
BLACK
6
CONTINUOUS
10
5.6109448818897638
20
-2.0487755905511809
11
5.6120748425196849
21
-2.0490003543307087
0
LINE
8
BLACK
6
CONTINUOUS
10
5.6435709055118108
20
-2.0490003543307087
11
5.6445288582677167
21
-2.049640433070866
0
LINE
8
BLACK
6
CONTINUOUS
10
5.6445288582677167
20
-2.049640433070866
11
5.6451689370078739
21
-2.0505983858267718
0
LINE
8
BLACK
6
CONTINUOUS
10
5.6451689370078739
20
-2.0505983858267718
11
5.6453937007874018
21
-2.0517283464566929
0
LINE
8
BLACK
6
CONTINUOUS
10
5.6453937007874018
20
-2.0517283464566929
11
5.6453937007874018
21
-2.0802716535433072
0
LINE
8
BLACK
6
CONTINUOUS
10
5.6453937007874018
20
-2.0802716535433072
11
5.6451689370078739
21
-2.0814016141732283
0
LINE
8
BLACK
6
CONTINUOUS
10
5.6451689370078739
20
-2.0814016141732283
11
5.6445288582677167
21
-2.0823595669291337
0
LINE
8
BLACK
6
CONTINUOUS
10
5.6445288582677167
20
-2.0823595669291337
11
5.6435709055118108
21
-2.0829996456692914
0
LINE
8
BLACK
6
CONTINUOUS
10
5.6435709055118108
20
-2.0829996456692914
11
5.6424409448818897
21
-2.0832244094488188
0
LINE
8
BLACK
6
CONTINUOUS
10
5.6424409448818897
20
-2.0832244094488188
11
5.6365354330708657
21
-2.0832244094488188
0
LINE
8
BLACK
6
CONTINUOUS
10
5.6365354330708657
20
-2.0832244094488188
11
5.6354054724409446
21
-2.0829996456692914
0
LINE
8
BLACK
6
CONTINUOUS
10
5.6354054724409446
20
-2.0829996456692914
11
5.6344475196850397
21
-2.0823595669291337
0
LINE
8
BLACK
6
CONTINUOUS
10
5.6344475196850397
20
-2.0823595669291337
11
5.6338074409448815
21
-2.0814016141732283
0
LINE
8
BLACK
6
CONTINUOUS
10
5.6338074409448815
20
-2.0814016141732283
11
5.6335826771653545
21
-2.0802716535433072
0
LINE
8
BLACK
6
CONTINUOUS
10
5.6335826771653545
20
-2.0802716535433072
11
5.6335826771653545
21
-2.0517283464566929
0
LINE
8
BLACK
6
CONTINUOUS
10
5.6335826771653545
20
-2.0517283464566929
11
5.6338074409448815
21
-2.0505983858267718
0
LINE
8
BLACK
6
CONTINUOUS
10
5.6338074409448815
20
-2.0505983858267718
11
5.6344475196850397
21
-2.049640433070866
0
LINE
8
BLACK
6
CONTINUOUS
10
5.6344475196850397
20
-2.049640433070866
11
5.6354054724409446
21
-2.0490003543307087
0
LINE
8
BLACK
6
CONTINUOUS
10
5.6354054724409446
20
-2.0490003543307087
11
5.6365354330708657
21
-2.0487755905511809
0
LINE
8
BLACK
6
CONTINUOUS
10
5.6365354330708657
20
-2.0487755905511809
11
5.6424409448818897
21
-2.0487755905511809
0
LINE
8
BLACK
6
CONTINUOUS
10
5.6424409448818897
20
-2.0487755905511809
11
5.6435709055118108
21
-2.0490003543307087
0
LINE
8
BLACK
6
CONTINUOUS
10
4.5074594881889762
20
-2.0397688976377952
11
4.5106526377952756
21
-2.0419024803149606
0
LINE
8
BLACK
6
CONTINUOUS
10
4.5106526377952756
20
-2.0419024803149606
11
4.5127862204724405
21
-2.0450956299212599
0
LINE
8
BLACK
6
CONTINUOUS
10
4.5127862204724405
20
-2.0450956299212599
11
4.5135354330708664
21
-2.0488622047244096
0
LINE
8
BLACK
6
CONTINUOUS
10
4.5135354330708664
20
-2.0488622047244096
11
4.5135354330708664
21
-2.0705157480314962
0
LINE
8
BLACK
6
CONTINUOUS
10
4.5135354330708664
20
-2.0705157480314962
11
4.5127862204724405
21
-2.0742823228346454
0
LINE
8
BLACK
6
CONTINUOUS
10
4.5127862204724405
20
-2.0742823228346454
11
4.5106526377952756
21
-2.0774754724409448
0
LINE
8
BLACK
6
CONTINUOUS
10
4.5106526377952756
20
-2.0774754724409448
11
4.5074594881889762
21
-2.0796090551181101
0
LINE
8
BLACK
6
CONTINUOUS
10
4.5074594881889762
20
-2.0796090551181101
11
4.5036929133858266
21
-2.0803582677165355
0
LINE
8
BLACK
6
CONTINUOUS
10
4.5036929133858266
20
-2.0803582677165355
11
4.4757401574803151
21
-2.0803582677165355
0
LINE
8
BLACK
6
CONTINUOUS
10
4.4757401574803151
20
-2.0803582677165355
11
4.4719735826771654
21
-2.0796090551181101
0
LINE
8
BLACK
6
CONTINUOUS
10
4.4719735826771654
20
-2.0796090551181101
11
4.468780433070866
21
-2.0774754724409448
0
LINE
8
BLACK
6
CONTINUOUS
10
4.468780433070866
20
-2.0774754724409448
11
4.4666468503937011
21
-2.0742823228346454
0
LINE
8
BLACK
6
CONTINUOUS
10
4.4666468503937011
20
-2.0742823228346454
11
4.4658976377952753
21
-2.0705157480314962
0
LINE
8
BLACK
6
CONTINUOUS
10
4.4658976377952753
20
-2.0705157480314962
11
4.4658976377952753
21
-2.0488622047244096
0
LINE
8
BLACK
6
CONTINUOUS
10
4.4658976377952753
20
-2.0488622047244096
11
4.4666468503937011
21
-2.0450956299212599
0
LINE
8
BLACK
6
CONTINUOUS
10
4.4666468503937011
20
-2.0450956299212599
11
4.468780433070866
21
-2.0419024803149606
0
LINE
8
BLACK
6
CONTINUOUS
10
4.468780433070866
20
-2.0419024803149606
11
4.4719735826771654
21
-2.0397688976377952
0
LINE
8
BLACK
6
CONTINUOUS
10
4.4719735826771654
20
-2.0397688976377952
11
4.4757401574803151
21
-2.0390196850393698
0
LINE
8
BLACK
6
CONTINUOUS
10
4.4757401574803151
20
-2.0390196850393698
11
4.5036929133858266
21
-2.0390196850393698
0
LINE
8
BLACK
6
CONTINUOUS
10
4.5036929133858266
20
-2.0390196850393698
11
4.5074594881889762
21
-2.0397688976377952
0
LINE
8
BLACK
6
CONTINUOUS
10
4.5665146062992124
20
-2.0397688976377952
11
4.5697077559055117
21
-2.0419024803149606
0
LINE
8
BLACK
6
CONTINUOUS
10
4.5697077559055117
20
-2.0419024803149606
11
4.5718413385826775
21
-2.0450956299212599
0
LINE
8
BLACK
6
CONTINUOUS
10
4.5718413385826775
20
-2.0450956299212599
11
4.5725905511811025
21
-2.0488622047244096
0
LINE
8
BLACK
6
CONTINUOUS
10
4.5725905511811025
20
-2.0488622047244096
11
4.5725905511811025
21
-2.0705157480314962
0
LINE
8
BLACK
6
CONTINUOUS
10
4.5725905511811025
20
-2.0705157480314962
11
4.5718413385826775
21
-2.0742823228346454
0
LINE
8
BLACK
6
CONTINUOUS
10
4.5718413385826775
20
-2.0742823228346454
11
4.5697077559055117
21
-2.0774754724409448
0
LINE
8
BLACK
6
CONTINUOUS
10
4.5697077559055117
20
-2.0774754724409448
11
4.5665146062992124
21
-2.0796090551181101
0
LINE
8
BLACK
6
CONTINUOUS
10
4.5665146062992124
20
-2.0796090551181101
11
4.5627480314960627
21
-2.0803582677165355
0
LINE
8
BLACK
6
CONTINUOUS
10
4.5627480314960627
20
-2.0803582677165355
11
4.5347952755905512
21
-2.0803582677165355
0
LINE
8
BLACK
6
CONTINUOUS
10
4.5347952755905512
20
-2.0803582677165355
11
4.5310287007874015
21
-2.0796090551181101
0
LINE
8
BLACK
6
CONTINUOUS
10
4.5310287007874015
20
-2.0796090551181101
11
4.5278355511811021
21
-2.0774754724409448
0
LINE
8
BLACK
6
CONTINUOUS
10
4.5278355511811021
20
-2.0774754724409448
11
4.5257019685039372
21
-2.0742823228346454
0
LINE
8
BLACK
6
CONTINUOUS
10
4.5257019685039372
20
-2.0742823228346454
11
4.5249527559055114
21
-2.0705157480314962
0
LINE
8
BLACK
6
CONTINUOUS
10
4.5249527559055114
20
-2.0705157480314962
11
4.5249527559055114
21
-2.0488622047244096
0
LINE
8
BLACK
6
CONTINUOUS
10
4.5249527559055114
20
-2.0488622047244096
11
4.5257019685039372
21
-2.0450956299212599
0
LINE
8
BLACK
6
CONTINUOUS
10
4.5257019685039372
20
-2.0450956299212599
11
4.5278355511811021
21
-2.0419024803149606
0
LINE
8
BLACK
6
CONTINUOUS
10
4.5278355511811021
20
-2.0419024803149606
11
4.5310287007874015
21
-2.0397688976377952
0
LINE
8
BLACK
6
CONTINUOUS
10
4.5310287007874015
20
-2.0397688976377952
11
4.5347952755905512
21
-2.0390196850393698
0
LINE
8
BLACK
6
CONTINUOUS
10
4.5347952755905512
20
-2.0390196850393698
11
4.5627480314960627
21
-2.0390196850393698
0
LINE
8
BLACK
6
CONTINUOUS
10
4.5627480314960627
20
-2.0390196850393698
11
4.5665146062992124
21
-2.0397688976377952
0
LINE
8
BLACK
6
CONTINUOUS
10
4.8292688582677163
20
-2.0161241732283464
11
4.8323821653543302
21
-2.0182044488188975
0
LINE
8
BLACK
6
CONTINUOUS
10
4.8323821653543302
20
-2.0182044488188975
11
4.8344624409448818
21
-2.0213177559055118
0
LINE
8
BLACK
6
CONTINUOUS
10
4.8344624409448818
20
-2.0213177559055118
11
4.8351929133858267
21
-2.0249901574803149
0
LINE
8
BLACK
6
CONTINUOUS
10
4.8351929133858267
20
-2.0249901574803149
11
4.8351929133858267
21
-2.0550098425196848
0
LINE
8
BLACK
6
CONTINUOUS
10
4.8351929133858267
20
-2.0550098425196848
11
4.8344624409448818
21
-2.0586822440944883
0
LINE
8
BLACK
6
CONTINUOUS
10
4.8344624409448818
20
-2.0586822440944883
11
4.8323821653543302
21
-2.0617955511811021
0
LINE
8
BLACK
6
CONTINUOUS
10
4.8323821653543302
20
-2.0617955511811021
11
4.8292688582677163
21
-2.0638758267716537
0
LINE
8
BLACK
6
CONTINUOUS
10
4.8292688582677163
20
-2.0638758267716537
11
4.8255964566929137
21
-2.0646062992125982
0
LINE
8
BLACK
6
CONTINUOUS
10
4.8255964566929137
20
-2.0646062992125982
11
4.8064035433070869
21
-2.0646062992125982
0
LINE
8
BLACK
6
CONTINUOUS
10
4.8064035433070869
20
-2.0646062992125982
11
4.8027311417322833
21
-2.0638758267716537
0
LINE
8
BLACK
6
CONTINUOUS
10
4.8027311417322833
20
-2.0638758267716537
11
4.7996178346456695
21
-2.0617955511811021
0
LINE
8
BLACK
6
CONTINUOUS
10
4.7996178346456695
20
-2.0617955511811021
11
4.7975375590551179
21
-2.0586822440944883
0
LINE
8
BLACK
6
CONTINUOUS
10
4.7975375590551179
20
-2.0586822440944883
11
4.796807086614173
21
-2.0550098425196848
0
LINE
8
BLACK
6
CONTINUOUS
10
4.796807086614173
20
-2.0550098425196848
11
4.796807086614173
21
-2.0249901574803149
0
LINE
8
BLACK
6
CONTINUOUS
10
4.796807086614173
20
-2.0249901574803149
11
4.7975375590551179
21
-2.0213177559055118
0
LINE
8
BLACK
6
CONTINUOUS
10
4.7975375590551179
20
-2.0213177559055118
11
4.7996178346456695
21
-2.0182044488188975
0
LINE
8
BLACK
6
CONTINUOUS
10
4.7996178346456695
20
-2.0182044488188975
11
4.8027311417322833
21
-2.0161241732283464
0
LINE
8
BLACK
6
CONTINUOUS
10
4.8027311417322833
20
-2.0161241732283464
11
4.8064035433070869
21
-2.0153937007874014
0
LINE
8
BLACK
6
CONTINUOUS
10
4.8064035433070869
20
-2.0153937007874014
11
4.8255964566929137
21
-2.0153937007874014
0
LINE
8
BLACK
6
CONTINUOUS
10
4.8255964566929137
20
-2.0153937007874014
11
4.8292688582677163
21
-2.0161241732283464
0
LINE
8
BLACK
6
CONTINUOUS
10
5.4152688582677166
20
-2.0159115748031495
11
5.4183821653543305
21
-2.0179918503937007
0
LINE
8
BLACK
6
CONTINUOUS
10
5.4183821653543305
20
-2.0179918503937007
11
5.4204624409448821
21
-2.0211051574803149
0
LINE
8
BLACK
6
CONTINUOUS
10
5.4204624409448821
20
-2.0211051574803149
11
5.421192913385827
21
-2.024777559055118
0
LINE
8
BLACK
6
CONTINUOUS
10
5.421192913385827
20
-2.024777559055118
11
5.421192913385827
21
-2.0547972440944879
0
LINE
8
BLACK
6
CONTINUOUS
10
5.421192913385827
20
-2.0547972440944879
11
5.4204624409448821
21
-2.0584696456692915
0
LINE
8
BLACK
6
CONTINUOUS
10
5.4204624409448821
20
-2.0584696456692915
11
5.4183821653543305
21
-2.0615829527559053
0
LINE
8
BLACK
6
CONTINUOUS
10
5.4183821653543305
20
-2.0615829527559053
11
5.4152688582677166
21
-2.0636632283464564
0
LINE
8
BLACK
6
CONTINUOUS
10
5.4152688582677166
20
-2.0636632283464564
11
5.4115964566929131
21
-2.0643937007874014
0
LINE
8
BLACK
6
CONTINUOUS
10
5.4115964566929131
20
-2.0643937007874014
11
5.3924035433070863
21
-2.0643937007874014
0
LINE
8
BLACK
6
CONTINUOUS
10
5.3924035433070863
20
-2.0643937007874014
11
5.3887311417322836
21
-2.0636632283464564
0
LINE
8
BLACK
6
CONTINUOUS
10
5.3887311417322836
20
-2.0636632283464564
11
5.3856178346456689
21
-2.0615829527559053
0
LINE
8
BLACK
6
CONTINUOUS
10
5.3856178346456689
20
-2.0615829527559053
11
5.3835375590551182
21
-2.0584696456692915
0
LINE
8
BLACK
6
CONTINUOUS
10
5.3835375590551182
20
-2.0584696456692915
11
5.3828070866141733
21
-2.0547972440944879
0
LINE
8
BLACK
6
CONTINUOUS
10
5.3828070866141733
20
-2.0547972440944879
11
5.3828070866141733
21
-2.024777559055118
0
LINE
8
BLACK
6
CONTINUOUS
10
5.3828070866141733
20
-2.024777559055118
11
5.3835375590551182
21
-2.0211051574803149
0
LINE
8
BLACK
6
CONTINUOUS
10
5.3835375590551182
20
-2.0211051574803149
11
5.3856178346456689
21
-2.0179918503937007
0
LINE
8
BLACK
6
CONTINUOUS
10
5.3856178346456689
20
-2.0179918503937007
11
5.3887311417322836
21
-2.0159115748031495
0
LINE
8
BLACK
6
CONTINUOUS
10
5.3887311417322836
20
-2.0159115748031495
11
5.3924035433070863
21
-2.0151811023622046
0
LINE
8
BLACK
6
CONTINUOUS
10
5.3924035433070863
20
-2.0151811023622046
11
5.4115964566929131
21
-2.0151811023622046
0
LINE
8
BLACK
6
CONTINUOUS
10
5.4115964566929131
20
-2.0151811023622046
11
5.4152688582677166
21
-2.0159115748031495
0
LINE
8
BLACK
6
CONTINUOUS
10
4.9029000787401573
20
-2.0181856299212599
11
4.9056940944881893
21
-2.0200525196850392
0
LINE
8
BLACK
6
CONTINUOUS
10
4.9056940944881893
20
-2.0200525196850392
11
4.9075609842519681
21
-2.0228465354330707
0
LINE
8
BLACK
6
CONTINUOUS
10
4.9075609842519681
20
-2.0228465354330707
11
4.9082165354330707
21
-2.026142283464567
0
LINE
8
BLACK
6
CONTINUOUS
10
4.9082165354330707
20
-2.026142283464567
11
4.9082165354330707
21
-2.0463194488188976
0
LINE
8
BLACK
6
CONTINUOUS
10
4.9082165354330707
20
-2.0463194488188976
11
4.9075609842519681
21
-2.0496151968503935
0
LINE
8
BLACK
6
CONTINUOUS
10
4.9075609842519681
20
-2.0496151968503935
11
4.9056940944881893
21
-2.052409212598425
0
LINE
8
BLACK
6
CONTINUOUS
10
4.9056940944881893
20
-2.052409212598425
11
4.9029000787401573
21
-2.0542761023622047
0
LINE
8
BLACK
6
CONTINUOUS
10
4.9029000787401573
20
-2.0542761023622047
11
4.8996043307086614
21
-2.0549316535433069
0
LINE
8
BLACK
6
CONTINUOUS
10
4.8996043307086614
20
-2.0549316535433069
11
4.882379921259842
21
-2.0549316535433069
0
LINE
8
BLACK
6
CONTINUOUS
10
4.882379921259842
20
-2.0549316535433069
11
4.8790841732283461
21
-2.0542761023622047
0
LINE
8
BLACK
6
CONTINUOUS
10
4.8790841732283461
20
-2.0542761023622047
11
4.876290157480315
21
-2.052409212598425
0
LINE
8
BLACK
6
CONTINUOUS
10
4.876290157480315
20
-2.052409212598425
11
4.8744232677165353
21
-2.0496151968503935
0
LINE
8
BLACK
6
CONTINUOUS
10
4.8744232677165353
20
-2.0496151968503935
11
4.8737677165354327
21
-2.0463194488188976
0
LINE
8
BLACK
6
CONTINUOUS
10
4.8737677165354327
20
-2.0463194488188976
11
4.8737677165354327
21
-2.026142283464567
0
LINE
8
BLACK
6
CONTINUOUS
10
4.8737677165354327
20
-2.026142283464567
11
4.8744232677165353
21
-2.0228465354330707
0
LINE
8
BLACK
6
CONTINUOUS
10
4.8744232677165353
20
-2.0228465354330707
11
4.876290157480315
21
-2.0200525196850392
0
LINE
8
BLACK
6
CONTINUOUS
10
4.876290157480315
20
-2.0200525196850392
11
4.8790841732283461
21
-2.0181856299212599
0
LINE
8
BLACK
6
CONTINUOUS
10
4.8790841732283461
20
-2.0181856299212599
11
4.882379921259842
21
-2.0175300787401573
0
LINE
8
BLACK
6
CONTINUOUS
10
4.882379921259842
20
-2.0175300787401573
11
4.8996043307086614
21
-2.0175300787401573
0
LINE
8
BLACK
6
CONTINUOUS
10
4.8996043307086614
20
-2.0175300787401573
11
4.9029000787401573
21
-2.0181856299212599
0
LINE
8
BLACK
6
CONTINUOUS
10
4.9649079527559055
20
-2.0181856299212599
11
4.9677019685039365
21
-2.0200525196850392
0
LINE
8
BLACK
6
CONTINUOUS
10
4.9677019685039365
20
-2.0200525196850392
11
4.9695688582677162
21
-2.0228465354330707
0
LINE
8
BLACK
6
CONTINUOUS
10
4.9695688582677162
20
-2.0228465354330707
11
4.9702244094488188
21
-2.026142283464567
0
LINE
8
BLACK
6
CONTINUOUS
10
4.9702244094488188
20
-2.026142283464567
11
4.9702244094488188
21
-2.0463194488188976
0
LINE
8
BLACK
6
CONTINUOUS
10
4.9702244094488188
20
-2.0463194488188976
11
4.9695688582677162
21
-2.0496151968503935
0
LINE
8
BLACK
6
CONTINUOUS
10
4.9695688582677162
20
-2.0496151968503935
11
4.9677019685039365
21
-2.052409212598425
0
LINE
8
BLACK
6
CONTINUOUS
10
4.9677019685039365
20
-2.052409212598425
11
4.9649079527559055
21
-2.0542761023622047
0
LINE
8
BLACK
6
CONTINUOUS
10
4.9649079527559055
20
-2.0542761023622047
11
4.9616122047244096
21
-2.0549316535433069
0
LINE
8
BLACK
6
CONTINUOUS
10
4.9616122047244096
20
-2.0549316535433069
11
4.9443877952755901
21
-2.0549316535433069
0
LINE
8
BLACK
6
CONTINUOUS
10
4.9443877952755901
20
-2.0549316535433069
11
4.9410920472440942
21
-2.0542761023622047
0
LINE
8
BLACK
6
CONTINUOUS
10
4.9410920472440942
20
-2.0542761023622047
11
4.9382980314960632
21
-2.052409212598425
0
LINE
8
BLACK
6
CONTINUOUS
10
4.9382980314960632
20
-2.052409212598425
11
4.9364311417322835
21
-2.0496151968503935
0
LINE
8
BLACK
6
CONTINUOUS
10
4.9364311417322835
20
-2.0496151968503935
11
4.9357755905511809
21
-2.0463194488188976
0
LINE
8
BLACK
6
CONTINUOUS
10
4.9357755905511809
20
-2.0463194488188976
11
4.9357755905511809
21
-2.026142283464567
0
LINE
8
BLACK
6
CONTINUOUS
10
4.9357755905511809
20
-2.026142283464567
11
4.9364311417322835
21
-2.0228465354330707
0
LINE
8
BLACK
6
CONTINUOUS
10
4.9364311417322835
20
-2.0228465354330707
11
4.9382980314960632
21
-2.0200525196850392
0
LINE
8
BLACK
6
CONTINUOUS
10
4.9382980314960632
20
-2.0200525196850392
11
4.9410920472440942
21
-2.0181856299212599
0
LINE
8
BLACK
6
CONTINUOUS
10
4.9410920472440942
20
-2.0181856299212599
11
4.9443877952755901
21
-2.0175300787401573
0
LINE
8
BLACK
6
CONTINUOUS
10
4.9443877952755901
20
-2.0175300787401573
11
4.9616122047244096
21
-2.0175300787401573
0
LINE
8
BLACK
6
CONTINUOUS
10
4.9616122047244096
20
-2.0175300787401573
11
4.9649079527559055
21
-2.0181856299212599
0
LINE
8
BLACK
6
CONTINUOUS
10
5.1139079527559055
20
-1.9979547637795274
11
5.1167019685039365
21
-1.9998216535433071
0
LINE
8
BLACK
6
CONTINUOUS
10
5.1167019685039365
20
-1.9998216535433071
11
5.1185688582677162
21
-2.0026156692913384
0
LINE
8
BLACK
6
CONTINUOUS
10
5.1185688582677162
20
-2.0026156692913384
11
5.1192244094488188
21
-2.0059114173228347
0
LINE
8
BLACK
6
CONTINUOUS
10
5.1192244094488188
20
-2.0059114173228347
11
5.1192244094488188
21
-2.0260885826771653
0
LINE
8
BLACK
6
CONTINUOUS
10
5.1192244094488188
20
-2.0260885826771653
11
5.1185688582677162
21
-2.0293843307086612
0
LINE
8
BLACK
6
CONTINUOUS
10
5.1185688582677162
20
-2.0293843307086612
11
5.1167019685039365
21
-2.0321783464566927
0
LINE
8
BLACK
6
CONTINUOUS
10
5.1167019685039365
20
-2.0321783464566927
11
5.1139079527559055
21
-2.0340452362204724
0
LINE
8
BLACK
6
CONTINUOUS
10
5.1139079527559055
20
-2.0340452362204724
11
5.1106122047244096
21
-2.0347007874015746
0
LINE
8
BLACK
6
CONTINUOUS
10
5.1106122047244096
20
-2.0347007874015746
11
5.0933877952755902
21
-2.0347007874015746
0
LINE
8
BLACK
6
CONTINUOUS
10
5.0933877952755902
20
-2.0347007874015746
11
5.0900920472440943
21
-2.0340452362204724
0
LINE
8
BLACK
6
CONTINUOUS
10
5.0900920472440943
20
-2.0340452362204724
11
5.0872980314960632
21
-2.0321783464566927
0
LINE
8
BLACK
6
CONTINUOUS
10
5.0872980314960632
20
-2.0321783464566927
11
5.0854311417322835
21
-2.0293843307086612
0
LINE
8
BLACK
6
CONTINUOUS
10
5.0854311417322835
20
-2.0293843307086612
11
5.0847755905511809
21
-2.0260885826771653
0
LINE
8
BLACK
6
CONTINUOUS
10
5.0847755905511809
20
-2.0260885826771653
11
5.0847755905511809
21
-2.0059114173228347
0
LINE
8
BLACK
6
CONTINUOUS
10
5.0847755905511809
20
-2.0059114173228347
11
5.0854311417322835
21
-2.0026156692913384
0
LINE
8
BLACK
6
CONTINUOUS
10
5.0854311417322835
20
-2.0026156692913384
11
5.0872980314960632
21
-1.9998216535433071
0
LINE
8
BLACK
6
CONTINUOUS
10
5.0872980314960632
20
-1.9998216535433071
11
5.0900920472440943
21
-1.9979547637795274
0
LINE
8
BLACK
6
CONTINUOUS
10
5.0900920472440943
20
-1.9979547637795274
11
5.0933877952755902
21
-1.9972992125984252
0
LINE
8
BLACK
6
CONTINUOUS
10
5.0933877952755902
20
-1.9972992125984252
11
5.1106122047244096
21
-1.9972992125984252
0
LINE
8
BLACK
6
CONTINUOUS
10
5.1106122047244096
20
-1.9972992125984252
11
5.1139079527559055
21
-1.9979547637795274
0
LINE
8
BLACK
6
CONTINUOUS
10
5.1759158267716536
20
-1.9979547637795274
11
5.1787098425196847
21
-1.9998216535433071
0
LINE
8
BLACK
6
CONTINUOUS
10
5.1787098425196847
20
-1.9998216535433071
11
5.1805767322834644
21
-2.0026156692913384
0
LINE
8
BLACK
6
CONTINUOUS
10
5.1805767322834644
20
-2.0026156692913384
11
5.181232283464567
21
-2.0059114173228347
0
LINE
8
BLACK
6
CONTINUOUS
10
5.181232283464567
20
-2.0059114173228347
11
5.181232283464567
21
-2.0260885826771653
0
LINE
8
BLACK
6
CONTINUOUS
10
5.181232283464567
20
-2.0260885826771653
11
5.1805767322834644
21
-2.0293843307086612
0
LINE
8
BLACK
6
CONTINUOUS
10
5.1805767322834644
20
-2.0293843307086612
11
5.1787098425196847
21
-2.0321783464566927
0
LINE
8
BLACK
6
CONTINUOUS
10
5.1787098425196847
20
-2.0321783464566927
11
5.1759158267716536
21
-2.0340452362204724
0
LINE
8
BLACK
6
CONTINUOUS
10
5.1759158267716536
20
-2.0340452362204724
11
5.1726200787401577
21
-2.0347007874015746
0
LINE
8
BLACK
6
CONTINUOUS
10
5.1726200787401577
20
-2.0347007874015746
11
5.1553956692913383
21
-2.0347007874015746
0
LINE
8
BLACK
6
CONTINUOUS
10
5.1553956692913383
20
-2.0347007874015746
11
5.1520999212598424
21
-2.0340452362204724
0
LINE
8
BLACK
6
CONTINUOUS
10
5.1520999212598424
20
-2.0340452362204724
11
5.1493059055118113
21
-2.0321783464566927
0
LINE
8
BLACK
6
CONTINUOUS
10
5.1493059055118113
20
-2.0321783464566927
11
5.1474390157480316
21
-2.0293843307086612
0
LINE
8
BLACK
6
CONTINUOUS
10
5.1474390157480316
20
-2.0293843307086612
11
5.146783464566929
21
-2.0260885826771653
0
LINE
8
BLACK
6
CONTINUOUS
10
5.146783464566929
20
-2.0260885826771653
11
5.146783464566929
21
-2.0059114173228347
0
LINE
8
BLACK
6
CONTINUOUS
10
5.146783464566929
20
-2.0059114173228347
11
5.1474390157480316
21
-2.0026156692913384
0
LINE
8
BLACK
6
CONTINUOUS
10
5.1474390157480316
20
-2.0026156692913384
11
5.1493059055118113
21
-1.9998216535433071
0
LINE
8
BLACK
6
CONTINUOUS
10
5.1493059055118113
20
-1.9998216535433071
11
5.1520999212598424
21
-1.9979547637795274
0
LINE
8
BLACK
6
CONTINUOUS
10
5.1520999212598424
20
-1.9979547637795274
11
5.1553956692913383
21
-1.9972992125984252
0
LINE
8
BLACK
6
CONTINUOUS
10
5.1553956692913383
20
-1.9972992125984252
11
5.1726200787401577
21
-1.9972992125984252
0
LINE
8
BLACK
6
CONTINUOUS
10
5.1726200787401577
20
-1.9972992125984252
11
5.1759158267716536
21
-1.9979547637795274
0
LINE
8
BLACK
6
CONTINUOUS
10
4.3033728740157482
20
-1.9841586614173228
11
4.3065660236220475
21
-1.9862922440944881
0
LINE
8
BLACK
6
CONTINUOUS
10
4.3065660236220475
20
-1.9862922440944881
11
4.3086996062992124
21
-1.9894853937007873
0
LINE
8
BLACK
6
CONTINUOUS
10
4.3086996062992124
20
-1.9894853937007873
11
4.3094488188976374
21
-1.9932519685039369
0
LINE
8
BLACK
6
CONTINUOUS
10
4.3094488188976374
20
-1.9932519685039369
11
4.3094488188976374
21
-2.0247480314960629
0
LINE
8
BLACK
6
CONTINUOUS
10
4.3094488188976374
20
-2.0247480314960629
11
4.3086996062992124
21
-2.0285146062992125
0
LINE
8
BLACK
6
CONTINUOUS
10
4.3086996062992124
20
-2.0285146062992125
11
4.3065660236220475
21
-2.0317077559055119
0
LINE
8
BLACK
6
CONTINUOUS
10
4.3065660236220475
20
-2.0317077559055119
11
4.3033728740157482
21
-2.0338413385826772
0
LINE
8
BLACK
6
CONTINUOUS
10
4.3033728740157482
20
-2.0338413385826772
11
4.2996062992125985
21
-2.0345905511811022
0
LINE
8
BLACK
6
CONTINUOUS
10
4.2996062992125985
20
-2.0345905511811022
11
4.2503937007874013
21
-2.0345905511811022
0
LINE
8
BLACK
6
CONTINUOUS
10
4.2503937007874013
20
-2.0345905511811022
11
4.2466271259842516
21
-2.0338413385826772
0
LINE
8
BLACK
6
CONTINUOUS
10
4.2466271259842516
20
-2.0338413385826772
11
4.2434339763779523
21
-2.0317077559055119
0
LINE
8
BLACK
6
CONTINUOUS
10
4.2434339763779523
20
-2.0317077559055119
11
4.2413003937007874
21
-2.0285146062992125
0
LINE
8
BLACK
6
CONTINUOUS
10
4.2413003937007874
20
-2.0285146062992125
11
4.2405511811023624
21
-2.0247480314960629
0
LINE
8
BLACK
6
CONTINUOUS
10
4.2405511811023624
20
-2.0247480314960629
11
4.2405511811023624
21
-1.9932519685039369
0
LINE
8
BLACK
6
CONTINUOUS
10
4.2405511811023624
20
-1.9932519685039369
11
4.2413003937007874
21
-1.9894853937007873
0
LINE
8
BLACK
6
CONTINUOUS
10
4.2413003937007874
20
-1.9894853937007873
11
4.2434339763779523
21
-1.9862922440944881
0
LINE
8
BLACK
6
CONTINUOUS
10
4.2434339763779523
20
-1.9862922440944881
11
4.2466271259842516
21
-1.9841586614173228
0
LINE
8
BLACK
6
CONTINUOUS
10
4.2466271259842516
20
-1.9841586614173228
11
4.2503937007874013
21
-1.9834094488188976
0
LINE
8
BLACK
6
CONTINUOUS
10
4.2503937007874013
20
-1.9834094488188976
11
4.2996062992125985
21
-1.9834094488188976
0
LINE
8
BLACK
6
CONTINUOUS
10
4.2996062992125985
20
-1.9834094488188976
11
4.3033728740157482
21
-1.9841586614173228
0
LINE
8
BLACK
6
CONTINUOUS
10
4.4760827165354327
20
-1.9920003543307085
11
4.4770406692913385
21
-1.992640433070866
0
LINE
8
BLACK
6
CONTINUOUS
10
4.4770406692913385
20
-1.992640433070866
11
4.4776807480314957
21
-1.9935983858267716
0
LINE
8
BLACK
6
CONTINUOUS
10
4.4776807480314957
20
-1.9935983858267716
11
4.4779055118110236
21
-1.9947283464566929
0
LINE
8
BLACK
6
CONTINUOUS
10
4.4779055118110236
20
-1.9947283464566929
11
4.4779055118110236
21
-2.0232716535433068
0
LINE
8
BLACK
6
CONTINUOUS
10
4.4779055118110236
20
-2.0232716535433068
11
4.4776807480314957
21
-2.0244016141732284
0
LINE
8
BLACK
6
CONTINUOUS
10
4.4776807480314957
20
-2.0244016141732284
11
4.4770406692913385
21
-2.0253595669291338
0
LINE
8
BLACK
6
CONTINUOUS
10
4.4770406692913385
20
-2.0253595669291338
11
4.4760827165354327
21
-2.0259996456692915
0
LINE
8
BLACK
6
CONTINUOUS
10
4.4760827165354327
20
-2.0259996456692915
11
4.4749527559055116
21
-2.0262244094488189
0
LINE
8
BLACK
6
CONTINUOUS
10
4.4749527559055116
20
-2.0262244094488189
11
4.4690472440944884
21
-2.0262244094488189
0
LINE
8
BLACK
6
CONTINUOUS
10
4.4690472440944884
20
-2.0262244094488189
11
4.4679172834645664
21
-2.0259996456692915
0
LINE
8
BLACK
6
CONTINUOUS
10
4.4679172834645664
20
-2.0259996456692915
11
4.4669593307086615
21
-2.0253595669291338
0
LINE
8
BLACK
6
CONTINUOUS
10
4.4669593307086615
20
-2.0253595669291338
11
4.4663192519685042
21
-2.0244016141732284
0
LINE
8
BLACK
6
CONTINUOUS
10
4.4663192519685042
20
-2.0244016141732284
11
4.4660944881889764
21
-2.0232716535433068
0
LINE
8
BLACK
6
CONTINUOUS
10
4.4660944881889764
20
-2.0232716535433068
11
4.4660944881889764
21
-1.9947283464566929
0
LINE
8
BLACK
6
CONTINUOUS
10
4.4660944881889764
20
-1.9947283464566929
11
4.4663192519685042
21
-1.9935983858267716
0
LINE
8
BLACK
6
CONTINUOUS
10
4.4663192519685042
20
-1.9935983858267716
11
4.4669593307086615
21
-1.992640433070866
0
LINE
8
BLACK
6
CONTINUOUS
10
4.4669593307086615
20
-1.992640433070866
11
4.4679172834645664
21
-1.9920003543307085
0
LINE
8
BLACK
6
CONTINUOUS
10
4.4679172834645664
20
-1.9920003543307085
11
4.4690472440944884
21
-1.9917755905511811
0
LINE
8
BLACK
6
CONTINUOUS
10
4.4690472440944884
20
-1.9917755905511811
11
4.4749527559055116
21
-1.9917755905511811
0
LINE
8
BLACK
6
CONTINUOUS
10
4.4749527559055116
20
-1.9917755905511811
11
4.4760827165354327
21
-1.9920003543307085
0
LINE
8
BLACK
6
CONTINUOUS
10
4.5075787795275586
20
-1.9920003543307085
11
4.5085367322834644
21
-1.992640433070866
0
LINE
8
BLACK
6
CONTINUOUS
10
4.5085367322834644
20
-1.992640433070866
11
4.5091768110236217
21
-1.9935983858267716
0
LINE
8
BLACK
6
CONTINUOUS
10
4.5091768110236217
20
-1.9935983858267716
11
4.5094015748031495
21
-1.9947283464566929
0
LINE
8
BLACK
6
CONTINUOUS
10
4.5094015748031495
20
-1.9947283464566929
11
4.5094015748031495
21
-2.0232716535433068
0
LINE
8
BLACK
6
CONTINUOUS
10
4.5094015748031495
20
-2.0232716535433068
11
4.5091768110236217
21
-2.0244016141732284
0
LINE
8
BLACK
6
CONTINUOUS
10
4.5091768110236217
20
-2.0244016141732284
11
4.5085367322834644
21
-2.0253595669291338
0
LINE
8
BLACK
6
CONTINUOUS
10
4.5085367322834644
20
-2.0253595669291338
11
4.5075787795275586
21
-2.0259996456692915
0
LINE
8
BLACK
6
CONTINUOUS
10
4.5075787795275586
20
-2.0259996456692915
11
4.5064488188976375
21
-2.0262244094488189
0
LINE
8
BLACK
6
CONTINUOUS
10
4.5064488188976375
20
-2.0262244094488189
11
4.5005433070866143
21
-2.0262244094488189
0
LINE
8
BLACK
6
CONTINUOUS
10
4.5005433070866143
20
-2.0262244094488189
11
4.4994133464566932
21
-2.0259996456692915
0
LINE
8
BLACK
6
CONTINUOUS
10
4.4994133464566932
20
-2.0259996456692915
11
4.4984553937007874
21
-2.0253595669291338
0
LINE
8
BLACK
6
CONTINUOUS
10
4.4984553937007874
20
-2.0253595669291338
11
4.4978153149606301
21
-2.0244016141732284
0
LINE
8
BLACK
6
CONTINUOUS
10
4.4978153149606301
20
-2.0244016141732284
11
4.4975905511811023
21
-2.0232716535433068
0
LINE
8
BLACK
6
CONTINUOUS
10
4.4975905511811023
20
-2.0232716535433068
11
4.4975905511811023
21
-1.9947283464566929
0
LINE
8
BLACK
6
CONTINUOUS
10
4.4975905511811023
20
-1.9947283464566929
11
4.4978153149606301
21
-1.9935983858267716
0
LINE
8
BLACK
6
CONTINUOUS
10
4.4978153149606301
20
-1.9935983858267716
11
4.4984553937007874
21
-1.992640433070866
0
LINE
8
BLACK
6
CONTINUOUS
10
4.4984553937007874
20
-1.992640433070866
11
4.4994133464566932
21
-1.9920003543307085
0
LINE
8
BLACK
6
CONTINUOUS
10
4.4994133464566932
20
-1.9920003543307085
11
4.5005433070866143
21
-1.9917755905511811
0
LINE
8
BLACK
6
CONTINUOUS
10
4.5005433070866143
20
-1.9917755905511811
11
4.5064488188976375
21
-1.9917755905511811
0
LINE
8
BLACK
6
CONTINUOUS
10
4.5064488188976375
20
-1.9917755905511811
11
4.5075787795275586
21
-1.9920003543307085
0
LINE
8
BLACK
6
CONTINUOUS
10
4.5390748425196845
20
-1.9920003543307085
11
4.5400327952755903
21
-1.992640433070866
0
LINE
8
BLACK
6
CONTINUOUS
10
4.5400327952755903
20
-1.992640433070866
11
4.5406728740157476
21
-1.9935983858267716
0
LINE
8
BLACK
6
CONTINUOUS
10
4.5406728740157476
20
-1.9935983858267716
11
4.5408976377952754
21
-1.9947283464566929
0
LINE
8
BLACK
6
CONTINUOUS
10
4.5408976377952754
20
-1.9947283464566929
11
4.5408976377952754
21
-2.0232716535433068
0
LINE
8
BLACK
6
CONTINUOUS
10
4.5408976377952754
20
-2.0232716535433068
11
4.5406728740157476
21
-2.0244016141732284
0
LINE
8
BLACK
6
CONTINUOUS
10
4.5406728740157476
20
-2.0244016141732284
11
4.5400327952755903
21
-2.0253595669291338
0
LINE
8
BLACK
6
CONTINUOUS
10
4.5400327952755903
20
-2.0253595669291338
11
4.5390748425196845
21
-2.0259996456692915
0
LINE
8
BLACK
6
CONTINUOUS
10
4.5390748425196845
20
-2.0259996456692915
11
4.5379448818897634
21
-2.0262244094488189
0
LINE
8
BLACK
6
CONTINUOUS
10
4.5379448818897634
20
-2.0262244094488189
11
4.5320393700787402
21
-2.0262244094488189
0
LINE
8
BLACK
6
CONTINUOUS
10
4.5320393700787402
20
-2.0262244094488189
11
4.5309094094488191
21
-2.0259996456692915
0
LINE
8
BLACK
6
CONTINUOUS
10
4.5309094094488191
20
-2.0259996456692915
11
4.5299514566929133
21
-2.0253595669291338
0
LINE
8
BLACK
6
CONTINUOUS
10
4.5299514566929133
20
-2.0253595669291338
11
4.5293113779527561
21
-2.0244016141732284
0
LINE
8
BLACK
6
CONTINUOUS
10
4.5293113779527561
20
-2.0244016141732284
11
4.5290866141732282
21
-2.0232716535433068
0
LINE
8
BLACK
6
CONTINUOUS
10
4.5290866141732282
20
-2.0232716535433068
11
4.5290866141732282
21
-1.9947283464566929
0
LINE
8
BLACK
6
CONTINUOUS
10
4.5290866141732282
20
-1.9947283464566929
11
4.5293113779527561
21
-1.9935983858267716
0
LINE
8
BLACK
6
CONTINUOUS
10
4.5293113779527561
20
-1.9935983858267716
11
4.5299514566929133
21
-1.992640433070866
0
LINE
8
BLACK
6
CONTINUOUS
10
4.5299514566929133
20
-1.992640433070866
11
4.5309094094488191
21
-1.9920003543307085
0
LINE
8
BLACK
6
CONTINUOUS
10
4.5309094094488191
20
-1.9920003543307085
11
4.5320393700787402
21
-1.9917755905511811
0
LINE
8
BLACK
6
CONTINUOUS
10
4.5320393700787402
20
-1.9917755905511811
11
4.5379448818897634
21
-1.9917755905511811
0
LINE
8
BLACK
6
CONTINUOUS
10
4.5379448818897634
20
-1.9917755905511811
11
4.5390748425196845
21
-1.9920003543307085
0
LINE
8
BLACK
6
CONTINUOUS
10
4.5705709055118113
20
-1.9920003543307085
11
4.5715288582677163
21
-1.992640433070866
0
LINE
8
BLACK
6
CONTINUOUS
10
4.5715288582677163
20
-1.992640433070866
11
4.5721689370078735
21
-1.9935983858267716
0
LINE
8
BLACK
6
CONTINUOUS
10
4.5721689370078735
20
-1.9935983858267716
11
4.5723937007874014
21
-1.9947283464566929
0
LINE
8
BLACK
6
CONTINUOUS
10
4.5723937007874014
20
-1.9947283464566929
11
4.5723937007874014
21
-2.0232716535433068
0
LINE
8
BLACK
6
CONTINUOUS
10
4.5723937007874014
20
-2.0232716535433068
11
4.5721689370078735
21
-2.0244016141732284
0
LINE
8
BLACK
6
CONTINUOUS
10
4.5721689370078735
20
-2.0244016141732284
11
4.5715288582677163
21
-2.0253595669291338
0
LINE
8
BLACK
6
CONTINUOUS
10
4.5715288582677163
20
-2.0253595669291338
11
4.5705709055118113
21
-2.0259996456692915
0
LINE
8
BLACK
6
CONTINUOUS
10
4.5705709055118113
20
-2.0259996456692915
11
4.5694409448818893
21
-2.0262244094488189
0
LINE
8
BLACK
6
CONTINUOUS
10
4.5694409448818893
20
-2.0262244094488189
11
4.5635354330708662
21
-2.0262244094488189
0
LINE
8
BLACK
6
CONTINUOUS
10
4.5635354330708662
20
-2.0262244094488189
11
4.5624054724409451
21
-2.0259996456692915
0
LINE
8
BLACK
6
CONTINUOUS
10
4.5624054724409451
20
-2.0259996456692915
11
4.5614475196850393
21
-2.0253595669291338
0
LINE
8
BLACK
6
CONTINUOUS
10
4.5614475196850393
20
-2.0253595669291338
11
4.560807440944882
21
-2.0244016141732284
0
LINE
8
BLACK
6
CONTINUOUS
10
4.560807440944882
20
-2.0244016141732284
11
4.5605826771653541
21
-2.0232716535433068
0
LINE
8
BLACK
6
CONTINUOUS
10
4.5605826771653541
20
-2.0232716535433068
11
4.5605826771653541
21
-1.9947283464566929
0
LINE
8
BLACK
6
CONTINUOUS
10
4.5605826771653541
20
-1.9947283464566929
11
4.560807440944882
21
-1.9935983858267716
0
LINE
8
BLACK
6
CONTINUOUS
10
4.560807440944882
20
-1.9935983858267716
11
4.5614475196850393
21
-1.992640433070866
0
LINE
8
BLACK
6
CONTINUOUS
10
4.5614475196850393
20
-1.992640433070866
11
4.5624054724409451
21
-1.9920003543307085
0
LINE
8
BLACK
6
CONTINUOUS
10
4.5624054724409451
20
-1.9920003543307085
11
4.5635354330708662
21
-1.9917755905511811
0
LINE
8
BLACK
6
CONTINUOUS
10
4.5635354330708662
20
-1.9917755905511811
11
4.5694409448818893
21
-1.9917755905511811
0
LINE
8
BLACK
6
CONTINUOUS
10
4.5694409448818893
20
-1.9917755905511811
11
4.5705709055118113
21
-1.9920003543307085
0
LINE
8
BLACK
6
CONTINUOUS
10
4.7483728740157476
20
-1.9481586614173227
11
4.7515660236220469
21
-1.9502922440944881
0
LINE
8
BLACK
6
CONTINUOUS
10
4.7515660236220469
20
-1.9502922440944881
11
4.7536996062992127
21
-1.9534853937007874
0
LINE
8
BLACK
6
CONTINUOUS
10
4.7536996062992127
20
-1.9534853937007874
11
4.7544488188976377
21
-1.9572519685039369
0
LINE
8
BLACK
6
CONTINUOUS
10
4.7544488188976377
20
-1.9572519685039369
11
4.7544488188976377
21
-1.9887480314960631
0
LINE
8
BLACK
6
CONTINUOUS
10
4.7544488188976377
20
-1.9887480314960631
11
4.7536996062992127
21
-1.9925146062992125
0
LINE
8
BLACK
6
CONTINUOUS
10
4.7536996062992127
20
-1.9925146062992125
11
4.7515660236220469
21
-1.9957077559055119
0
LINE
8
BLACK
6
CONTINUOUS
10
4.7515660236220469
20
-1.9957077559055119
11
4.7483728740157476
21
-1.9978413385826772
0
LINE
8
BLACK
6
CONTINUOUS
10
4.7483728740157476
20
-1.9978413385826772
11
4.7446062992125979
21
-1.9985905511811024
0
LINE
8
BLACK
6
CONTINUOUS
10
4.7446062992125979
20
-1.9985905511811024
11
4.6953937007874016
21
-1.9985905511811024
0
LINE
8
BLACK
6
CONTINUOUS
10
4.6953937007874016
20
-1.9985905511811024
11
4.6916271259842519
21
-1.9978413385826772
0
LINE
8
BLACK
6
CONTINUOUS
10
4.6916271259842519
20
-1.9978413385826772
11
4.6884339763779526
21
-1.9957077559055119
0
LINE
8
BLACK
6
CONTINUOUS
10
4.6884339763779526
20
-1.9957077559055119
11
4.6863003937007877
21
-1.9925146062992125
0
LINE
8
BLACK
6
CONTINUOUS
10
4.6863003937007877
20
-1.9925146062992125
11
4.6855511811023618
21
-1.9887480314960631
0
LINE
8
BLACK
6
CONTINUOUS
10
4.6855511811023618
20
-1.9887480314960631
11
4.6855511811023618
21
-1.9572519685039369
0
LINE
8
BLACK
6
CONTINUOUS
10
4.6855511811023618
20
-1.9572519685039369
11
4.6863003937007877
21
-1.9534853937007874
0
LINE
8
BLACK
6
CONTINUOUS
10
4.6863003937007877
20
-1.9534853937007874
11
4.6884339763779526
21
-1.9502922440944881
0
LINE
8
BLACK
6
CONTINUOUS
10
4.6884339763779526
20
-1.9502922440944881
11
4.6916271259842519
21
-1.9481586614173227
0
LINE
8
BLACK
6
CONTINUOUS
10
4.6916271259842519
20
-1.9481586614173227
11
4.6953937007874016
21
-1.9474094488188975
0
LINE
8
BLACK
6
CONTINUOUS
10
4.6953937007874016
20
-1.9474094488188975
11
4.7446062992125979
21
-1.9474094488188975
0
LINE
8
BLACK
6
CONTINUOUS
10
4.7446062992125979
20
-1.9474094488188975
11
4.7483728740157476
21
-1.9481586614173227
0
LINE
8
BLACK
6
CONTINUOUS
10
4.8321123228346456
20
-1.9500107480314961
11
4.8345072047244093
21
-1.9516109055118109
0
LINE
8
BLACK
6
CONTINUOUS
10
4.8345072047244093
20
-1.9516109055118109
11
4.8361073622047241
21
-1.9540057874015748
0
LINE
8
BLACK
6
CONTINUOUS
10
4.8361073622047241
20
-1.9540057874015748
11
4.8366692913385823
21
-1.9568307086614172
0
LINE
8
BLACK
6
CONTINUOUS
10
4.8366692913385823
20
-1.9568307086614172
11
4.8366692913385823
21
-1.9715944881889764
0
LINE
8
BLACK
6
CONTINUOUS
10
4.8366692913385823
20
-1.9715944881889764
11
4.8361073622047241
21
-1.9744194094488188
0
LINE
8
BLACK
6
CONTINUOUS
10
4.8361073622047241
20
-1.9744194094488188
11
4.8345072047244093
21
-1.9768142913385827
0
LINE
8
BLACK
6
CONTINUOUS
10
4.8345072047244093
20
-1.9768142913385827
11
4.8321123228346456
21
-1.9784144488188975
0
LINE
8
BLACK
6
CONTINUOUS
10
4.8321123228346456
20
-1.9784144488188975
11
4.8292874015748026
21
-1.9789763779527558
0
LINE
8
BLACK
6
CONTINUOUS
10
4.8292874015748026
20
-1.9789763779527558
11
4.802712598425197
21
-1.9789763779527558
0
LINE
8
BLACK
6
CONTINUOUS
10
4.802712598425197
20
-1.9789763779527558
11
4.799887677165354
21
-1.9784144488188975
0
LINE
8
BLACK
6
CONTINUOUS
10
4.799887677165354
20
-1.9784144488188975
11
4.7974927952755904
21
-1.9768142913385827
0
LINE
8
BLACK
6
CONTINUOUS
10
4.7974927952755904
20
-1.9768142913385827
11
4.7958926377952755
21
-1.9744194094488188
0
LINE
8
BLACK
6
CONTINUOUS
10
4.7958926377952755
20
-1.9744194094488188
11
4.7953307086614174
21
-1.9715944881889764
0
LINE
8
BLACK
6
CONTINUOUS
10
4.7953307086614174
20
-1.9715944881889764
11
4.7953307086614174
21
-1.9568307086614172
0
LINE
8
BLACK
6
CONTINUOUS
10
4.7953307086614174
20
-1.9568307086614172
11
4.7958926377952755
21
-1.9540057874015748
0
LINE
8
BLACK
6
CONTINUOUS
10
4.7958926377952755
20
-1.9540057874015748
11
4.7974927952755904
21
-1.9516109055118109
0
LINE
8
BLACK
6
CONTINUOUS
10
4.7974927952755904
20
-1.9516109055118109
11
4.799887677165354
21
-1.9500107480314961
0
LINE
8
BLACK
6
CONTINUOUS
10
4.799887677165354
20
-1.9500107480314961
11
4.802712598425197
21
-1.9494488188976378
0
LINE
8
BLACK
6
CONTINUOUS
10
4.802712598425197
20
-1.9494488188976378
11
4.8292874015748026
21
-1.9494488188976378
0
LINE
8
BLACK
6
CONTINUOUS
10
4.8292874015748026
20
-1.9494488188976378
11
4.8321123228346456
21
-1.9500107480314961
0
LINE
8
BLACK
6
CONTINUOUS
10
5.4181123228346459
20
-1.9497981496062993
11
5.4205072047244096
21
-1.9513983070866141
0
LINE
8
BLACK
6
CONTINUOUS
10
5.4205072047244096
20
-1.9513983070866141
11
5.4221073622047244
21
-1.953793188976378
0
LINE
8
BLACK
6
CONTINUOUS
10
5.4221073622047244
20
-1.953793188976378
11
5.4226692913385826
21
-1.9566181102362203
0
LINE
8
BLACK
6
CONTINUOUS
10
5.4226692913385826
20
-1.9566181102362203
11
5.4226692913385826
21
-1.9713818897637796
0
LINE
8
BLACK
6
CONTINUOUS
10
5.4226692913385826
20
-1.9713818897637796
11
5.4221073622047244
21
-1.9742068110236219
0
LINE
8
BLACK
6
CONTINUOUS
10
5.4221073622047244
20
-1.9742068110236219
11
5.4205072047244096
21
-1.9766016929133858
0
LINE
8
BLACK
6
CONTINUOUS
10
5.4205072047244096
20
-1.9766016929133858
11
5.4181123228346459
21
-1.9782018503937007
0
LINE
8
BLACK
6
CONTINUOUS
10
5.4181123228346459
20
-1.9782018503937007
11
5.4152874015748029
21
-1.978763779527559
0
LINE
8
BLACK
6
CONTINUOUS
10
5.4152874015748029
20
-1.978763779527559
11
5.3887125984251965
21
-1.978763779527559
0
LINE
8
BLACK
6
CONTINUOUS
10
5.3887125984251965
20
-1.978763779527559
11
5.3858876771653543
21
-1.9782018503937007
0
LINE
8
BLACK
6
CONTINUOUS
10
5.3858876771653543
20
-1.9782018503937007
11
5.3834927952755907
21
-1.9766016929133858
0
LINE
8
BLACK
6
CONTINUOUS
10
5.3834927952755907
20
-1.9766016929133858
11
5.3818926377952758
21
-1.9742068110236219
0
LINE
8
BLACK
6
CONTINUOUS
10
5.3818926377952758
20
-1.9742068110236219
11
5.3813307086614168
21
-1.9713818897637796
0
LINE
8
BLACK
6
CONTINUOUS
10
5.3813307086614168
20
-1.9713818897637796
11
5.3813307086614168
21
-1.9566181102362203
0
LINE
8
BLACK
6
CONTINUOUS
10
5.3813307086614168
20
-1.9566181102362203
11
5.3818926377952758
21
-1.953793188976378
0
LINE
8
BLACK
6
CONTINUOUS
10
5.3818926377952758
20
-1.953793188976378
11
5.3834927952755907
21
-1.9513983070866141
0
LINE
8
BLACK
6
CONTINUOUS
10
5.3834927952755907
20
-1.9513983070866141
11
5.3858876771653543
21
-1.9497981496062993
0
LINE
8
BLACK
6
CONTINUOUS
10
5.3858876771653543
20
-1.9497981496062993
11
5.3887125984251965
21
-1.9492362204724409
0
LINE
8
BLACK
6
CONTINUOUS
10
5.3887125984251965
20
-1.9492362204724409
11
5.4152874015748029
21
-1.9492362204724409
0
LINE
8
BLACK
6
CONTINUOUS
10
5.4152874015748029
20
-1.9492362204724409
11
5.4181123228346459
21
-1.9497981496062993
0
LINE
8
BLACK
6
CONTINUOUS
10
5.2833728740157477
20
-1.9161586614173227
11
5.2865660236220471
21
-1.9182922440944881
0
LINE
8
BLACK
6
CONTINUOUS
10
5.2865660236220471
20
-1.9182922440944881
11
5.2886996062992129
21
-1.9214853937007874
0
LINE
8
BLACK
6
CONTINUOUS
10
5.2886996062992129
20
-1.9214853937007874
11
5.2894488188976378
21
-1.9252519685039369
0
LINE
8
BLACK
6
CONTINUOUS
10
5.2894488188976378
20
-1.9252519685039369
11
5.2894488188976378
21
-1.956748031496063
0
LINE
8
BLACK
6
CONTINUOUS
10
5.2894488188976378
20
-1.956748031496063
11
5.2886996062992129
21
-1.9605146062992125
0
LINE
8
BLACK
6
CONTINUOUS
10
5.2886996062992129
20
-1.9605146062992125
11
5.2865660236220471
21
-1.9637077559055118
0
LINE
8
BLACK
6
CONTINUOUS
10
5.2865660236220471
20
-1.9637077559055118
11
5.2833728740157477
21
-1.9658413385826772
0
LINE
8
BLACK
6
CONTINUOUS
10
5.2833728740157477
20
-1.9658413385826772
11
5.2796062992125981
21
-1.9665905511811024
0
LINE
8
BLACK
6
CONTINUOUS
10
5.2796062992125981
20
-1.9665905511811024
11
5.2303937007874017
21
-1.9665905511811024
0
LINE
8
BLACK
6
CONTINUOUS
10
5.2303937007874017
20
-1.9665905511811024
11
5.2266271259842521
21
-1.9658413385826772
0
LINE
8
BLACK
6
CONTINUOUS
10
5.2266271259842521
20
-1.9658413385826772
11
5.2234339763779527
21
-1.9637077559055118
0
LINE
8
BLACK
6
CONTINUOUS
10
5.2234339763779527
20
-1.9637077559055118
11
5.2213003937007869
21
-1.9605146062992125
0
LINE
8
BLACK
6
CONTINUOUS
10
5.2213003937007869
20
-1.9605146062992125
11
5.2205511811023619
21
-1.956748031496063
0
LINE
8
BLACK
6
CONTINUOUS
10
5.2205511811023619
20
-1.956748031496063
11
5.2205511811023619
21
-1.9252519685039369
0
LINE
8
BLACK
6
CONTINUOUS
10
5.2205511811023619
20
-1.9252519685039369
11
5.2213003937007869
21
-1.9214853937007874
0
LINE
8
BLACK
6
CONTINUOUS
10
5.2213003937007869
20
-1.9214853937007874
11
5.2234339763779527
21
-1.9182922440944881
0
LINE
8
BLACK
6
CONTINUOUS
10
5.2234339763779527
20
-1.9182922440944881
11
5.2266271259842521
21
-1.9161586614173227
0
LINE
8
BLACK
6
CONTINUOUS
10
5.2266271259842521
20
-1.9161586614173227
11
5.2303937007874017
21
-1.9154094488188975
0
LINE
8
BLACK
6
CONTINUOUS
10
5.2303937007874017
20
-1.9154094488188975
11
5.2796062992125981
21
-1.9154094488188975
0
LINE
8
BLACK
6
CONTINUOUS
10
5.2796062992125981
20
-1.9154094488188975
11
5.2833728740157477
21
-1.9161586614173227
0
LINE
8
BLACK
6
CONTINUOUS
10
4.2491123228346455
20
-1.9355855511811024
11
4.2515072047244091
21
-1.9371857086614173
0
LINE
8
BLACK
6
CONTINUOUS
10
4.2515072047244091
20
-1.9371857086614173
11
4.253107362204724
21
-1.9395805905511811
0
LINE
8
BLACK
6
CONTINUOUS
10
4.253107362204724
20
-1.9395805905511811
11
4.253669291338583
21
-1.9424055118110235
0
LINE
8
BLACK
6
CONTINUOUS
10
4.253669291338583
20
-1.9424055118110235
11
4.253669291338583
21
-1.9571692913385825
0
LINE
8
BLACK
6
CONTINUOUS
10
4.253669291338583
20
-1.9571692913385825
11
4.253107362204724
21
-1.9599942125984251
0
LINE
8
BLACK
6
CONTINUOUS
10
4.253107362204724
20
-1.9599942125984251
11
4.2515072047244091
21
-1.962389094488189
0
LINE
8
BLACK
6
CONTINUOUS
10
4.2515072047244091
20
-1.962389094488189
11
4.2491123228346455
21
-1.9639892519685038
0
LINE
8
BLACK
6
CONTINUOUS
10
4.2491123228346455
20
-1.9639892519685038
11
4.2462874015748033
21
-1.9645511811023622
0
LINE
8
BLACK
6
CONTINUOUS
10
4.2462874015748033
20
-1.9645511811023622
11
4.2197125984251969
21
-1.9645511811023622
0
LINE
8
BLACK
6
CONTINUOUS
10
4.2197125984251969
20
-1.9645511811023622
11
4.2168876771653538
21
-1.9639892519685038
0
LINE
8
BLACK
6
CONTINUOUS
10
4.2168876771653538
20
-1.9639892519685038
11
4.2144927952755902
21
-1.962389094488189
0
LINE
8
BLACK
6
CONTINUOUS
10
4.2144927952755902
20
-1.962389094488189
11
4.2128926377952753
21
-1.9599942125984251
0
LINE
8
BLACK
6
CONTINUOUS
10
4.2128926377952753
20
-1.9599942125984251
11
4.2123307086614172
21
-1.9571692913385825
0
LINE
8
BLACK
6
CONTINUOUS
10
4.2123307086614172
20
-1.9571692913385825
11
4.2123307086614172
21
-1.9424055118110235
0
LINE
8
BLACK
6
CONTINUOUS
10
4.2123307086614172
20
-1.9424055118110235
11
4.2128926377952753
21
-1.9395805905511811
0
LINE
8
BLACK
6
CONTINUOUS
10
4.2128926377952753
20
-1.9395805905511811
11
4.2144927952755902
21
-1.9371857086614173
0
LINE
8
BLACK
6
CONTINUOUS
10
4.2144927952755902
20
-1.9371857086614173
11
4.2168876771653538
21
-1.9355855511811024
0
LINE
8
BLACK
6
CONTINUOUS
10
4.2168876771653538
20
-1.9355855511811024
11
4.2197125984251969
21
-1.9350236220472441
0
LINE
8
BLACK
6
CONTINUOUS
10
4.2197125984251969
20
-1.9350236220472441
11
4.2462874015748033
21
-1.9350236220472441
0
LINE
8
BLACK
6
CONTINUOUS
10
4.2462874015748033
20
-1.9350236220472441
11
4.2491123228346455
21
-1.9355855511811024
0
LINE
8
BLACK
6
CONTINUOUS
10
4.2462688582677162
20
-1.8501241732283464
11
4.2493821653543309
21
-1.8522044488188976
0
LINE
8
BLACK
6
CONTINUOUS
10
4.2493821653543309
20
-1.8522044488188976
11
4.2514624409448816
21
-1.8553177559055118
0
LINE
8
BLACK
6
CONTINUOUS
10
4.2514624409448816
20
-1.8553177559055118
11
4.2521929133858265
21
-1.8589901574803149
0
LINE
8
BLACK
6
CONTINUOUS
10
4.2521929133858265
20
-1.8589901574803149
11
4.2521929133858265
21
-1.8890098425196851
0
LINE
8
BLACK
6
CONTINUOUS
10
4.2521929133858265
20
-1.8890098425196851
11
4.2514624409448816
21
-1.8926822440944882
0
LINE
8
BLACK
6
CONTINUOUS
10
4.2514624409448816
20
-1.8926822440944882
11
4.2493821653543309
21
-1.8957955511811022
0
LINE
8
BLACK
6
CONTINUOUS
10
4.2493821653543309
20
-1.8957955511811022
11
4.2462688582677162
21
-1.8978758267716536
0
LINE
8
BLACK
6
CONTINUOUS
10
4.2462688582677162
20
-1.8978758267716536
11
4.2425964566929135
21
-1.8986062992125985
0
LINE
8
BLACK
6
CONTINUOUS
10
4.2425964566929135
20
-1.8986062992125985
11
4.2234035433070867
21
-1.8986062992125985
0
LINE
8
BLACK
6
CONTINUOUS
10
4.2234035433070867
20
-1.8986062992125985
11
4.2197311417322831
21
-1.8978758267716536
0
LINE
8
BLACK
6
CONTINUOUS
10
4.2197311417322831
20
-1.8978758267716536
11
4.2166178346456693
21
-1.8957955511811022
0
LINE
8
BLACK
6
CONTINUOUS
10
4.2166178346456693
20
-1.8957955511811022
11
4.2145375590551177
21
-1.8926822440944882
0
LINE
8
BLACK
6
CONTINUOUS
10
4.2145375590551177
20
-1.8926822440944882
11
4.2138070866141728
21
-1.8890098425196851
0
LINE
8
BLACK
6
CONTINUOUS
10
4.2138070866141728
20
-1.8890098425196851
11
4.2138070866141728
21
-1.8589901574803149
0
LINE
8
BLACK
6
CONTINUOUS
10
4.2138070866141728
20
-1.8589901574803149
11
4.2145375590551177
21
-1.8553177559055118
0
LINE
8
BLACK
6
CONTINUOUS
10
4.2145375590551177
20
-1.8553177559055118
11
4.2166178346456693
21
-1.8522044488188976
0
LINE
8
BLACK
6
CONTINUOUS
10
4.2166178346456693
20
-1.8522044488188976
11
4.2197311417322831
21
-1.8501241732283464
0
LINE
8
BLACK
6
CONTINUOUS
10
4.2197311417322831
20
-1.8501241732283464
11
4.2234035433070867
21
-1.8493937007874015
0
LINE
8
BLACK
6
CONTINUOUS
10
4.2234035433070867
20
-1.8493937007874015
11
4.2425964566929135
21
-1.8493937007874015
0
LINE
8
BLACK
6
CONTINUOUS
10
4.2425964566929135
20
-1.8493937007874015
11
4.2462688582677162
21
-1.8501241732283464
0
LINE
8
BLACK
6
CONTINUOUS
10
5.2601654724409448
20
-1.7991739763779526
11
5.2620813385826768
21
-1.8004541338582676
0
LINE
8
BLACK
6
CONTINUOUS
10
5.2620813385826768
20
-1.8004541338582676
11
5.2633614960629922
21
-1.80237
0
LINE
8
BLACK
6
CONTINUOUS
10
5.2633614960629922
20
-1.80237
11
5.263811023622047
21
-1.8046299606299212
0
LINE
8
BLACK
6
CONTINUOUS
10
5.263811023622047
20
-1.8046299606299212
11
5.263811023622047
21
-1.8341575196850393
0
LINE
8
BLACK
6
CONTINUOUS
10
5.263811023622047
20
-1.8341575196850393
11
5.2633614960629922
21
-1.8364174803149607
0
LINE
8
BLACK
6
CONTINUOUS
10
5.2633614960629922
20
-1.8364174803149607
11
5.2620813385826768
21
-1.8383333464566929
0
LINE
8
BLACK
6
CONTINUOUS
10
5.2620813385826768
20
-1.8383333464566929
11
5.2601654724409448
21
-1.8396135039370078
0
LINE
8
BLACK
6
CONTINUOUS
10
5.2601654724409448
20
-1.8396135039370078
11
5.2579055118110238
21
-1.8400630314960629
0
LINE
8
BLACK
6
CONTINUOUS
10
5.2579055118110238
20
-1.8400630314960629
11
5.2460944881889766
21
-1.8400630314960629
0
LINE
8
BLACK
6
CONTINUOUS
10
5.2460944881889766
20
-1.8400630314960629
11
5.2438345275590548
21
-1.8396135039370078
0
LINE
8
BLACK
6
CONTINUOUS
10
5.2438345275590548
20
-1.8396135039370078
11
5.2419186614173228
21
-1.8383333464566929
0
LINE
8
BLACK
6
CONTINUOUS
10
5.2419186614173228
20
-1.8383333464566929
11
5.2406385039370074
21
-1.8364174803149607
0
LINE
8
BLACK
6
CONTINUOUS
10
5.2406385039370074
20
-1.8364174803149607
11
5.2401889763779526
21
-1.8341575196850393
0
LINE
8
BLACK
6
CONTINUOUS
10
5.2401889763779526
20
-1.8341575196850393
11
5.2401889763779526
21
-1.8046299606299212
0
LINE
8
BLACK
6
CONTINUOUS
10
5.2401889763779526
20
-1.8046299606299212
11
5.2406385039370074
21
-1.80237
0
LINE
8
BLACK
6
CONTINUOUS
10
5.2406385039370074
20
-1.80237
11
5.2419186614173228
21
-1.8004541338582676
0
LINE
8
BLACK
6
CONTINUOUS
10
5.2419186614173228
20
-1.8004541338582676
11
5.2438345275590548
21
-1.7991739763779526
0
LINE
8
BLACK
6
CONTINUOUS
10
5.2438345275590548
20
-1.7991739763779526
11
5.2460944881889766
21
-1.7987244488188976
0
LINE
8
BLACK
6
CONTINUOUS
10
5.2460944881889766
20
-1.7987244488188976
11
5.2579055118110238
21
-1.7987244488188976
0
LINE
8
BLACK
6
CONTINUOUS
10
5.2579055118110238
20
-1.7987244488188976
11
5.2601654724409448
21
-1.7991739763779526
0
LINE
8
BLACK
6
CONTINUOUS
10
4.6651653937007875
20
-1.7991739370078739
11
4.6670812598425195
21
-1.8004540944881888
0
LINE
8
BLACK
6
CONTINUOUS
10
4.6670812598425195
20
-1.8004540944881888
11
4.6683614173228349
21
-1.8023699606299213
0
LINE
8
BLACK
6
CONTINUOUS
10
4.6683614173228349
20
-1.8023699606299213
11
4.6688109448818897
21
-1.8046299212598425
0
LINE
8
BLACK
6
CONTINUOUS
10
4.6688109448818897
20
-1.8046299212598425
11
4.6688109448818897
21
-1.8341574803149605
0
LINE
8
BLACK
6
CONTINUOUS
10
4.6688109448818897
20
-1.8341574803149605
11
4.6683614173228349
21
-1.8364174409448819
0
LINE
8
BLACK
6
CONTINUOUS
10
4.6683614173228349
20
-1.8364174409448819
11
4.6670812598425195
21
-1.8383333070866141
0
LINE
8
BLACK
6
CONTINUOUS
10
4.6670812598425195
20
-1.8383333070866141
11
4.6651653937007875
21
-1.8396134645669291
0
LINE
8
BLACK
6
CONTINUOUS
10
4.6651653937007875
20
-1.8396134645669291
11
4.6629054330708657
21
-1.8400629921259841
0
LINE
8
BLACK
6
CONTINUOUS
10
4.6629054330708657
20
-1.8400629921259841
11
4.6510944094488185
21
-1.8400629921259841
0
LINE
8
BLACK
6
CONTINUOUS
10
4.6510944094488185
20
-1.8400629921259841
11
4.6488344488188975
21
-1.8396134645669291
0
LINE
8
BLACK
6
CONTINUOUS
10
4.6488344488188975
20
-1.8396134645669291
11
4.6469185826771655
21
-1.8383333070866141
0
LINE
8
BLACK
6
CONTINUOUS
10
4.6469185826771655
20
-1.8383333070866141
11
4.6456384251968501
21
-1.8364174409448819
0
LINE
8
BLACK
6
CONTINUOUS
10
4.6456384251968501
20
-1.8364174409448819
11
4.6451888976377953
21
-1.8341574803149605
0
LINE
8
BLACK
6
CONTINUOUS
10
4.6451888976377953
20
-1.8341574803149605
11
4.6451888976377953
21
-1.8046299212598425
0
LINE
8
BLACK
6
CONTINUOUS
10
4.6451888976377953
20
-1.8046299212598425
11
4.6456384251968501
21
-1.8023699606299213
0
LINE
8
BLACK
6
CONTINUOUS
10
4.6456384251968501
20
-1.8023699606299213
11
4.6469185826771655
21
-1.8004540944881888
0
LINE
8
BLACK
6
CONTINUOUS
10
4.6469185826771655
20
-1.8004540944881888
11
4.6488344488188975
21
-1.7991739370078739
0
LINE
8
BLACK
6
CONTINUOUS
10
4.6488344488188975
20
-1.7991739370078739
11
4.6510944094488185
21
-1.7987244094488188
0
LINE
8
BLACK
6
CONTINUOUS
10
4.6510944094488185
20
-1.7987244094488188
11
4.6629054330708657
21
-1.7987244094488188
0
LINE
8
BLACK
6
CONTINUOUS
10
4.6629054330708657
20
-1.7987244094488188
11
4.6651653937007875
21
-1.7991739370078739
0
LINE
8
BLACK
6
CONTINUOUS
10
4.7151653543307086
20
-1.7991739370078739
11
4.7170812204724406
21
-1.8004540944881888
0
LINE
8
BLACK
6
CONTINUOUS
10
4.7170812204724406
20
-1.8004540944881888
11
4.718361377952756
21
-1.8023699606299213
0
LINE
8
BLACK
6
CONTINUOUS
10
4.718361377952756
20
-1.8023699606299213
11
4.7188109055118108
21
-1.8046299212598425
0
LINE
8
BLACK
6
CONTINUOUS
10
4.7188109055118108
20
-1.8046299212598425
11
4.7188109055118108
21
-1.8341574803149605
0
LINE
8
BLACK
6
CONTINUOUS
10
4.7188109055118108
20
-1.8341574803149605
11
4.718361377952756
21
-1.8364174409448819
0
LINE
8
BLACK
6
CONTINUOUS
10
4.718361377952756
20
-1.8364174409448819
11
4.7170812204724406
21
-1.8383333070866141
0
LINE
8
BLACK
6
CONTINUOUS
10
4.7170812204724406
20
-1.8383333070866141
11
4.7151653543307086
21
-1.8396134645669291
0
LINE
8
BLACK
6
CONTINUOUS
10
4.7151653543307086
20
-1.8396134645669291
11
4.7129053937007876
21
-1.8400629921259841
0
LINE
8
BLACK
6
CONTINUOUS
10
4.7129053937007876
20
-1.8400629921259841
11
4.7010943700787404
21
-1.8400629921259841
0
LINE
8
BLACK
6
CONTINUOUS
10
4.7010943700787404
20
-1.8400629921259841
11
4.6988344094488186
21
-1.8396134645669291
0
LINE
8
BLACK
6
CONTINUOUS
10
4.6988344094488186
20
-1.8396134645669291
11
4.6969185433070866
21
-1.8383333070866141
0
LINE
8
BLACK
6
CONTINUOUS
10
4.6969185433070866
20
-1.8383333070866141
11
4.6956383858267712
21
-1.8364174409448819
0
LINE
8
BLACK
6
CONTINUOUS
10
4.6956383858267712
20
-1.8364174409448819
11
4.6951888582677164
21
-1.8341574803149605
0
LINE
8
BLACK
6
CONTINUOUS
10
4.6951888582677164
20
-1.8341574803149605
11
4.6951888582677164
21
-1.8046299212598425
0
LINE
8
BLACK
6
CONTINUOUS
10
4.6951888582677164
20
-1.8046299212598425
11
4.6956383858267712
21
-1.8023699606299213
0
LINE
8
BLACK
6
CONTINUOUS
10
4.6956383858267712
20
-1.8023699606299213
11
4.6969185433070866
21
-1.8004540944881888
0
LINE
8
BLACK
6
CONTINUOUS
10
4.6969185433070866
20
-1.8004540944881888
11
4.6988344094488186
21
-1.7991739370078739
0
LINE
8
BLACK
6
CONTINUOUS
10
4.6988344094488186
20
-1.7991739370078739
11
4.7010943700787404
21
-1.7987244094488188
0
LINE
8
BLACK
6
CONTINUOUS
10
4.7010943700787404
20
-1.7987244094488188
11
4.7129053937007876
21
-1.7987244094488188
0
LINE
8
BLACK
6
CONTINUOUS
10
4.7129053937007876
20
-1.7987244094488188
11
4.7151653543307086
21
-1.7991739370078739
0
LINE
8
BLACK
6
CONTINUOUS
10
4.7651653937007872
20
-1.7991739370078739
11
4.7670812598425192
21
-1.8004540944881888
0
LINE
8
BLACK
6
CONTINUOUS
10
4.7670812598425192
20
-1.8004540944881888
11
4.7683614173228346
21
-1.8023699606299213
0
LINE
8
BLACK
6
CONTINUOUS
10
4.7683614173228346
20
-1.8023699606299213
11
4.7688109448818894
21
-1.8046299212598425
0
LINE
8
BLACK
6
CONTINUOUS
10
4.7688109448818894
20
-1.8046299212598425
11
4.7688109448818894
21
-1.8341574803149605
0
LINE
8
BLACK
6
CONTINUOUS
10
4.7688109448818894
20
-1.8341574803149605
11
4.7683614173228346
21
-1.8364174409448819
0
LINE
8
BLACK
6
CONTINUOUS
10
4.7683614173228346
20
-1.8364174409448819
11
4.7670812598425192
21
-1.8383333070866141
0
LINE
8
BLACK
6
CONTINUOUS
10
4.7670812598425192
20
-1.8383333070866141
11
4.7651653937007872
21
-1.8396134645669291
0
LINE
8
BLACK
6
CONTINUOUS
10
4.7651653937007872
20
-1.8396134645669291
11
4.7629054330708662
21
-1.8400629921259841
0
LINE
8
BLACK
6
CONTINUOUS
10
4.7629054330708662
20
-1.8400629921259841
11
4.751094409448819
21
-1.8400629921259841
0
LINE
8
BLACK
6
CONTINUOUS
10
4.751094409448819
20
-1.8400629921259841
11
4.7488344488188972
21
-1.8396134645669291
0
LINE
8
BLACK
6
CONTINUOUS
10
4.7488344488188972
20
-1.8396134645669291
11
4.7469185826771652
21
-1.8383333070866141
0
LINE
8
BLACK
6
CONTINUOUS
10
4.7469185826771652
20
-1.8383333070866141
11
4.7456384251968506
21
-1.8364174409448819
0
LINE
8
BLACK
6
CONTINUOUS
10
4.7456384251968506
20
-1.8364174409448819
11
4.7451888976377949
21
-1.8341574803149605
0
LINE
8
BLACK
6
CONTINUOUS
10
4.7451888976377949
20
-1.8341574803149605
11
4.7451888976377949
21
-1.8046299212598425
0
LINE
8
BLACK
6
CONTINUOUS
10
4.7451888976377949
20
-1.8046299212598425
11
4.7456384251968506
21
-1.8023699606299213
0
LINE
8
BLACK
6
CONTINUOUS
10
4.7456384251968506
20
-1.8023699606299213
11
4.7469185826771652
21
-1.8004540944881888
0
LINE
8
BLACK
6
CONTINUOUS
10
4.7469185826771652
20
-1.8004540944881888
11
4.7488344488188972
21
-1.7991739370078739
0
LINE
8
BLACK
6
CONTINUOUS
10
4.7488344488188972
20
-1.7991739370078739
11
4.751094409448819
21
-1.7987244094488188
0
LINE
8
BLACK
6
CONTINUOUS
10
4.751094409448819
20
-1.7987244094488188
11
4.7629054330708662
21
-1.7987244094488188
0
LINE
8
BLACK
6
CONTINUOUS
10
4.7629054330708662
20
-1.7987244094488188
11
4.7651653937007872
21
-1.7991739370078739
0
LINE
8
BLACK
6
CONTINUOUS
10
4.8151653543307082
20
-1.7991739370078739
11
4.8170812204724411
21
-1.8004540944881888
0
LINE
8
BLACK
6
CONTINUOUS
10
4.8170812204724411
20
-1.8004540944881888
11
4.8183613779527557
21
-1.8023699606299213
0
LINE
8
BLACK
6
CONTINUOUS
10
4.8183613779527557
20
-1.8023699606299213
11
4.8188109055118113
21
-1.8046299212598425
0
LINE
8
BLACK
6
CONTINUOUS
10
4.8188109055118113
20
-1.8046299212598425
11
4.8188109055118113
21
-1.8341574803149605
0
LINE
8
BLACK
6
CONTINUOUS
10
4.8188109055118113
20
-1.8341574803149605
11
4.8183613779527557
21
-1.8364174409448819
0
LINE
8
BLACK
6
CONTINUOUS
10
4.8183613779527557
20
-1.8364174409448819
11
4.8170812204724411
21
-1.8383333070866141
0
LINE
8
BLACK
6
CONTINUOUS
10
4.8170812204724411
20
-1.8383333070866141
11
4.8151653543307082
21
-1.8396134645669291
0
LINE
8
BLACK
6
CONTINUOUS
10
4.8151653543307082
20
-1.8396134645669291
11
4.8129053937007873
21
-1.8400629921259841
0
LINE
8
BLACK
6
CONTINUOUS
10
4.8129053937007873
20
-1.8400629921259841
11
4.8010943700787401
21
-1.8400629921259841
0
LINE
8
BLACK
6
CONTINUOUS
10
4.8010943700787401
20
-1.8400629921259841
11
4.7988344094488191
21
-1.8396134645669291
0
LINE
8
BLACK
6
CONTINUOUS
10
4.7988344094488191
20
-1.8396134645669291
11
4.7969185433070862
21
-1.8383333070866141
0
LINE
8
BLACK
6
CONTINUOUS
10
4.7969185433070862
20
-1.8383333070866141
11
4.7956383858267717
21
-1.8364174409448819
0
LINE
8
BLACK
6
CONTINUOUS
10
4.7956383858267717
20
-1.8364174409448819
11
4.795188858267716
21
-1.8341574803149605
0
LINE
8
BLACK
6
CONTINUOUS
10
4.795188858267716
20
-1.8341574803149605
11
4.795188858267716
21
-1.8046299212598425
0
LINE
8
BLACK
6
CONTINUOUS
10
4.795188858267716
20
-1.8046299212598425
11
4.7956383858267717
21
-1.8023699606299213
0
LINE
8
BLACK
6
CONTINUOUS
10
4.7956383858267717
20
-1.8023699606299213
11
4.7969185433070862
21
-1.8004540944881888
0
LINE
8
BLACK
6
CONTINUOUS
10
4.7969185433070862
20
-1.8004540944881888
11
4.7988344094488191
21
-1.7991739370078739
0
LINE
8
BLACK
6
CONTINUOUS
10
4.7988344094488191
20
-1.7991739370078739
11
4.8010943700787401
21
-1.7987244094488188
0
LINE
8
BLACK
6
CONTINUOUS
10
4.8010943700787401
20
-1.7987244094488188
11
4.8129053937007873
21
-1.7987244094488188
0
LINE
8
BLACK
6
CONTINUOUS
10
4.8129053937007873
20
-1.7987244094488188
11
4.8151653543307082
21
-1.7991739370078739
0
LINE
8
BLACK
6
CONTINUOUS
10
5.210165472440945
20
-1.7991739370078739
11
5.212081338582677
21
-1.8004540944881888
0
LINE
8
BLACK
6
CONTINUOUS
10
5.212081338582677
20
-1.8004540944881888
11
5.2133614960629924
21
-1.8023699606299213
0
LINE
8
BLACK
6
CONTINUOUS
10
5.2133614960629924
20
-1.8023699606299213
11
5.2138110236220472
21
-1.8046299212598425
0
LINE
8
BLACK
6
CONTINUOUS
10
5.2138110236220472
20
-1.8046299212598425
11
5.2138110236220472
21
-1.8341574803149605
0
LINE
8
BLACK
6
CONTINUOUS
10
5.2138110236220472
20
-1.8341574803149605
11
5.2133614960629924
21
-1.8364174409448819
0
LINE
8
BLACK
6
CONTINUOUS
10
5.2133614960629924
20
-1.8364174409448819
11
5.212081338582677
21
-1.8383333070866141
0
LINE
8
BLACK
6
CONTINUOUS
10
5.212081338582677
20
-1.8383333070866141
11
5.210165472440945
21
-1.8396134645669291
0
LINE
8
BLACK
6
CONTINUOUS
10
5.210165472440945
20
-1.8396134645669291
11
5.2079055118110231
21
-1.8400629921259841
0
LINE
8
BLACK
6
CONTINUOUS
10
5.2079055118110231
20
-1.8400629921259841
11
5.1960944881889759
21
-1.8400629921259841
0
LINE
8
BLACK
6
CONTINUOUS
10
5.1960944881889759
20
-1.8400629921259841
11
5.1938345275590549
21
-1.8396134645669291
0
LINE
8
BLACK
6
CONTINUOUS
10
5.1938345275590549
20
-1.8396134645669291
11
5.1919186614173229
21
-1.8383333070866141
0
LINE
8
BLACK
6
CONTINUOUS
10
5.1919186614173229
20
-1.8383333070866141
11
5.1906385039370075
21
-1.8364174409448819
0
LINE
8
BLACK
6
CONTINUOUS
10
5.1906385039370075
20
-1.8364174409448819
11
5.1901889763779527
21
-1.8341574803149605
0
LINE
8
BLACK
6
CONTINUOUS
10
5.1901889763779527
20
-1.8341574803149605
11
5.1901889763779527
21
-1.8046299212598425
0
LINE
8
BLACK
6
CONTINUOUS
10
5.1901889763779527
20
-1.8046299212598425
11
5.1906385039370075
21
-1.8023699606299213
0
LINE
8
BLACK
6
CONTINUOUS
10
5.1906385039370075
20
-1.8023699606299213
11
5.1919186614173229
21
-1.8004540944881888
0
LINE
8
BLACK
6
CONTINUOUS
10
5.1919186614173229
20
-1.8004540944881888
11
5.1938345275590549
21
-1.7991739370078739
0
LINE
8
BLACK
6
CONTINUOUS
10
5.1938345275590549
20
-1.7991739370078739
11
5.1960944881889759
21
-1.7987244094488188
0
LINE
8
BLACK
6
CONTINUOUS
10
5.1960944881889759
20
-1.7987244094488188
11
5.2079055118110231
21
-1.7987244094488188
0
LINE
8
BLACK
6
CONTINUOUS
10
5.2079055118110231
20
-1.7987244094488188
11
5.210165472440945
21
-1.7991739370078739
0
LINE
8
BLACK
6
CONTINUOUS
10
5.3101654724409446
20
-1.7991739370078739
11
5.3120813385826766
21
-1.8004540944881888
0
LINE
8
BLACK
6
CONTINUOUS
10
5.3120813385826766
20
-1.8004540944881888
11
5.313361496062992
21
-1.8023699606299213
0
LINE
8
BLACK
6
CONTINUOUS
10
5.313361496062992
20
-1.8023699606299213
11
5.3138110236220468
21
-1.8046299212598425
0
LINE
8
BLACK
6
CONTINUOUS
10
5.3138110236220468
20
-1.8046299212598425
11
5.3138110236220468
21
-1.8341574803149605
0
LINE
8
BLACK
6
CONTINUOUS
10
5.3138110236220468
20
-1.8341574803149605
11
5.313361496062992
21
-1.8364174409448819
0
LINE
8
BLACK
6
CONTINUOUS
10
5.313361496062992
20
-1.8364174409448819
11
5.3120813385826766
21
-1.8383333070866141
0
LINE
8
BLACK
6
CONTINUOUS
10
5.3120813385826766
20
-1.8383333070866141
11
5.3101654724409446
21
-1.8396134645669291
0
LINE
8
BLACK
6
CONTINUOUS
10
5.3101654724409446
20
-1.8396134645669291
11
5.3079055118110237
21
-1.8400629921259841
0
LINE
8
BLACK
6
CONTINUOUS
10
5.3079055118110237
20
-1.8400629921259841
11
5.2960944881889764
21
-1.8400629921259841
0
LINE
8
BLACK
6
CONTINUOUS
10
5.2960944881889764
20
-1.8400629921259841
11
5.2938345275590546
21
-1.8396134645669291
0
LINE
8
BLACK
6
CONTINUOUS
10
5.2938345275590546
20
-1.8396134645669291
11
5.2919186614173226
21
-1.8383333070866141
0
LINE
8
BLACK
6
CONTINUOUS
10
5.2919186614173226
20
-1.8383333070866141
11
5.2906385039370081
21
-1.8364174409448819
0
LINE
8
BLACK
6
CONTINUOUS
10
5.2906385039370081
20
-1.8364174409448819
11
5.2901889763779524
21
-1.8341574803149605
0
LINE
8
BLACK
6
CONTINUOUS
10
5.2901889763779524
20
-1.8341574803149605
11
5.2901889763779524
21
-1.8046299212598425
0
LINE
8
BLACK
6
CONTINUOUS
10
5.2901889763779524
20
-1.8046299212598425
11
5.2906385039370081
21
-1.8023699606299213
0
LINE
8
BLACK
6
CONTINUOUS
10
5.2906385039370081
20
-1.8023699606299213
11
5.2919186614173226
21
-1.8004540944881888
0
LINE
8
BLACK
6
CONTINUOUS
10
5.2919186614173226
20
-1.8004540944881888
11
5.2938345275590546
21
-1.7991739370078739
0
LINE
8
BLACK
6
CONTINUOUS
10
5.2938345275590546
20
-1.7991739370078739
11
5.2960944881889764
21
-1.7987244094488188
0
LINE
8
BLACK
6
CONTINUOUS
10
5.2960944881889764
20
-1.7987244094488188
11
5.3079055118110237
21
-1.7987244094488188
0
LINE
8
BLACK
6
CONTINUOUS
10
5.3079055118110237
20
-1.7987244094488188
11
5.3101654724409446
21
-1.7991739370078739
0
LINE
8
BLACK
6
CONTINUOUS
10
5.3601654724409444
20
-1.7991739370078739
11
5.3620813385826773
21
-1.8004540944881888
0
LINE
8
BLACK
6
CONTINUOUS
10
5.3620813385826773
20
-1.8004540944881888
11
5.3633614960629918
21
-1.8023699606299213
0
LINE
8
BLACK
6
CONTINUOUS
10
5.3633614960629918
20
-1.8023699606299213
11
5.3638110236220475
21
-1.8046299212598425
0
LINE
8
BLACK
6
CONTINUOUS
10
5.3638110236220475
20
-1.8046299212598425
11
5.3638110236220475
21
-1.8341574803149605
0
LINE
8
BLACK
6
CONTINUOUS
10
5.3638110236220475
20
-1.8341574803149605
11
5.3633614960629918
21
-1.8364174409448819
0
LINE
8
BLACK
6
CONTINUOUS
10
5.3633614960629918
20
-1.8364174409448819
11
5.3620813385826773
21
-1.8383333070866141
0
LINE
8
BLACK
6
CONTINUOUS
10
5.3620813385826773
20
-1.8383333070866141
11
5.3601654724409444
21
-1.8396134645669291
0
LINE
8
BLACK
6
CONTINUOUS
10
5.3601654724409444
20
-1.8396134645669291
11
5.3579055118110235
21
-1.8400629921259841
0
LINE
8
BLACK
6
CONTINUOUS
10
5.3579055118110235
20
-1.8400629921259841
11
5.3460944881889763
21
-1.8400629921259841
0
LINE
8
BLACK
6
CONTINUOUS
10
5.3460944881889763
20
-1.8400629921259841
11
5.3438345275590553
21
-1.8396134645669291
0
LINE
8
BLACK
6
CONTINUOUS
10
5.3438345275590553
20
-1.8396134645669291
11
5.3419186614173224
21
-1.8383333070866141
0
LINE
8
BLACK
6
CONTINUOUS
10
5.3419186614173224
20
-1.8383333070866141
11
5.3406385039370079
21
-1.8364174409448819
0
LINE
8
BLACK
6
CONTINUOUS
10
5.3406385039370079
20
-1.8364174409448819
11
5.3401889763779522
21
-1.8341574803149605
0
LINE
8
BLACK
6
CONTINUOUS
10
5.3401889763779522
20
-1.8341574803149605
11
5.3401889763779522
21
-1.8046299212598425
0
LINE
8
BLACK
6
CONTINUOUS
10
5.3401889763779522
20
-1.8046299212598425
11
5.3406385039370079
21
-1.8023699606299213
0
LINE
8
BLACK
6
CONTINUOUS
10
5.3406385039370079
20
-1.8023699606299213
11
5.3419186614173224
21
-1.8004540944881888
0
LINE
8
BLACK
6
CONTINUOUS
10
5.3419186614173224
20
-1.8004540944881888
11
5.3438345275590553
21
-1.7991739370078739
0
LINE
8
BLACK
6
CONTINUOUS
10
5.3438345275590553
20
-1.7991739370078739
11
5.3460944881889763
21
-1.7987244094488188
0
LINE
8
BLACK
6
CONTINUOUS
10
5.3460944881889763
20
-1.7987244094488188
11
5.3579055118110235
21
-1.7987244094488188
0
LINE
8
BLACK
6
CONTINUOUS
10
5.3579055118110235
20
-1.7987244094488188
11
5.3601654724409444
21
-1.7991739370078739
0
LINE
8
BLACK
6
CONTINUOUS
10
4.7044408661417325
20
-1.7455748031496063
11
4.6690077952755908
21
-1.7455748031496063
0
LINE
8
BLACK
6
CONTINUOUS
10
4.6690077952755908
20
-1.7455748031496063
11
4.6690077952755908
21
-1.7219527559055117
0
LINE
8
BLACK
6
CONTINUOUS
10
4.6690077952755908
20
-1.7219527559055117
11
4.7044408661417325
21
-1.7219527559055117
0
LINE
8
BLACK
6
CONTINUOUS
10
4.7044408661417325
20
-1.7219527559055117
11
4.7044408661417325
21
-1.7455748031496063
0
LINE
8
BLACK
6
CONTINUOUS
10
4.7497164173228343
20
-1.7455748031496063
11
4.7142833464566927
21
-1.7455748031496063
0
LINE
8
BLACK
6
CONTINUOUS
10
4.7142833464566927
20
-1.7455748031496063
11
4.7142833464566927
21
-1.7219527559055117
0
LINE
8
BLACK
6
CONTINUOUS
10
4.7142833464566927
20
-1.7219527559055117
11
4.7497164173228343
21
-1.7219527559055117
0
LINE
8
BLACK
6
CONTINUOUS
10
4.7497164173228343
20
-1.7219527559055117
11
4.7497164173228343
21
-1.7455748031496063
0
LINE
8
BLACK
6
CONTINUOUS
10
4.7949920472440946
20
-1.7455748031496063
11
4.7595589763779529
21
-1.7455748031496063
0
LINE
8
BLACK
6
CONTINUOUS
10
4.7595589763779529
20
-1.7455748031496063
11
4.7595589763779529
21
-1.7219527559055117
0
LINE
8
BLACK
6
CONTINUOUS
10
4.7595589763779529
20
-1.7219527559055117
11
4.7949920472440946
21
-1.7219527559055117
0
LINE
8
BLACK
6
CONTINUOUS
10
4.7949920472440946
20
-1.7219527559055117
11
4.7949920472440946
21
-1.7455748031496063
0
LINE
8
BLACK
6
CONTINUOUS
10
5.2494409448818899
20
-1.7455748031496063
11
5.2140078740157483
21
-1.7455748031496063
0
LINE
8
BLACK
6
CONTINUOUS
10
5.2140078740157483
20
-1.7455748031496063
11
5.2140078740157483
21
-1.7219527559055117
0
LINE
8
BLACK
6
CONTINUOUS
10
5.2140078740157483
20
-1.7219527559055117
11
5.2494409448818899
21
-1.7219527559055117
0
LINE
8
BLACK
6
CONTINUOUS
10
5.2494409448818899
20
-1.7219527559055117
11
5.2494409448818899
21
-1.7455748031496063
0
LINE
8
BLACK
6
CONTINUOUS
10
5.2947165354330705
20
-1.7455748031496063
11
5.2592834645669289
21
-1.7455748031496063
0
LINE
8
BLACK
6
CONTINUOUS
10
5.2592834645669289
20
-1.7455748031496063
11
5.2592834645669289
21
-1.7219527559055117
0
LINE
8
BLACK
6
CONTINUOUS
10
5.2592834645669289
20
-1.7219527559055117
11
5.2947165354330705
21
-1.7219527559055117
0
LINE
8
BLACK
6
CONTINUOUS
10
5.2947165354330705
20
-1.7219527559055117
11
5.2947165354330705
21
-1.7455748031496063
0
LINE
8
BLACK
6
CONTINUOUS
10
5.339992125984252
20
-1.7455748031496063
11
5.3045590551181103
21
-1.7455748031496063
0
LINE
8
BLACK
6
CONTINUOUS
10
5.3045590551181103
20
-1.7455748031496063
11
5.3045590551181103
21
-1.7219527559055117
0
LINE
8
BLACK
6
CONTINUOUS
10
5.3045590551181103
20
-1.7219527559055117
11
5.339992125984252
21
-1.7219527559055117
0
LINE
8
BLACK
6
CONTINUOUS
10
5.339992125984252
20
-1.7219527559055117
11
5.339992125984252
21
-1.7455748031496063
0
LINE
8
BLACK
6
CONTINUOUS
10
4.7497164960629918
20
-1.7121102362204723
11
4.7142834251968502
21
-1.7121102362204723
0
LINE
8
BLACK
6
CONTINUOUS
10
4.7142834251968502
20
-1.7121102362204723
11
4.7142834251968502
21
-1.6884881889763779
0
LINE
8
BLACK
6
CONTINUOUS
10
4.7142834251968502
20
-1.6884881889763779
11
4.7497164960629918
21
-1.6884881889763779
0
LINE
8
BLACK
6
CONTINUOUS
10
4.7497164960629918
20
-1.6884881889763779
11
4.7497164960629918
21
-1.7121102362204723
0
LINE
8
BLACK
6
CONTINUOUS
10
4.7949920472440946
20
-1.7121102362204723
11
4.7595589763779529
21
-1.7121102362204723
0
LINE
8
BLACK
6
CONTINUOUS
10
4.7595589763779529
20
-1.7121102362204723
11
4.7595589763779529
21
-1.6884881889763779
0
LINE
8
BLACK
6
CONTINUOUS
10
4.7595589763779529
20
-1.6884881889763779
11
4.7949920472440946
21
-1.6884881889763779
0
LINE
8
BLACK
6
CONTINUOUS
10
4.7949920472440946
20
-1.6884881889763779
11
4.7949920472440946
21
-1.7121102362204723
0
LINE
8
BLACK
6
CONTINUOUS
10
5.2494409842519687
20
-1.7121102362204723
11
5.214007913385827
21
-1.7121102362204723
0
LINE
8
BLACK
6
CONTINUOUS
10
5.214007913385827
20
-1.7121102362204723
11
5.214007913385827
21
-1.6884881889763779
0
LINE
8
BLACK
6
CONTINUOUS
10
5.214007913385827
20
-1.6884881889763779
11
5.2494409842519687
21
-1.6884881889763779
0
LINE
8
BLACK
6
CONTINUOUS
10
5.2494409842519687
20
-1.6884881889763779
11
5.2494409842519687
21
-1.7121102362204723
0
LINE
8
BLACK
6
CONTINUOUS
10
5.2947165354330705
20
-1.7121102362204723
11
5.2592834645669289
21
-1.7121102362204723
0
LINE
8
BLACK
6
CONTINUOUS
10
5.2592834645669289
20
-1.7121102362204723
11
5.2592834645669289
21
-1.6884881889763779
0
LINE
8
BLACK
6
CONTINUOUS
10
5.2592834645669289
20
-1.6884881889763779
11
5.2947165354330705
21
-1.6884881889763779
0
LINE
8
BLACK
6
CONTINUOUS
10
5.2947165354330705
20
-1.6884881889763779
11
5.2947165354330705
21
-1.7121102362204723
0
LINE
8
BLACK
6
CONTINUOUS
10
5.339992125984252
20
-1.7121102362204723
11
5.3045590551181103
21
-1.7121102362204723
0
LINE
8
BLACK
6
CONTINUOUS
10
5.3045590551181103
20
-1.7121102362204723
11
5.3045590551181103
21
-1.6884881889763779
0
LINE
8
BLACK
6
CONTINUOUS
10
5.3045590551181103
20
-1.6884881889763779
11
5.339992125984252
21
-1.6884881889763779
0
LINE
8
BLACK
6
CONTINUOUS
10
5.339992125984252
20
-1.6884881889763779
11
5.339992125984252
21
-1.7121102362204723
0
LINE
8
BLACK
6
CONTINUOUS
10
4.7044409055118113
20
-1.7121101968503936
11
4.6690078346456696
21
-1.7121101968503936
0
LINE
8
BLACK
6
CONTINUOUS
10
4.6690078346456696
20
-1.7121101968503936
11
4.6690078346456696
21
-1.6884881496062991
0
LINE
8
BLACK
6
CONTINUOUS
10
4.6690078346456696
20
-1.6884881496062991
11
4.7044409055118113
21
-1.6884881496062991
0
LINE
8
BLACK
6
CONTINUOUS
10
4.7044409055118113
20
-1.6884881496062991
11
4.7044409055118113
21
-1.7121101968503936
0
LINE
8
BLACK
6
CONTINUOUS
10
4.7044408661417325
20
-1.6786456692913385
11
4.6690077952755908
21
-1.6786456692913385
0
LINE
8
BLACK
6
CONTINUOUS
10
4.6690077952755908
20
-1.6786456692913385
11
4.6690077952755908
21
-1.6550236220472441
0
LINE
8
BLACK
6
CONTINUOUS
10
4.6690077952755908
20
-1.6550236220472441
11
4.7044408661417325
21
-1.6550236220472441
0
LINE
8
BLACK
6
CONTINUOUS
10
4.7044408661417325
20
-1.6550236220472441
11
4.7044408661417325
21
-1.6786456692913385
0
LINE
8
BLACK
6
CONTINUOUS
10
4.7497165354330706
20
-1.6786456692913385
11
4.7142834645669289
21
-1.6786456692913385
0
LINE
8
BLACK
6
CONTINUOUS
10
4.7142834645669289
20
-1.6786456692913385
11
4.7142834645669289
21
-1.6550236220472441
0
LINE
8
BLACK
6
CONTINUOUS
10
4.7142834645669289
20
-1.6550236220472441
11
4.7497165354330706
21
-1.6550236220472441
0
LINE
8
BLACK
6
CONTINUOUS
10
4.7497165354330706
20
-1.6550236220472441
11
4.7497165354330706
21
-1.6786456692913385
0
LINE
8
BLACK
6
CONTINUOUS
10
4.7949920472440946
20
-1.6786456692913385
11
4.7595589763779529
21
-1.6786456692913385
0
LINE
8
BLACK
6
CONTINUOUS
10
4.7595589763779529
20
-1.6786456692913385
11
4.7595589763779529
21
-1.6550236220472441
0
LINE
8
BLACK
6
CONTINUOUS
10
4.7595589763779529
20
-1.6550236220472441
11
4.7949920472440946
21
-1.6550236220472441
0
LINE
8
BLACK
6
CONTINUOUS
10
4.7949920472440946
20
-1.6550236220472441
11
4.7949920472440946
21
-1.6786456692913385
0
LINE
8
BLACK
6
CONTINUOUS
10
5.2494409448818899
20
-1.6786456692913385
11
5.2140078740157483
21
-1.6786456692913385
0
LINE
8
BLACK
6
CONTINUOUS
10
5.2140078740157483
20
-1.6786456692913385
11
5.2140078740157483
21
-1.6550236220472441
0
LINE
8
BLACK
6
CONTINUOUS
10
5.2140078740157483
20
-1.6550236220472441
11
5.2494409448818899
21
-1.6550236220472441
0
LINE
8
BLACK
6
CONTINUOUS
10
5.2494409448818899
20
-1.6550236220472441
11
5.2494409448818899
21
-1.6786456692913385
0
LINE
8
BLACK
6
CONTINUOUS
10
5.2947165354330705
20
-1.6786456692913385
11
5.2592834645669289
21
-1.6786456692913385
0
LINE
8
BLACK
6
CONTINUOUS
10
5.2592834645669289
20
-1.6786456692913385
11
5.2592834645669289
21
-1.6550236220472441
0
LINE
8
BLACK
6
CONTINUOUS
10
5.2592834645669289
20
-1.6550236220472441
11
5.2947165354330705
21
-1.6550236220472441
0
LINE
8
BLACK
6
CONTINUOUS
10
5.2947165354330705
20
-1.6550236220472441
11
5.2947165354330705
21
-1.6786456692913385
0
LINE
8
BLACK
6
CONTINUOUS
10
5.339992125984252
20
-1.6786456692913385
11
5.3045590551181103
21
-1.6786456692913385
0
LINE
8
BLACK
6
CONTINUOUS
10
5.3045590551181103
20
-1.6786456692913385
11
5.3045590551181103
21
-1.6550236220472441
0
LINE
8
BLACK
6
CONTINUOUS
10
5.3045590551181103
20
-1.6550236220472441
11
5.339992125984252
21
-1.6550236220472441
0
LINE
8
BLACK
6
CONTINUOUS
10
5.339992125984252
20
-1.6550236220472441
11
5.339992125984252
21
-1.6786456692913385
0
LINE
8
BLACK
6
CONTINUOUS
10
4.7044408661417325
20
-1.6451811023622047
11
4.6690077952755908
21
-1.6451811023622047
0
LINE
8
BLACK
6
CONTINUOUS
10
4.6690077952755908
20
-1.6451811023622047
11
4.6690077952755908
21
-1.6215590551181103
0
LINE
8
BLACK
6
CONTINUOUS
10
4.6690077952755908
20
-1.6215590551181103
11
4.7044408661417325
21
-1.6215590551181103
0
LINE
8
BLACK
6
CONTINUOUS
10
4.7044408661417325
20
-1.6215590551181103
11
4.7044408661417325
21
-1.6451811023622047
0
LINE
8
BLACK
6
CONTINUOUS
10
4.7949920866141733
20
-1.6451811023622047
11
4.7595590157480316
21
-1.6451811023622047
0
LINE
8
BLACK
6
CONTINUOUS
10
4.7595590157480316
20
-1.6451811023622047
11
4.7595590157480316
21
-1.6215590551181103
0
LINE
8
BLACK
6
CONTINUOUS
10
4.7595590157480316
20
-1.6215590551181103
11
4.7949920866141733
21
-1.6215590551181103
0
LINE
8
BLACK
6
CONTINUOUS
10
4.7949920866141733
20
-1.6215590551181103
11
4.7949920866141733
21
-1.6451811023622047
0
LINE
8
BLACK
6
CONTINUOUS
10
5.2494409448818899
20
-1.6451811023622047
11
5.2140078740157483
21
-1.6451811023622047
0
LINE
8
BLACK
6
CONTINUOUS
10
5.2140078740157483
20
-1.6451811023622047
11
5.2140078740157483
21
-1.6215590551181103
0
LINE
8
BLACK
6
CONTINUOUS
10
5.2140078740157483
20
-1.6215590551181103
11
5.2494409448818899
21
-1.6215590551181103
0
LINE
8
BLACK
6
CONTINUOUS
10
5.2494409448818899
20
-1.6215590551181103
11
5.2494409448818899
21
-1.6451811023622047
0
LINE
8
BLACK
6
CONTINUOUS
10
5.2947165354330705
20
-1.6451811023622047
11
5.2592834645669289
21
-1.6451811023622047
0
LINE
8
BLACK
6
CONTINUOUS
10
5.2592834645669289
20
-1.6451811023622047
11
5.2592834645669289
21
-1.6215590551181103
0
LINE
8
BLACK
6
CONTINUOUS
10
5.2592834645669289
20
-1.6215590551181103
11
5.2947165354330705
21
-1.6215590551181103
0
LINE
8
BLACK
6
CONTINUOUS
10
5.2947165354330705
20
-1.6215590551181103
11
5.2947165354330705
21
-1.6451811023622047
0
LINE
8
BLACK
6
CONTINUOUS
10
5.3399921653543307
20
-1.6451811023622047
11
5.3045590944881891
21
-1.6451811023622047
0
LINE
8
BLACK
6
CONTINUOUS
10
5.3045590944881891
20
-1.6451811023622047
11
5.3045590944881891
21
-1.6215590551181103
0
LINE
8
BLACK
6
CONTINUOUS
10
5.3045590944881891
20
-1.6215590551181103
11
5.3399921653543307
21
-1.6215590551181103
0
LINE
8
BLACK
6
CONTINUOUS
10
5.3399921653543307
20
-1.6215590551181103
11
5.3399921653543307
21
-1.6451811023622047
0
LINE
8
BLACK
6
CONTINUOUS
10
4.7497164566929131
20
-1.6451810236220472
11
4.7142833858267714
21
-1.6451810236220472
0
LINE
8
BLACK
6
CONTINUOUS
10
4.7142833858267714
20
-1.6451810236220472
11
4.7142833858267714
21
-1.6215589763779528
0
LINE
8
BLACK
6
CONTINUOUS
10
4.7142833858267714
20
-1.6215589763779528
11
4.7497164566929131
21
-1.6215589763779528
0
LINE
8
BLACK
6
CONTINUOUS
10
4.7497164566929131
20
-1.6215589763779528
11
4.7497164566929131
21
-1.6451810236220472
0
LINE
8
BLACK
6
CONTINUOUS
10
4.7188109448818896
20
-1.6117165748031497
11
4.6951888976377951
21
-1.6117165748031497
0
LINE
8
BLACK
6
CONTINUOUS
10
4.6951888976377951
20
-1.6117165748031497
11
4.6951888976377951
21
-1.5762835039370078
0
LINE
8
BLACK
6
CONTINUOUS
10
4.6951888976377951
20
-1.5762835039370078
11
4.7188109448818896
21
-1.5762835039370078
0
LINE
8
BLACK
6
CONTINUOUS
10
4.7188109448818896
20
-1.5762835039370078
11
4.7188109448818896
21
-1.6117165748031497
0
LINE
8
BLACK
6
CONTINUOUS
10
4.6688110236220473
20
-1.6117165354330709
11
4.6451889763779528
21
-1.6117165354330709
0
LINE
8
BLACK
6
CONTINUOUS
10
4.6451889763779528
20
-1.6117165354330709
11
4.6451889763779528
21
-1.576283464566929
0
LINE
8
BLACK
6
CONTINUOUS
10
4.6451889763779528
20
-1.576283464566929
11
4.6688110236220473
21
-1.576283464566929
0
LINE
8
BLACK
6
CONTINUOUS
10
4.6688110236220473
20
-1.576283464566929
11
4.6688110236220473
21
-1.6117165354330709
0
LINE
8
BLACK
6
CONTINUOUS
10
4.7688109448818894
20
-1.6117165354330709
11
4.7451888976377949
21
-1.6117165354330709
0
LINE
8
BLACK
6
CONTINUOUS
10
4.7451888976377949
20
-1.6117165354330709
11
4.7451888976377949
21
-1.576283464566929
0
LINE
8
BLACK
6
CONTINUOUS
10
4.7451888976377949
20
-1.576283464566929
11
4.7688109448818894
21
-1.576283464566929
0
LINE
8
BLACK
6
CONTINUOUS
10
4.7688109448818894
20
-1.576283464566929
11
4.7688109448818894
21
-1.6117165354330709
0
LINE
8
BLACK
6
CONTINUOUS
10
4.8188109448818892
20
-1.6117165354330709
11
4.7951888976377948
21
-1.6117165354330709
0
LINE
8
BLACK
6
CONTINUOUS
10
4.7951888976377948
20
-1.6117165354330709
11
4.7951888976377948
21
-1.576283464566929
0
LINE
8
BLACK
6
CONTINUOUS
10
4.7951888976377948
20
-1.576283464566929
11
4.8188109448818892
21
-1.576283464566929
0
LINE
8
BLACK
6
CONTINUOUS
10
4.8188109448818892
20
-1.576283464566929
11
4.8188109448818892
21
-1.6117165354330709
0
LINE
8
BLACK
6
CONTINUOUS
10
5.2138110236220472
20
-1.6117165354330709
11
5.1901889763779527
21
-1.6117165354330709
0
LINE
8
BLACK
6
CONTINUOUS
10
5.1901889763779527
20
-1.6117165354330709
11
5.1901889763779527
21
-1.576283464566929
0
LINE
8
BLACK
6
CONTINUOUS
10
5.1901889763779527
20
-1.576283464566929
11
5.2138110236220472
21
-1.576283464566929
0
LINE
8
BLACK
6
CONTINUOUS
10
5.2138110236220472
20
-1.576283464566929
11
5.2138110236220472
21
-1.6117165354330709
0
LINE
8
BLACK
6
CONTINUOUS
10
5.263811023622047
20
-1.6117165354330709
11
5.2401889763779526
21
-1.6117165354330709
0
LINE
8
BLACK
6
CONTINUOUS
10
5.2401889763779526
20
-1.6117165354330709
11
5.2401889763779526
21
-1.576283464566929
0
LINE
8
BLACK
6
CONTINUOUS
10
5.2401889763779526
20
-1.576283464566929
11
5.263811023622047
21
-1.576283464566929
0
LINE
8
BLACK
6
CONTINUOUS
10
5.263811023622047
20
-1.576283464566929
11
5.263811023622047
21
-1.6117165354330709
0
LINE
8
BLACK
6
CONTINUOUS
10
5.3138110236220468
20
-1.6117165354330709
11
5.2901889763779524
21
-1.6117165354330709
0
LINE
8
BLACK
6
CONTINUOUS
10
5.2901889763779524
20
-1.6117165354330709
11
5.2901889763779524
21
-1.576283464566929
0
LINE
8
BLACK
6
CONTINUOUS
10
5.2901889763779524
20
-1.576283464566929
11
5.3138110236220468
21
-1.576283464566929
0
LINE
8
BLACK
6
CONTINUOUS
10
5.3138110236220468
20
-1.576283464566929
11
5.3138110236220468
21
-1.6117165354330709
0
LINE
8
BLACK
6
CONTINUOUS
10
5.3638110236220475
20
-1.6117165354330709
11
5.3401889763779522
21
-1.6117165354330709
0
LINE
8
BLACK
6
CONTINUOUS
10
5.3401889763779522
20
-1.6117165354330709
11
5.3401889763779522
21
-1.576283464566929
0
LINE
8
BLACK
6
CONTINUOUS
10
5.3401889763779522
20
-1.576283464566929
11
5.3638110236220475
21
-1.576283464566929
0
LINE
8
BLACK
6
CONTINUOUS
10
5.3638110236220475
20
-1.576283464566929
11
5.3638110236220475
21
-1.6117165354330709
0
LINE
8
BLACK
6
CONTINUOUS
10
4.5033728740157484
20
-1.4951823228346457
11
4.5065660236220468
21
-1.497315905511811
0
LINE
8
BLACK
6
CONTINUOUS
10
4.5065660236220468
20
-1.497315905511811
11
4.5086996062992126
21
-1.5005090551181102
0
LINE
8
BLACK
6
CONTINUOUS
10
4.5086996062992126
20
-1.5005090551181102
11
4.5094488188976376
21
-1.5042756299212598
0
LINE
8
BLACK
6
CONTINUOUS
10
4.5094488188976376
20
-1.5042756299212598
11
4.5094488188976376
21
-1.5357716929133858
0
LINE
8
BLACK
6
CONTINUOUS
10
4.5094488188976376
20
-1.5357716929133858
11
4.5086996062992126
21
-1.5395382677165355
0
LINE
8
BLACK
6
CONTINUOUS
10
4.5086996062992126
20
-1.5395382677165355
11
4.5065660236220468
21
-1.5427314173228346
0
LINE
8
BLACK
6
CONTINUOUS
10
4.5065660236220468
20
-1.5427314173228346
11
4.5033728740157484
21
-1.5448649999999999
0
LINE
8
BLACK
6
CONTINUOUS
10
4.5033728740157484
20
-1.5448649999999999
11
4.4996062992125987
21
-1.5456142125984251
0
LINE
8
BLACK
6
CONTINUOUS
10
4.4996062992125987
20
-1.5456142125984251
11
4.4503937007874015
21
-1.5456142125984251
0
LINE
8
BLACK
6
CONTINUOUS
10
4.4503937007874015
20
-1.5456142125984251
11
4.4466271259842518
21
-1.5448649999999999
0
LINE
8
BLACK
6
CONTINUOUS
10
4.4466271259842518
20
-1.5448649999999999
11
4.4434339763779525
21
-1.5427314173228346
0
LINE
8
BLACK
6
CONTINUOUS
10
4.4434339763779525
20
-1.5427314173228346
11
4.4413003937007876
21
-1.5395382677165355
0
LINE
8
BLACK
6
CONTINUOUS
10
4.4413003937007876
20
-1.5395382677165355
11
4.4405511811023617
21
-1.5357716929133858
0
LINE
8
BLACK
6
CONTINUOUS
10
4.4405511811023617
20
-1.5357716929133858
11
4.4405511811023617
21
-1.5042756299212598
0
LINE
8
BLACK
6
CONTINUOUS
10
4.4405511811023617
20
-1.5042756299212598
11
4.4413003937007876
21
-1.5005090551181102
0
LINE
8
BLACK
6
CONTINUOUS
10
4.4413003937007876
20
-1.5005090551181102
11
4.4434339763779525
21
-1.497315905511811
0
LINE
8
BLACK
6
CONTINUOUS
10
4.4434339763779525
20
-1.497315905511811
11
4.4466271259842518
21
-1.4951823228346457
0
LINE
8
BLACK
6
CONTINUOUS
10
4.4466271259842518
20
-1.4951823228346457
11
4.4503937007874015
21
-1.4944331102362205
0
LINE
8
BLACK
6
CONTINUOUS
10
4.4503937007874015
20
-1.4944331102362205
11
4.4996062992125987
21
-1.4944331102362205
0
LINE
8
BLACK
6
CONTINUOUS
10
4.4996062992125987
20
-1.4944331102362205
11
4.5033728740157484
21
-1.4951823228346457
0
LINE
8
BLACK
6
CONTINUOUS
10
5.4973728740157481
20
-1.4822059842519684
11
5.5005660236220475
21
-1.4843395669291337
0
LINE
8
BLACK
6
CONTINUOUS
10
5.5005660236220475
20
-1.4843395669291337
11
5.5026996062992124
21
-1.4875327165354331
0
LINE
8
BLACK
6
CONTINUOUS
10
5.5026996062992124
20
-1.4875327165354331
11
5.5034488188976374
21
-1.4912992913385827
0
LINE
8
BLACK
6
CONTINUOUS
10
5.5034488188976374
20
-1.4912992913385827
11
5.5034488188976374
21
-1.5227953543307087
0
LINE
8
BLACK
6
CONTINUOUS
10
5.5034488188976374
20
-1.5227953543307087
11
5.5026996062992124
21
-1.5265619291338581
0
LINE
8
BLACK
6
CONTINUOUS
10
5.5026996062992124
20
-1.5265619291338581
11
5.5005660236220475
21
-1.5297550787401575
0
LINE
8
BLACK
6
CONTINUOUS
10
5.5005660236220475
20
-1.5297550787401575
11
5.4973728740157481
21
-1.5318886614173228
0
LINE
8
BLACK
6
CONTINUOUS
10
5.4973728740157481
20
-1.5318886614173228
11
5.4936062992125985
21
-1.532637874015748
0
LINE
8
BLACK
6
CONTINUOUS
10
5.4936062992125985
20
-1.532637874015748
11
5.4443937007874013
21
-1.532637874015748
0
LINE
8
BLACK
6
CONTINUOUS
10
5.4443937007874013
20
-1.532637874015748
11
5.4406271259842516
21
-1.5318886614173228
0
LINE
8
BLACK
6
CONTINUOUS
10
5.4406271259842516
20
-1.5318886614173228
11
5.4374339763779522
21
-1.5297550787401575
0
LINE
8
BLACK
6
CONTINUOUS
10
5.4374339763779522
20
-1.5297550787401575
11
5.4353003937007873
21
-1.5265619291338581
0
LINE
8
BLACK
6
CONTINUOUS
10
5.4353003937007873
20
-1.5265619291338581
11
5.4345511811023623
21
-1.5227953543307087
0
LINE
8
BLACK
6
CONTINUOUS
10
5.4345511811023623
20
-1.5227953543307087
11
5.4345511811023623
21
-1.4912992913385827
0
LINE
8
BLACK
6
CONTINUOUS
10
5.4345511811023623
20
-1.4912992913385827
11
5.4353003937007873
21
-1.4875327165354331
0
LINE
8
BLACK
6
CONTINUOUS
10
5.4353003937007873
20
-1.4875327165354331
11
5.4374339763779522
21
-1.4843395669291337
0
LINE
8
BLACK
6
CONTINUOUS
10
5.4374339763779522
20
-1.4843395669291337
11
5.4406271259842516
21
-1.4822059842519684
0
LINE
8
BLACK
6
CONTINUOUS
10
5.4406271259842516
20
-1.4822059842519684
11
5.4443937007874013
21
-1.4814567716535432
0
LINE
8
BLACK
6
CONTINUOUS
10
5.4443937007874013
20
-1.4814567716535432
11
5.4936062992125985
21
-1.4814567716535432
0
LINE
8
BLACK
6
CONTINUOUS
10
5.4936062992125985
20
-1.4814567716535432
11
5.4973728740157481
21
-1.4822059842519684
0
LINE
8
BLACK
6
CONTINUOUS
10
4.3672688582677166
20
-1.4794942519685039
11
4.3703821653543304
21
-1.4815745275590551
0
LINE
8
BLACK
6
CONTINUOUS
10
4.3703821653543304
20
-1.4815745275590551
11
4.372462440944882
21
-1.4846878346456693
0
LINE
8
BLACK
6
CONTINUOUS
10
4.372462440944882
20
-1.4846878346456693
11
4.3731929133858269
21
-1.4883602362204724
0
LINE
8
BLACK
6
CONTINUOUS
10
4.3731929133858269
20
-1.4883602362204724
11
4.3731929133858269
21
-1.5183799212598426
0
LINE
8
BLACK
6
CONTINUOUS
10
4.3731929133858269
20
-1.5183799212598426
11
4.372462440944882
21
-1.5220523228346456
0
LINE
8
BLACK
6
CONTINUOUS
10
4.372462440944882
20
-1.5220523228346456
11
4.3703821653543304
21
-1.5251656299212597
0
LINE
8
BLACK
6
CONTINUOUS
10
4.3703821653543304
20
-1.5251656299212597
11
4.3672688582677166
21
-1.5272459055118111
0
LINE
8
BLACK
6
CONTINUOUS
10
4.3672688582677166
20
-1.5272459055118111
11
4.3635964566929131
21
-1.5279763779527558
0
LINE
8
BLACK
6
CONTINUOUS
10
4.3635964566929131
20
-1.5279763779527558
11
4.3444035433070862
21
-1.5279763779527558
0
LINE
8
BLACK
6
CONTINUOUS
10
4.3444035433070862
20
-1.5279763779527558
11
4.3407311417322836
21
-1.5272459055118111
0
LINE
8
BLACK
6
CONTINUOUS
10
4.3407311417322836
20
-1.5272459055118111
11
4.3376178346456689
21
-1.5251656299212597
0
LINE
8
BLACK
6
CONTINUOUS
10
4.3376178346456689
20
-1.5251656299212597
11
4.3355375590551182
21
-1.5220523228346456
0
LINE
8
BLACK
6
CONTINUOUS
10
4.3355375590551182
20
-1.5220523228346456
11
4.3348070866141732
21
-1.5183799212598426
0
LINE
8
BLACK
6
CONTINUOUS
10
4.3348070866141732
20
-1.5183799212598426
11
4.3348070866141732
21
-1.4883602362204724
0
LINE
8
BLACK
6
CONTINUOUS
10
4.3348070866141732
20
-1.4883602362204724
11
4.3355375590551182
21
-1.4846878346456693
0
LINE
8
BLACK
6
CONTINUOUS
10
4.3355375590551182
20
-1.4846878346456693
11
4.3376178346456689
21
-1.4815745275590551
0
LINE
8
BLACK
6
CONTINUOUS
10
4.3376178346456689
20
-1.4815745275590551
11
4.3407311417322836
21
-1.4794942519685039
0
LINE
8
BLACK
6
CONTINUOUS
10
4.3407311417322836
20
-1.4794942519685039
11
4.3444035433070862
21
-1.478763779527559
0
LINE
8
BLACK
6
CONTINUOUS
10
4.3444035433070862
20
-1.478763779527559
11
4.3635964566929131
21
-1.478763779527559
0
LINE
8
BLACK
6
CONTINUOUS
10
4.3635964566929131
20
-1.478763779527559
11
4.3672688582677166
21
-1.4794942519685039
0
LINE
8
BLACK
6
CONTINUOUS
10
5.6232688582677168
20
-1.4591241732283464
11
5.6263821653543307
21
-1.4612044488188975
0
LINE
8
BLACK
6
CONTINUOUS
10
5.6263821653543307
20
-1.4612044488188975
11
5.6284624409448814
21
-1.4643177559055118
0
LINE
8
BLACK
6
CONTINUOUS
10
5.6284624409448814
20
-1.4643177559055118
11
5.6291929133858263
21
-1.4679901574803149
0
LINE
8
BLACK
6
CONTINUOUS
10
5.6291929133858263
20
-1.4679901574803149
11
5.6291929133858263
21
-1.4980098425196851
0
LINE
8
BLACK
6
CONTINUOUS
10
5.6291929133858263
20
-1.4980098425196851
11
5.6284624409448814
21
-1.5016822440944881
0
LINE
8
BLACK
6
CONTINUOUS
10
5.6284624409448814
20
-1.5016822440944881
11
5.6263821653543307
21
-1.5047955511811024
0
LINE
8
BLACK
6
CONTINUOUS
10
5.6263821653543307
20
-1.5047955511811024
11
5.6232688582677168
21
-1.5068758267716535
0
LINE
8
BLACK
6
CONTINUOUS
10
5.6232688582677168
20
-1.5068758267716535
11
5.6195964566929133
21
-1.5076062992125985
0
LINE
8
BLACK
6
CONTINUOUS
10
5.6195964566929133
20
-1.5076062992125985
11
5.6004035433070865
21
-1.5076062992125985
0
LINE
8
BLACK
6
CONTINUOUS
10
5.6004035433070865
20
-1.5076062992125985
11
5.5967311417322829
21
-1.5068758267716535
0
LINE
8
BLACK
6
CONTINUOUS
10
5.5967311417322829
20
-1.5068758267716535
11
5.5936178346456691
21
-1.5047955511811024
0
LINE
8
BLACK
6
CONTINUOUS
10
5.5936178346456691
20
-1.5047955511811024
11
5.5915375590551184
21
-1.5016822440944881
0
LINE
8
BLACK
6
CONTINUOUS
10
5.5915375590551184
20
-1.5016822440944881
11
5.5908070866141735
21
-1.4980098425196851
0
LINE
8
BLACK
6
CONTINUOUS
10
5.5908070866141735
20
-1.4980098425196851
11
5.5908070866141735
21
-1.4679901574803149
0
LINE
8
BLACK
6
CONTINUOUS
10
5.5908070866141735
20
-1.4679901574803149
11
5.5915375590551184
21
-1.4643177559055118
0
LINE
8
BLACK
6
CONTINUOUS
10
5.5915375590551184
20
-1.4643177559055118
11
5.5936178346456691
21
-1.4612044488188975
0
LINE
8
BLACK
6
CONTINUOUS
10
5.5936178346456691
20
-1.4612044488188975
11
5.5967311417322829
21
-1.4591241732283464
0
LINE
8
BLACK
6
CONTINUOUS
10
5.5967311417322829
20
-1.4591241732283464
11
5.6004035433070865
21
-1.4583937007874015
0
LINE
8
BLACK
6
CONTINUOUS
10
5.6004035433070865
20
-1.4583937007874015
11
5.6195964566929133
21
-1.4583937007874015
0
LINE
8
BLACK
6
CONTINUOUS
10
5.6195964566929133
20
-1.4583937007874015
11
5.6232688582677168
21
-1.4591241732283464
0
LINE
8
BLACK
6
CONTINUOUS
10
4.3701123228346459
20
-1.4133808267716534
11
4.3725072047244096
21
-1.4149809842519685
0
LINE
8
BLACK
6
CONTINUOUS
10
4.3725072047244096
20
-1.4149809842519685
11
4.3741073622047244
21
-1.4173758661417322
0
LINE
8
BLACK
6
CONTINUOUS
10
4.3741073622047244
20
-1.4173758661417322
11
4.3746692913385825
21
-1.4202007874015747
0
LINE
8
BLACK
6
CONTINUOUS
10
4.3746692913385825
20
-1.4202007874015747
11
4.3746692913385825
21
-1.4349645669291338
0
LINE
8
BLACK
6
CONTINUOUS
10
4.3746692913385825
20
-1.4349645669291338
11
4.3741073622047244
21
-1.4377894881889763
0
LINE
8
BLACK
6
CONTINUOUS
10
4.3741073622047244
20
-1.4377894881889763
11
4.3725072047244096
21
-1.4401843700787402
0
LINE
8
BLACK
6
CONTINUOUS
10
4.3725072047244096
20
-1.4401843700787402
11
4.3701123228346459
21
-1.4417845275590551
0
LINE
8
BLACK
6
CONTINUOUS
10
4.3701123228346459
20
-1.4417845275590551
11
4.3672874015748029
21
-1.4423464566929134
0
LINE
8
BLACK
6
CONTINUOUS
10
4.3672874015748029
20
-1.4423464566929134
11
4.3407125984251964
21
-1.4423464566929134
0
LINE
8
BLACK
6
CONTINUOUS
10
4.3407125984251964
20
-1.4423464566929134
11
4.3378876771653543
21
-1.4417845275590551
0
LINE
8
BLACK
6
CONTINUOUS
10
4.3378876771653543
20
-1.4417845275590551
11
4.3354927952755906
21
-1.4401843700787402
0
LINE
8
BLACK
6
CONTINUOUS
10
4.3354927952755906
20
-1.4401843700787402
11
4.3338926377952758
21
-1.4377894881889763
0
LINE
8
BLACK
6
CONTINUOUS
10
4.3338926377952758
20
-1.4377894881889763
11
4.3333307086614168
21
-1.4349645669291338
0
LINE
8
BLACK
6
CONTINUOUS
10
4.3333307086614168
20
-1.4349645669291338
11
4.3333307086614168
21
-1.4202007874015747
0
LINE
8
BLACK
6
CONTINUOUS
10
4.3333307086614168
20
-1.4202007874015747
11
4.3338926377952758
21
-1.4173758661417322
0
LINE
8
BLACK
6
CONTINUOUS
10
4.3338926377952758
20
-1.4173758661417322
11
4.3354927952755906
21
-1.4149809842519685
0
LINE
8
BLACK
6
CONTINUOUS
10
4.3354927952755906
20
-1.4149809842519685
11
4.3378876771653543
21
-1.4133808267716534
0
LINE
8
BLACK
6
CONTINUOUS
10
4.3378876771653543
20
-1.4133808267716534
11
4.3407125984251964
21
-1.4128188976377953
0
LINE
8
BLACK
6
CONTINUOUS
10
4.3407125984251964
20
-1.4128188976377953
11
4.3672874015748029
21
-1.4128188976377953
0
LINE
8
BLACK
6
CONTINUOUS
10
4.3672874015748029
20
-1.4128188976377953
11
4.3701123228346459
21
-1.4133808267716534
0
LINE
8
BLACK
6
CONTINUOUS
10
4.5033728740157484
20
-1.373135
11
4.5065660236220468
21
-1.3752685826771653
0
LINE
8
BLACK
6
CONTINUOUS
10
4.5065660236220468
20
-1.3752685826771653
11
4.5086996062992126
21
-1.3784617322834645
0
LINE
8
BLACK
6
CONTINUOUS
10
4.5086996062992126
20
-1.3784617322834645
11
4.5094488188976376
21
-1.3822283070866141
0
LINE
8
BLACK
6
CONTINUOUS
10
4.5094488188976376
20
-1.3822283070866141
11
4.5094488188976376
21
-1.4137243700787401
0
LINE
8
BLACK
6
CONTINUOUS
10
4.5094488188976376
20
-1.4137243700787401
11
4.5086996062992126
21
-1.4174909448818898
0
LINE
8
BLACK
6
CONTINUOUS
10
4.5086996062992126
20
-1.4174909448818898
11
4.5065660236220468
21
-1.4206840944881889
0
LINE
8
BLACK
6
CONTINUOUS
10
4.5065660236220468
20
-1.4206840944881889
11
4.5033728740157484
21
-1.4228176771653542
0
LINE
8
BLACK
6
CONTINUOUS
10
4.5033728740157484
20
-1.4228176771653542
11
4.4996062992125987
21
-1.4235668897637794
0
LINE
8
BLACK
6
CONTINUOUS
10
4.4996062992125987
20
-1.4235668897637794
11
4.4503937007874015
21
-1.4235668897637794
0
LINE
8
BLACK
6
CONTINUOUS
10
4.4503937007874015
20
-1.4235668897637794
11
4.4466271259842518
21
-1.4228176771653542
0
LINE
8
BLACK
6
CONTINUOUS
10
4.4466271259842518
20
-1.4228176771653542
11
4.4434339763779525
21
-1.4206840944881889
0
LINE
8
BLACK
6
CONTINUOUS
10
4.4434339763779525
20
-1.4206840944881889
11
4.4413003937007876
21
-1.4174909448818898
0
LINE
8
BLACK
6
CONTINUOUS
10
4.4413003937007876
20
-1.4174909448818898
11
4.4405511811023617
21
-1.4137243700787401
0
LINE
8
BLACK
6
CONTINUOUS
10
4.4405511811023617
20
-1.4137243700787401
11
4.4405511811023617
21
-1.3822283070866141
0
LINE
8
BLACK
6
CONTINUOUS
10
4.4405511811023617
20
-1.3822283070866141
11
4.4413003937007876
21
-1.3784617322834645
0
LINE
8
BLACK
6
CONTINUOUS
10
4.4413003937007876
20
-1.3784617322834645
11
4.4434339763779525
21
-1.3752685826771653
0
LINE
8
BLACK
6
CONTINUOUS
10
4.4434339763779525
20
-1.3752685826771653
11
4.4466271259842518
21
-1.373135
0
LINE
8
BLACK
6
CONTINUOUS
10
4.4466271259842518
20
-1.373135
11
4.4503937007874015
21
-1.3723857874015748
0
LINE
8
BLACK
6
CONTINUOUS
10
4.4503937007874015
20
-1.3723857874015748
11
4.4996062992125987
21
-1.3723857874015748
0
LINE
8
BLACK
6
CONTINUOUS
10
4.4996062992125987
20
-1.3723857874015748
11
4.5033728740157484
21
-1.373135
0
LINE
8
BLACK
6
CONTINUOUS
10
5.6261123228346452
20
-1.3930107480314959
11
5.6285072047244089
21
-1.394610905511811
0
LINE
8
BLACK
6
CONTINUOUS
10
5.6285072047244089
20
-1.394610905511811
11
5.6301073622047246
21
-1.3970057874015747
0
LINE
8
BLACK
6
CONTINUOUS
10
5.6301073622047246
20
-1.3970057874015747
11
5.6306692913385827
21
-1.3998307086614172
0
LINE
8
BLACK
6
CONTINUOUS
10
5.6306692913385827
20
-1.3998307086614172
11
5.6306692913385827
21
-1.4145944881889763
0
LINE
8
BLACK
6
CONTINUOUS
10
5.6306692913385827
20
-1.4145944881889763
11
5.6301073622047246
21
-1.4174194094488188
0
LINE
8
BLACK
6
CONTINUOUS
10
5.6301073622047246
20
-1.4174194094488188
11
5.6285072047244089
21
-1.4198142913385827
0
LINE
8
BLACK
6
CONTINUOUS
10
5.6285072047244089
20
-1.4198142913385827
11
5.6261123228346452
21
-1.4214144488188976
0
LINE
8
BLACK
6
CONTINUOUS
10
5.6261123228346452
20
-1.4214144488188976
11
5.6232874015748031
21
-1.4219763779527559
0
LINE
8
BLACK
6
CONTINUOUS
10
5.6232874015748031
20
-1.4219763779527559
11
5.5967125984251966
21
-1.4219763779527559
0
LINE
8
BLACK
6
CONTINUOUS
10
5.5967125984251966
20
-1.4219763779527559
11
5.5938876771653545
21
-1.4214144488188976
0
LINE
8
BLACK
6
CONTINUOUS
10
5.5938876771653545
20
-1.4214144488188976
11
5.5914927952755908
21
-1.4198142913385827
0
LINE
8
BLACK
6
CONTINUOUS
10
5.5914927952755908
20
-1.4198142913385827
11
5.5898926377952751
21
-1.4174194094488188
0
LINE
8
BLACK
6
CONTINUOUS
10
5.5898926377952751
20
-1.4174194094488188
11
5.589330708661417
21
-1.4145944881889763
0
LINE
8
BLACK
6
CONTINUOUS
10
5.589330708661417
20
-1.4145944881889763
11
5.589330708661417
21
-1.3998307086614172
0
LINE
8
BLACK
6
CONTINUOUS
10
5.589330708661417
20
-1.3998307086614172
11
5.5898926377952751
21
-1.3970057874015747
0
LINE
8
BLACK
6
CONTINUOUS
10
5.5898926377952751
20
-1.3970057874015747
11
5.5914927952755908
21
-1.394610905511811
0
LINE
8
BLACK
6
CONTINUOUS
10
5.5914927952755908
20
-1.394610905511811
11
5.5938876771653545
21
-1.3930107480314959
0
LINE
8
BLACK
6
CONTINUOUS
10
5.5938876771653545
20
-1.3930107480314959
11
5.5967125984251966
21
-1.3924488188976378
0
LINE
8
BLACK
6
CONTINUOUS
10
5.5967125984251966
20
-1.3924488188976378
11
5.6232874015748031
21
-1.3924488188976378
0
LINE
8
BLACK
6
CONTINUOUS
10
5.6232874015748031
20
-1.3924488188976378
11
5.6261123228346452
21
-1.3930107480314959
0
LINE
8
BLACK
6
CONTINUOUS
10
5.4973728740157481
20
-1.3601586614173229
11
5.5005660236220475
21
-1.3622922440944882
0
LINE
8
BLACK
6
CONTINUOUS
10
5.5005660236220475
20
-1.3622922440944882
11
5.5026996062992124
21
-1.3654853937007874
0
LINE
8
BLACK
6
CONTINUOUS
10
5.5026996062992124
20
-1.3654853937007874
11
5.5034488188976374
21
-1.369251968503937
0
LINE
8
BLACK
6
CONTINUOUS
10
5.5034488188976374
20
-1.369251968503937
11
5.5034488188976374
21
-1.400748031496063
0
LINE
8
BLACK
6
CONTINUOUS
10
5.5034488188976374
20
-1.400748031496063
11
5.5026996062992124
21
-1.4045146062992127
0
LINE
8
BLACK
6
CONTINUOUS
10
5.5026996062992124
20
-1.4045146062992127
11
5.5005660236220475
21
-1.4077077559055118
0
LINE
8
BLACK
6
CONTINUOUS
10
5.5005660236220475
20
-1.4077077559055118
11
5.4973728740157481
21
-1.4098413385826771
0
LINE
8
BLACK
6
CONTINUOUS
10
5.4973728740157481
20
-1.4098413385826771
11
5.4936062992125985
21
-1.4105905511811023
0
LINE
8
BLACK
6
CONTINUOUS
10
5.4936062992125985
20
-1.4105905511811023
11
5.4443937007874013
21
-1.4105905511811023
0
LINE
8
BLACK
6
CONTINUOUS
10
5.4443937007874013
20
-1.4105905511811023
11
5.4406271259842516
21
-1.4098413385826771
0
LINE
8
BLACK
6
CONTINUOUS
10
5.4406271259842516
20
-1.4098413385826771
11
5.4374339763779522
21
-1.4077077559055118
0
LINE
8
BLACK
6
CONTINUOUS
10
5.4374339763779522
20
-1.4077077559055118
11
5.4353003937007873
21
-1.4045146062992127
0
LINE
8
BLACK
6
CONTINUOUS
10
5.4353003937007873
20
-1.4045146062992127
11
5.4345511811023623
21
-1.400748031496063
0
LINE
8
BLACK
6
CONTINUOUS
10
5.4345511811023623
20
-1.400748031496063
11
5.4345511811023623
21
-1.369251968503937
0
LINE
8
BLACK
6
CONTINUOUS
10
5.4345511811023623
20
-1.369251968503937
11
5.4353003937007873
21
-1.3654853937007874
0
LINE
8
BLACK
6
CONTINUOUS
10
5.4353003937007873
20
-1.3654853937007874
11
5.4374339763779522
21
-1.3622922440944882
0
LINE
8
BLACK
6
CONTINUOUS
10
5.4374339763779522
20
-1.3622922440944882
11
5.4406271259842516
21
-1.3601586614173229
0
LINE
8
BLACK
6
CONTINUOUS
10
5.4406271259842516
20
-1.3601586614173229
11
5.4443937007874013
21
-1.3594094488188977
0
LINE
8
BLACK
6
CONTINUOUS
10
5.4443937007874013
20
-1.3594094488188977
11
5.4936062992125985
21
-1.3594094488188977
0
LINE
8
BLACK
6
CONTINUOUS
10
5.4936062992125985
20
-1.3594094488188977
11
5.4973728740157481
21
-1.3601586614173229
0
LINE
8
BLACK
6
CONTINUOUS
10
4.6471653937007877
20
-1.3671739370078739
11
4.6490812598425197
21
-1.3684540944881889
0
LINE
8
BLACK
6
CONTINUOUS
10
4.6490812598425197
20
-1.3684540944881889
11
4.6503614173228343
21
-1.3703699606299213
0
LINE
8
BLACK
6
CONTINUOUS
10
4.6503614173228343
20
-1.3703699606299213
11
4.65081094488189
21
-1.3726299212598425
0
LINE
8
BLACK
6
CONTINUOUS
10
4.65081094488189
20
-1.3726299212598425
11
4.65081094488189
21
-1.4021574803149606
0
LINE
8
BLACK
6
CONTINUOUS
10
4.65081094488189
20
-1.4021574803149606
11
4.6503614173228343
21
-1.404417440944882
0
LINE
8
BLACK
6
CONTINUOUS
10
4.6503614173228343
20
-1.404417440944882
11
4.6490812598425197
21
-1.4063333070866142
0
LINE
8
BLACK
6
CONTINUOUS
10
4.6490812598425197
20
-1.4063333070866142
11
4.6471653937007877
21
-1.4076134645669292
0
LINE
8
BLACK
6
CONTINUOUS
10
4.6471653937007877
20
-1.4076134645669292
11
4.6449054330708659
21
-1.4080629921259842
0
LINE
8
BLACK
6
CONTINUOUS
10
4.6449054330708659
20
-1.4080629921259842
11
4.6330944094488187
21
-1.4080629921259842
0
LINE
8
BLACK
6
CONTINUOUS
10
4.6330944094488187
20
-1.4080629921259842
11
4.6308344488188977
21
-1.4076134645669292
0
LINE
8
BLACK
6
CONTINUOUS
10
4.6308344488188977
20
-1.4076134645669292
11
4.6289185826771648
21
-1.4063333070866142
0
LINE
8
BLACK
6
CONTINUOUS
10
4.6289185826771648
20
-1.4063333070866142
11
4.6276384251968503
21
-1.404417440944882
0
LINE
8
BLACK
6
CONTINUOUS
10
4.6276384251968503
20
-1.404417440944882
11
4.6271888976377955
21
-1.4021574803149606
0
LINE
8
BLACK
6
CONTINUOUS
10
4.6271888976377955
20
-1.4021574803149606
11
4.6271888976377955
21
-1.3726299212598425
0
LINE
8
BLACK
6
CONTINUOUS
10
4.6271888976377955
20
-1.3726299212598425
11
4.6276384251968503
21
-1.3703699606299213
0
LINE
8
BLACK
6
CONTINUOUS
10
4.6276384251968503
20
-1.3703699606299213
11
4.6289185826771648
21
-1.3684540944881889
0
LINE
8
BLACK
6
CONTINUOUS
10
4.6289185826771648
20
-1.3684540944881889
11
4.6308344488188977
21
-1.3671739370078739
0
LINE
8
BLACK
6
CONTINUOUS
10
4.6308344488188977
20
-1.3671739370078739
11
4.6330944094488187
21
-1.3667244094488189
0
LINE
8
BLACK
6
CONTINUOUS
10
4.6330944094488187
20
-1.3667244094488189
11
4.6449054330708659
21
-1.3667244094488189
0
LINE
8
BLACK
6
CONTINUOUS
10
4.6449054330708659
20
-1.3667244094488189
11
4.6471653937007877
21
-1.3671739370078739
0
LINE
8
BLACK
6
CONTINUOUS
10
4.6971653543307088
20
-1.3671739370078739
11
4.6990812204724408
21
-1.3684540944881889
0
LINE
8
BLACK
6
CONTINUOUS
10
4.6990812204724408
20
-1.3684540944881889
11
4.7003613779527562
21
-1.3703699606299213
0
LINE
8
BLACK
6
CONTINUOUS
10
4.7003613779527562
20
-1.3703699606299213
11
4.700810905511811
21
-1.3726299212598425
0
LINE
8
BLACK
6
CONTINUOUS
10
4.700810905511811
20
-1.3726299212598425
11
4.700810905511811
21
-1.4021574803149606
0
LINE
8
BLACK
6
CONTINUOUS
10
4.700810905511811
20
-1.4021574803149606
11
4.7003613779527562
21
-1.404417440944882
0
LINE
8
BLACK
6
CONTINUOUS
10
4.7003613779527562
20
-1.404417440944882
11
4.6990812204724408
21
-1.4063333070866142
0
LINE
8
BLACK
6
CONTINUOUS
10
4.6990812204724408
20
-1.4063333070866142
11
4.6971653543307088
21
-1.4076134645669292
0
LINE
8
BLACK
6
CONTINUOUS
10
4.6971653543307088
20
-1.4076134645669292
11
4.694905393700787
21
-1.4080629921259842
0
LINE
8
BLACK
6
CONTINUOUS
10
4.694905393700787
20
-1.4080629921259842
11
4.6830943700787397
21
-1.4080629921259842
0
LINE
8
BLACK
6
CONTINUOUS
10
4.6830943700787397
20
-1.4080629921259842
11
4.6808344094488188
21
-1.4076134645669292
0
LINE
8
BLACK
6
CONTINUOUS
10
4.6808344094488188
20
-1.4076134645669292
11
4.6789185433070868
21
-1.4063333070866142
0
LINE
8
BLACK
6
CONTINUOUS
10
4.6789185433070868
20
-1.4063333070866142
11
4.6776383858267714
21
-1.404417440944882
0
LINE
8
BLACK
6
CONTINUOUS
10
4.6776383858267714
20
-1.404417440944882
11
4.6771888582677166
21
-1.4021574803149606
0
LINE
8
BLACK
6
CONTINUOUS
10
4.6771888582677166
20
-1.4021574803149606
11
4.6771888582677166
21
-1.3726299212598425
0
LINE
8
BLACK
6
CONTINUOUS
10
4.6771888582677166
20
-1.3726299212598425
11
4.6776383858267714
21
-1.3703699606299213
0
LINE
8
BLACK
6
CONTINUOUS
10
4.6776383858267714
20
-1.3703699606299213
11
4.6789185433070868
21
-1.3684540944881889
0
LINE
8
BLACK
6
CONTINUOUS
10
4.6789185433070868
20
-1.3684540944881889
11
4.6808344094488188
21
-1.3671739370078739
0
LINE
8
BLACK
6
CONTINUOUS
10
4.6808344094488188
20
-1.3671739370078739
11
4.6830943700787397
21
-1.3667244094488189
0
LINE
8
BLACK
6
CONTINUOUS
10
4.6830943700787397
20
-1.3667244094488189
11
4.694905393700787
21
-1.3667244094488189
0
LINE
8
BLACK
6
CONTINUOUS
10
4.694905393700787
20
-1.3667244094488189
11
4.6971653543307088
21
-1.3671739370078739
0
LINE
8
BLACK
6
CONTINUOUS
10
4.7471653937007874
20
-1.3671739370078739
11
4.7490812598425194
21
-1.3684540944881889
0
LINE
8
BLACK
6
CONTINUOUS
10
4.7490812598425194
20
-1.3684540944881889
11
4.7503614173228348
21
-1.3703699606299213
0
LINE
8
BLACK
6
CONTINUOUS
10
4.7503614173228348
20
-1.3703699606299213
11
4.7508109448818896
21
-1.3726299212598425
0
LINE
8
BLACK
6
CONTINUOUS
10
4.7508109448818896
20
-1.3726299212598425
11
4.7508109448818896
21
-1.4021574803149606
0
LINE
8
BLACK
6
CONTINUOUS
10
4.7508109448818896
20
-1.4021574803149606
11
4.7503614173228348
21
-1.404417440944882
0
LINE
8
BLACK
6
CONTINUOUS
10
4.7503614173228348
20
-1.404417440944882
11
4.7490812598425194
21
-1.4063333070866142
0
LINE
8
BLACK
6
CONTINUOUS
10
4.7490812598425194
20
-1.4063333070866142
11
4.7471653937007874
21
-1.4076134645669292
0
LINE
8
BLACK
6
CONTINUOUS
10
4.7471653937007874
20
-1.4076134645669292
11
4.7449054330708664
21
-1.4080629921259842
0
LINE
8
BLACK
6
CONTINUOUS
10
4.7449054330708664
20
-1.4080629921259842
11
4.7330944094488192
21
-1.4080629921259842
0
LINE
8
BLACK
6
CONTINUOUS
10
4.7330944094488192
20
-1.4080629921259842
11
4.7308344488188974
21
-1.4076134645669292
0
LINE
8
BLACK
6
CONTINUOUS
10
4.7308344488188974
20
-1.4076134645669292
11
4.7289185826771654
21
-1.4063333070866142
0
LINE
8
BLACK
6
CONTINUOUS
10
4.7289185826771654
20
-1.4063333070866142
11
4.72763842519685
21
-1.404417440944882
0
LINE
8
BLACK
6
CONTINUOUS
10
4.72763842519685
20
-1.404417440944882
11
4.7271888976377952
21
-1.4021574803149606
0
LINE
8
BLACK
6
CONTINUOUS
10
4.7271888976377952
20
-1.4021574803149606
11
4.7271888976377952
21
-1.3726299212598425
0
LINE
8
BLACK
6
CONTINUOUS
10
4.7271888976377952
20
-1.3726299212598425
11
4.72763842519685
21
-1.3703699606299213
0
LINE
8
BLACK
6
CONTINUOUS
10
4.72763842519685
20
-1.3703699606299213
11
4.7289185826771654
21
-1.3684540944881889
0
LINE
8
BLACK
6
CONTINUOUS
10
4.7289185826771654
20
-1.3684540944881889
11
4.7308344488188974
21
-1.3671739370078739
0
LINE
8
BLACK
6
CONTINUOUS
10
4.7308344488188974
20
-1.3671739370078739
11
4.7330944094488192
21
-1.3667244094488189
0
LINE
8
BLACK
6
CONTINUOUS
10
4.7330944094488192
20
-1.3667244094488189
11
4.7449054330708664
21
-1.3667244094488189
0
LINE
8
BLACK
6
CONTINUOUS
10
4.7449054330708664
20
-1.3667244094488189
11
4.7471653937007874
21
-1.3671739370078739
0
LINE
8
BLACK
6
CONTINUOUS
10
4.7971653543307085
20
-1.3671739370078739
11
4.7990812204724405
21
-1.3684540944881889
0
LINE
8
BLACK
6
CONTINUOUS
10
4.7990812204724405
20
-1.3684540944881889
11
4.8003613779527559
21
-1.3703699606299213
0
LINE
8
BLACK
6
CONTINUOUS
10
4.8003613779527559
20
-1.3703699606299213
11
4.8008109055118107
21
-1.3726299212598425
0
LINE
8
BLACK
6
CONTINUOUS
10
4.8008109055118107
20
-1.3726299212598425
11
4.8008109055118107
21
-1.4021574803149606
0
LINE
8
BLACK
6
CONTINUOUS
10
4.8008109055118107
20
-1.4021574803149606
11
4.8003613779527559
21
-1.404417440944882
0
LINE
8
BLACK
6
CONTINUOUS
10
4.8003613779527559
20
-1.404417440944882
11
4.7990812204724405
21
-1.4063333070866142
0
LINE
8
BLACK
6
CONTINUOUS
10
4.7990812204724405
20
-1.4063333070866142
11
4.7971653543307085
21
-1.4076134645669292
0
LINE
8
BLACK
6
CONTINUOUS
10
4.7971653543307085
20
-1.4076134645669292
11
4.7949053937007875
21
-1.4080629921259842
0
LINE
8
BLACK
6
CONTINUOUS
10
4.7949053937007875
20
-1.4080629921259842
11
4.7830943700787403
21
-1.4080629921259842
0
LINE
8
BLACK
6
CONTINUOUS
10
4.7830943700787403
20
-1.4080629921259842
11
4.7808344094488184
21
-1.4076134645669292
0
LINE
8
BLACK
6
CONTINUOUS
10
4.7808344094488184
20
-1.4076134645669292
11
4.7789185433070864
21
-1.4063333070866142
0
LINE
8
BLACK
6
CONTINUOUS
10
4.7789185433070864
20
-1.4063333070866142
11
4.7776383858267719
21
-1.404417440944882
0
LINE
8
BLACK
6
CONTINUOUS
10
4.7776383858267719
20
-1.404417440944882
11
4.7771888582677162
21
-1.4021574803149606
0
LINE
8
BLACK
6
CONTINUOUS
10
4.7771888582677162
20
-1.4021574803149606
11
4.7771888582677162
21
-1.3726299212598425
0
LINE
8
BLACK
6
CONTINUOUS
10
4.7771888582677162
20
-1.3726299212598425
11
4.7776383858267719
21
-1.3703699606299213
0
LINE
8
BLACK
6
CONTINUOUS
10
4.7776383858267719
20
-1.3703699606299213
11
4.7789185433070864
21
-1.3684540944881889
0
LINE
8
BLACK
6
CONTINUOUS
10
4.7789185433070864
20
-1.3684540944881889
11
4.7808344094488184
21
-1.3671739370078739
0
LINE
8
BLACK
6
CONTINUOUS
10
4.7808344094488184
20
-1.3671739370078739
11
4.7830943700787403
21
-1.3667244094488189
0
LINE
8
BLACK
6
CONTINUOUS
10
4.7830943700787403
20
-1.3667244094488189
11
4.7949053937007875
21
-1.3667244094488189
0
LINE
8
BLACK
6
CONTINUOUS
10
4.7949053937007875
20
-1.3667244094488189
11
4.7971653543307085
21
-1.3671739370078739
0
LINE
8
BLACK
6
CONTINUOUS
10
5.2491654724409447
20
-1.3651739763779527
11
5.2510813385826767
21
-1.3664541338582676
0
LINE
8
BLACK
6
CONTINUOUS
10
5.2510813385826767
20
-1.3664541338582676
11
5.2523614960629921
21
-1.3683699999999999
0
LINE
8
BLACK
6
CONTINUOUS
10
5.2523614960629921
20
-1.3683699999999999
11
5.2528110236220469
21
-1.3706299606299213
0
LINE
8
BLACK
6
CONTINUOUS
10
5.2528110236220469
20
-1.3706299606299213
11
5.2528110236220469
21
-1.4001575196850393
0
LINE
8
BLACK
6
CONTINUOUS
10
5.2528110236220469
20
-1.4001575196850393
11
5.2523614960629921
21
-1.4024174803149605
0
LINE
8
BLACK
6
CONTINUOUS
10
5.2523614960629921
20
-1.4024174803149605
11
5.2510813385826767
21
-1.4043333464566929
0
LINE
8
BLACK
6
CONTINUOUS
10
5.2510813385826767
20
-1.4043333464566929
11
5.2491654724409447
21
-1.4056135039370079
0
LINE
8
BLACK
6
CONTINUOUS
10
5.2491654724409447
20
-1.4056135039370079
11
5.2469055118110237
21
-1.4060630314960629
0
LINE
8
BLACK
6
CONTINUOUS
10
5.2469055118110237
20
-1.4060630314960629
11
5.2350944881889765
21
-1.4060630314960629
0
LINE
8
BLACK
6
CONTINUOUS
10
5.2350944881889765
20
-1.4060630314960629
11
5.2328345275590546
21
-1.4056135039370079
0
LINE
8
BLACK
6
CONTINUOUS
10
5.2328345275590546
20
-1.4056135039370079
11
5.2309186614173226
21
-1.4043333464566929
0
LINE
8
BLACK
6
CONTINUOUS
10
5.2309186614173226
20
-1.4043333464566929
11
5.2296385039370081
21
-1.4024174803149605
0
LINE
8
BLACK
6
CONTINUOUS
10
5.2296385039370081
20
-1.4024174803149605
11
5.2291889763779524
21
-1.4001575196850393
0
LINE
8
BLACK
6
CONTINUOUS
10
5.2291889763779524
20
-1.4001575196850393
11
5.2291889763779524
21
-1.3706299606299213
0
LINE
8
BLACK
6
CONTINUOUS
10
5.2291889763779524
20
-1.3706299606299213
11
5.2296385039370081
21
-1.3683699999999999
0
LINE
8
BLACK
6
CONTINUOUS
10
5.2296385039370081
20
-1.3683699999999999
11
5.2309186614173226
21
-1.3664541338582676
0
LINE
8
BLACK
6
CONTINUOUS
10
5.2309186614173226
20
-1.3664541338582676
11
5.2328345275590546
21
-1.3651739763779527
0
LINE
8
BLACK
6
CONTINUOUS
10
5.2328345275590546
20
-1.3651739763779527
11
5.2350944881889765
21
-1.3647244488188977
0
LINE
8
BLACK
6
CONTINUOUS
10
5.2350944881889765
20
-1.3647244488188977
11
5.2469055118110237
21
-1.3647244488188977
0
LINE
8
BLACK
6
CONTINUOUS
10
5.2469055118110237
20
-1.3647244488188977
11
5.2491654724409447
21
-1.3651739763779527
0
LINE
8
BLACK
6
CONTINUOUS
10
5.1991654724409448
20
-1.3651739370078739
11
5.2010813385826768
21
-1.3664540944881889
0
LINE
8
BLACK
6
CONTINUOUS
10
5.2010813385826768
20
-1.3664540944881889
11
5.2023614960629923
21
-1.3683699606299213
0
LINE
8
BLACK
6
CONTINUOUS
10
5.2023614960629923
20
-1.3683699606299213
11
5.2028110236220471
21
-1.3706299212598425
0
LINE
8
BLACK
6
CONTINUOUS
10
5.2028110236220471
20
-1.3706299212598425
11
5.2028110236220471
21
-1.4001574803149606
0
LINE
8
BLACK
6
CONTINUOUS
10
5.2028110236220471
20
-1.4001574803149606
11
5.2023614960629923
21
-1.402417440944882
0
LINE
8
BLACK
6
CONTINUOUS
10
5.2023614960629923
20
-1.402417440944882
11
5.2010813385826768
21
-1.4043333070866142
0
LINE
8
BLACK
6
CONTINUOUS
10
5.2010813385826768
20
-1.4043333070866142
11
5.1991654724409448
21
-1.4056134645669291
0
LINE
8
BLACK
6
CONTINUOUS
10
5.1991654724409448
20
-1.4056134645669291
11
5.1969055118110239
21
-1.4060629921259842
0
LINE
8
BLACK
6
CONTINUOUS
10
5.1969055118110239
20
-1.4060629921259842
11
5.1850944881889767
21
-1.4060629921259842
0
LINE
8
BLACK
6
CONTINUOUS
10
5.1850944881889767
20
-1.4060629921259842
11
5.1828345275590548
21
-1.4056134645669291
0
LINE
8
BLACK
6
CONTINUOUS
10
5.1828345275590548
20
-1.4056134645669291
11
5.1809186614173228
21
-1.4043333070866142
0
LINE
8
BLACK
6
CONTINUOUS
10
5.1809186614173228
20
-1.4043333070866142
11
5.1796385039370074
21
-1.402417440944882
0
LINE
8
BLACK
6
CONTINUOUS
10
5.1796385039370074
20
-1.402417440944882
11
5.1791889763779526
21
-1.4001574803149606
0
LINE
8
BLACK
6
CONTINUOUS
10
5.1791889763779526
20
-1.4001574803149606
11
5.1791889763779526
21
-1.3706299212598425
0
LINE
8
BLACK
6
CONTINUOUS
10
5.1791889763779526
20
-1.3706299212598425
11
5.1796385039370074
21
-1.3683699606299213
0
LINE
8
BLACK
6
CONTINUOUS
10
5.1796385039370074
20
-1.3683699606299213
11
5.1809186614173228
21
-1.3664540944881889
0
LINE
8
BLACK
6
CONTINUOUS
10
5.1809186614173228
20
-1.3664540944881889
11
5.1828345275590548
21
-1.3651739370078739
0
LINE
8
BLACK
6
CONTINUOUS
10
5.1828345275590548
20
-1.3651739370078739
11
5.1850944881889767
21
-1.3647244094488189
0
LINE
8
BLACK
6
CONTINUOUS
10
5.1850944881889767
20
-1.3647244094488189
11
5.1969055118110239
21
-1.3647244094488189
0
LINE
8
BLACK
6
CONTINUOUS
10
5.1969055118110239
20
-1.3647244094488189
11
5.1991654724409448
21
-1.3651739370078739
0
LINE
8
BLACK
6
CONTINUOUS
10
5.2991654724409445
20
-1.3651739370078739
11
5.3010813385826774
21
-1.3664540944881889
0
LINE
8
BLACK
6
CONTINUOUS
10
5.3010813385826774
20
-1.3664540944881889
11
5.3023614960629919
21
-1.3683699606299213
0
LINE
8
BLACK
6
CONTINUOUS
10
5.3023614960629919
20
-1.3683699606299213
11
5.3028110236220467
21
-1.3706299212598425
0
LINE
8
BLACK
6
CONTINUOUS
10
5.3028110236220467
20
-1.3706299212598425
11
5.3028110236220467
21
-1.4001574803149606
0
LINE
8
BLACK
6
CONTINUOUS
10
5.3028110236220467
20
-1.4001574803149606
11
5.3023614960629919
21
-1.402417440944882
0
LINE
8
BLACK
6
CONTINUOUS
10
5.3023614960629919
20
-1.402417440944882
11
5.3010813385826774
21
-1.4043333070866142
0
LINE
8
BLACK
6
CONTINUOUS
10
5.3010813385826774
20
-1.4043333070866142
11
5.2991654724409445
21
-1.4056134645669291
0
LINE
8
BLACK
6
CONTINUOUS
10
5.2991654724409445
20
-1.4056134645669291
11
5.2969055118110235
21
-1.4060629921259842
0
LINE
8
BLACK
6
CONTINUOUS
10
5.2969055118110235
20
-1.4060629921259842
11
5.2850944881889763
21
-1.4060629921259842
0
LINE
8
BLACK
6
CONTINUOUS
10
5.2850944881889763
20
-1.4060629921259842
11
5.2828345275590554
21
-1.4056134645669291
0
LINE
8
BLACK
6
CONTINUOUS
10
5.2828345275590554
20
-1.4056134645669291
11
5.2809186614173225
21
-1.4043333070866142
0
LINE
8
BLACK
6
CONTINUOUS
10
5.2809186614173225
20
-1.4043333070866142
11
5.279638503937008
21
-1.402417440944882
0
LINE
8
BLACK
6
CONTINUOUS
10
5.279638503937008
20
-1.402417440944882
11
5.2791889763779523
21
-1.4001574803149606
0
LINE
8
BLACK
6
CONTINUOUS
10
5.2791889763779523
20
-1.4001574803149606
11
5.2791889763779523
21
-1.3706299212598425
0
LINE
8
BLACK
6
CONTINUOUS
10
5.2791889763779523
20
-1.3706299212598425
11
5.279638503937008
21
-1.3683699606299213
0
LINE
8
BLACK
6
CONTINUOUS
10
5.279638503937008
20
-1.3683699606299213
11
5.2809186614173225
21
-1.3664540944881889
0
LINE
8
BLACK
6
CONTINUOUS
10
5.2809186614173225
20
-1.3664540944881889
11
5.2828345275590554
21
-1.3651739370078739
0
LINE
8
BLACK
6
CONTINUOUS
10
5.2828345275590554
20
-1.3651739370078739
11
5.2850944881889763
21
-1.3647244094488189
0
LINE
8
BLACK
6
CONTINUOUS
10
5.2850944881889763
20
-1.3647244094488189
11
5.2969055118110235
21
-1.3647244094488189
0
LINE
8
BLACK
6
CONTINUOUS
10
5.2969055118110235
20
-1.3647244094488189
11
5.2991654724409445
21
-1.3651739370078739
0
LINE
8
BLACK
6
CONTINUOUS
10
5.3491654724409452
20
-1.3651739370078739
11
5.3510813385826772
21
-1.3664540944881889
0
LINE
8
BLACK
6
CONTINUOUS
10
5.3510813385826772
20
-1.3664540944881889
11
5.3523614960629917
21
-1.3683699606299213
0
LINE
8
BLACK
6
CONTINUOUS
10
5.3523614960629917
20
-1.3683699606299213
11
5.3528110236220474
21
-1.3706299212598425
0
LINE
8
BLACK
6
CONTINUOUS
10
5.3528110236220474
20
-1.3706299212598425
11
5.3528110236220474
21
-1.4001574803149606
0
LINE
8
BLACK
6
CONTINUOUS
10
5.3528110236220474
20
-1.4001574803149606
11
5.3523614960629917
21
-1.402417440944882
0
LINE
8
BLACK
6
CONTINUOUS
10
5.3523614960629917
20
-1.402417440944882
11
5.3510813385826772
21
-1.4043333070866142
0
LINE
8
BLACK
6
CONTINUOUS
10
5.3510813385826772
20
-1.4043333070866142
11
5.3491654724409452
21
-1.4056134645669291
0
LINE
8
BLACK
6
CONTINUOUS
10
5.3491654724409452
20
-1.4056134645669291
11
5.3469055118110234
21
-1.4060629921259842
0
LINE
8
BLACK
6
CONTINUOUS
10
5.3469055118110234
20
-1.4060629921259842
11
5.3350944881889761
21
-1.4060629921259842
0
LINE
8
BLACK
6
CONTINUOUS
10
5.3350944881889761
20
-1.4060629921259842
11
5.3328345275590552
21
-1.4056134645669291
0
LINE
8
BLACK
6
CONTINUOUS
10
5.3328345275590552
20
-1.4056134645669291
11
5.3309186614173223
21
-1.4043333070866142
0
LINE
8
BLACK
6
CONTINUOUS
10
5.3309186614173223
20
-1.4043333070866142
11
5.3296385039370078
21
-1.402417440944882
0
LINE
8
BLACK
6
CONTINUOUS
10
5.3296385039370078
20
-1.402417440944882
11
5.329188976377953
21
-1.4001574803149606
0
LINE
8
BLACK
6
CONTINUOUS
10
5.329188976377953
20
-1.4001574803149606
11
5.329188976377953
21
-1.3706299212598425
0
LINE
8
BLACK
6
CONTINUOUS
10
5.329188976377953
20
-1.3706299212598425
11
5.3296385039370078
21
-1.3683699606299213
0
LINE
8
BLACK
6
CONTINUOUS
10
5.3296385039370078
20
-1.3683699606299213
11
5.3309186614173223
21
-1.3664540944881889
0
LINE
8
BLACK
6
CONTINUOUS
10
5.3309186614173223
20
-1.3664540944881889
11
5.3328345275590552
21
-1.3651739370078739
0
LINE
8
BLACK
6
CONTINUOUS
10
5.3328345275590552
20
-1.3651739370078739
11
5.3350944881889761
21
-1.3647244094488189
0
LINE
8
BLACK
6
CONTINUOUS
10
5.3350944881889761
20
-1.3647244094488189
11
5.3469055118110234
21
-1.3647244094488189
0
LINE
8
BLACK
6
CONTINUOUS
10
5.3469055118110234
20
-1.3647244094488189
11
5.3491654724409452
21
-1.3651739370078739
0
LINE
8
BLACK
6
CONTINUOUS
10
4.3138324409448821
20
-1.25965031496063
11
4.3170255905511814
21
-1.2617838976377953
0
LINE
8
BLACK
6
CONTINUOUS
10
4.3170255905511814
20
-1.2617838976377953
11
4.3532161023622047
21
-1.2979744094488188
0
LINE
8
BLACK
6
CONTINUOUS
10
4.3532161023622047
20
-1.2979744094488188
11
4.3553496850393696
21
-1.3011675590551182
0
LINE
8
BLACK
6
CONTINUOUS
10
4.3553496850393696
20
-1.3011675590551182
11
4.3560989370078742
21
-1.3049341338582676
0
LINE
8
BLACK
6
CONTINUOUS
10
4.3560989370078742
20
-1.3049341338582676
11
4.3553496850393696
21
-1.3087006692913385
0
LINE
8
BLACK
6
CONTINUOUS
10
4.3553496850393696
20
-1.3087006692913385
11
4.3532161023622047
21
-1.3118938188976377
0
LINE
8
BLACK
6
CONTINUOUS
10
4.3532161023622047
20
-1.3118938188976377
11
4.2975383858267717
21
-1.3675715354330709
0
LINE
8
BLACK
6
CONTINUOUS
10
4.2975383858267717
20
-1.3675715354330709
11
4.2943452362204724
21
-1.3697051181102362
0
LINE
8
BLACK
6
CONTINUOUS
10
4.2943452362204724
20
-1.3697051181102362
11
4.2905787007874014
21
-1.3704543700787402
0
LINE
8
BLACK
6
CONTINUOUS
10
4.2905787007874014
20
-1.3704543700787402
11
4.2868121259842518
21
-1.3697051181102362
0
LINE
8
BLACK
6
CONTINUOUS
10
4.2868121259842518
20
-1.3697051181102362
11
4.2836189763779524
21
-1.3675715354330709
0
LINE
8
BLACK
6
CONTINUOUS
10
4.2836189763779524
20
-1.3675715354330709
11
4.2474284645669291
21
-1.3313810236220471
0
LINE
8
BLACK
6
CONTINUOUS
10
4.2474284645669291
20
-1.3313810236220471
11
4.2452948818897633
21
-1.328187874015748
0
LINE
8
BLACK
6
CONTINUOUS
10
4.2452948818897633
20
-1.328187874015748
11
4.2445456299212596
21
-1.3244212992125983
0
LINE
8
BLACK
6
CONTINUOUS
10
4.2445456299212596
20
-1.3244212992125983
11
4.2452948818897633
21
-1.3206547637795276
0
LINE
8
BLACK
6
CONTINUOUS
10
4.2452948818897633
20
-1.3206547637795276
11
4.2474284645669291
21
-1.3174616141732283
0
LINE
8
BLACK
6
CONTINUOUS
10
4.2474284645669291
20
-1.3174616141732283
11
4.3031061811023621
21
-1.2617838976377953
0
LINE
8
BLACK
6
CONTINUOUS
10
4.3031061811023621
20
-1.2617838976377953
11
4.3062993307086614
21
-1.25965031496063
0
LINE
8
BLACK
6
CONTINUOUS
10
4.3062993307086614
20
-1.25965031496063
11
4.3100658661417324
21
-1.258901062992126
0
LINE
8
BLACK
6
CONTINUOUS
10
4.3100658661417324
20
-1.258901062992126
11
4.3138324409448821
21
-1.25965031496063
0
LINE
8
BLACK
6
CONTINUOUS
10
4.6864408661417318
20
-1.3135748031496062
11
4.6510077952755902
21
-1.3135748031496062
0
LINE
8
BLACK
6
CONTINUOUS
10
4.6510077952755902
20
-1.3135748031496062
11
4.6510077952755902
21
-1.2899527559055117
0
LINE
8
BLACK
6
CONTINUOUS
10
4.6510077952755902
20
-1.2899527559055117
11
4.6864408661417318
21
-1.2899527559055117
0
LINE
8
BLACK
6
CONTINUOUS
10
4.6864408661417318
20
-1.2899527559055117
11
4.6864408661417318
21
-1.3135748031496062
0
LINE
8
BLACK
6
CONTINUOUS
10
4.7317164173228345
20
-1.3135748031496062
11
4.6962833464566929
21
-1.3135748031496062
0
LINE
8
BLACK
6
CONTINUOUS
10
4.6962833464566929
20
-1.3135748031496062
11
4.6962833464566929
21
-1.2899527559055117
0
LINE
8
BLACK
6
CONTINUOUS
10
4.6962833464566929
20
-1.2899527559055117
11
4.7317164173228345
21
-1.2899527559055117
0
LINE
8
BLACK
6
CONTINUOUS
10
4.7317164173228345
20
-1.2899527559055117
11
4.7317164173228345
21
-1.3135748031496062
0
LINE
8
BLACK
6
CONTINUOUS
10
4.7769920472440948
20
-1.3135748031496062
11
4.7415589763779522
21
-1.3135748031496062
0
LINE
8
BLACK
6
CONTINUOUS
10
4.7415589763779522
20
-1.3135748031496062
11
4.7415589763779522
21
-1.2899527559055117
0
LINE
8
BLACK
6
CONTINUOUS
10
4.7415589763779522
20
-1.2899527559055117
11
4.7769920472440948
21
-1.2899527559055117
0
LINE
8
BLACK
6
CONTINUOUS
10
4.7769920472440948
20
-1.2899527559055117
11
4.7769920472440948
21
-1.3135748031496062
0
LINE
8
BLACK
6
CONTINUOUS
10
5.2384409448818898
20
-1.3115748031496062
11
5.2030078740157482
21
-1.3115748031496062
0
LINE
8
BLACK
6
CONTINUOUS
10
5.2030078740157482
20
-1.3115748031496062
11
5.2030078740157482
21
-1.2879527559055117
0
LINE
8
BLACK
6
CONTINUOUS
10
5.2030078740157482
20
-1.2879527559055117
11
5.2384409448818898
21
-1.2879527559055117
0
LINE
8
BLACK
6
CONTINUOUS
10
5.2384409448818898
20
-1.2879527559055117
11
5.2384409448818898
21
-1.3115748031496062
0
LINE
8
BLACK
6
CONTINUOUS
10
5.2837165354330704
20
-1.3115748031496062
11
5.2482834645669287
21
-1.3115748031496062
0
LINE
8
BLACK
6
CONTINUOUS
10
5.2482834645669287
20
-1.3115748031496062
11
5.2482834645669287
21
-1.2879527559055117
0
LINE
8
BLACK
6
CONTINUOUS
10
5.2482834645669287
20
-1.2879527559055117
11
5.2837165354330704
21
-1.2879527559055117
0
LINE
8
BLACK
6
CONTINUOUS
10
5.2837165354330704
20
-1.2879527559055117
11
5.2837165354330704
21
-1.3115748031496062
0
LINE
8
BLACK
6
CONTINUOUS
10
5.3289921259842519
20
-1.3115748031496062
11
5.2935590551181102
21
-1.3115748031496062
0
LINE
8
BLACK
6
CONTINUOUS
10
5.2935590551181102
20
-1.3115748031496062
11
5.2935590551181102
21
-1.2879527559055117
0
LINE
8
BLACK
6
CONTINUOUS
10
5.2935590551181102
20
-1.2879527559055117
11
5.3289921259842519
21
-1.2879527559055117
0
LINE
8
BLACK
6
CONTINUOUS
10
5.3289921259842519
20
-1.2879527559055117
11
5.3289921259842519
21
-1.3115748031496062
0
LINE
8
BLACK
6
CONTINUOUS
10
4.7317164960629921
20
-1.2801102362204724
11
4.6962834251968504
21
-1.2801102362204724
0
LINE
8
BLACK
6
CONTINUOUS
10
4.6962834251968504
20
-1.2801102362204724
11
4.6962834251968504
21
-1.2564881889763779
0
LINE
8
BLACK
6
CONTINUOUS
10
4.6962834251968504
20
-1.2564881889763779
11
4.7317164960629921
21
-1.2564881889763779
0
LINE
8
BLACK
6
CONTINUOUS
10
4.7317164960629921
20
-1.2564881889763779
11
4.7317164960629921
21
-1.2801102362204724
0
LINE
8
BLACK
6
CONTINUOUS
10
4.7769920472440948
20
-1.2801102362204724
11
4.7415589763779522
21
-1.2801102362204724
0
LINE
8
BLACK
6
CONTINUOUS
10
4.7415589763779522
20
-1.2801102362204724
11
4.7415589763779522
21
-1.2564881889763779
0
LINE
8
BLACK
6
CONTINUOUS
10
4.7415589763779522
20
-1.2564881889763779
11
4.7769920472440948
21
-1.2564881889763779
0
LINE
8
BLACK
6
CONTINUOUS
10
4.7769920472440948
20
-1.2564881889763779
11
4.7769920472440948
21
-1.2801102362204724
0
LINE
8
BLACK
6
CONTINUOUS
10
4.6864409055118106
20
-1.2801101968503936
11
4.6510078346456689
21
-1.2801101968503936
0
LINE
8
BLACK
6
CONTINUOUS
10
4.6510078346456689
20
-1.2801101968503936
11
4.6510078346456689
21
-1.2564881496062992
0
LINE
8
BLACK
6
CONTINUOUS
10
4.6510078346456689
20
-1.2564881496062992
11
4.6864409055118106
21
-1.2564881496062992
0
LINE
8
BLACK
6
CONTINUOUS
10
4.6864409055118106
20
-1.2564881496062992
11
4.6864409055118106
21
-1.2801101968503936
0
LINE
8
BLACK
6
CONTINUOUS
10
5.2384409842519686
20
-1.2781102362204724
11
5.2030079133858269
21
-1.2781102362204724
0
LINE
8
BLACK
6
CONTINUOUS
10
5.2030079133858269
20
-1.2781102362204724
11
5.2030079133858269
21
-1.2544881889763779
0
LINE
8
BLACK
6
CONTINUOUS
10
5.2030079133858269
20
-1.2544881889763779
11
5.2384409842519686
21
-1.2544881889763779
0
LINE
8
BLACK
6
CONTINUOUS
10
5.2384409842519686
20
-1.2544881889763779
11
5.2384409842519686
21
-1.2781102362204724
0
LINE
8
BLACK
6
CONTINUOUS
10
5.2837165354330704
20
-1.2781102362204724
11
5.2482834645669287
21
-1.2781102362204724
0
LINE
8
BLACK
6
CONTINUOUS
10
5.2482834645669287
20
-1.2781102362204724
11
5.2482834645669287
21
-1.2544881889763779
0
LINE
8
BLACK
6
CONTINUOUS
10
5.2482834645669287
20
-1.2544881889763779
11
5.2837165354330704
21
-1.2544881889763779
0
LINE
8
BLACK
6
CONTINUOUS
10
5.2837165354330704
20
-1.2544881889763779
11
5.2837165354330704
21
-1.2781102362204724
0
LINE
8
BLACK
6
CONTINUOUS
10
5.3289921259842519
20
-1.2781102362204724
11
5.2935590551181102
21
-1.2781102362204724
0
LINE
8
BLACK
6
CONTINUOUS
10
5.2935590551181102
20
-1.2781102362204724
11
5.2935590551181102
21
-1.2544881889763779
0
LINE
8
BLACK
6
CONTINUOUS
10
5.2935590551181102
20
-1.2544881889763779
11
5.3289921259842519
21
-1.2544881889763779
0
LINE
8
BLACK
6
CONTINUOUS
10
5.3289921259842519
20
-1.2544881889763779
11
5.3289921259842519
21
-1.2781102362204724
0
LINE
8
BLACK
6
CONTINUOUS
10
4.425187874015748
20
-1.1482948818897638
11
4.4283810236220473
21
-1.1504284645669292
0
LINE
8
BLACK
6
CONTINUOUS
10
4.4283810236220473
20
-1.1504284645669292
11
4.4645715354330706
21
-1.1866189763779527
0
LINE
8
BLACK
6
CONTINUOUS
10
4.4645715354330706
20
-1.1866189763779527
11
4.4667051181102364
21
-1.189812125984252
0
LINE
8
BLACK
6
CONTINUOUS
10
4.4667051181102364
20
-1.189812125984252
11
4.4674543700787401
21
-1.1935787007874015
0
LINE
8
BLACK
6
CONTINUOUS
10
4.4674543700787401
20
-1.1935787007874015
11
4.4667051181102364
21
-1.1973452362204724
0
LINE
8
BLACK
6
CONTINUOUS
10
4.4667051181102364
20
-1.1973452362204724
11
4.4645715354330706
21
-1.2005383858267715
0
LINE
8
BLACK
6
CONTINUOUS
10
4.4645715354330706
20
-1.2005383858267715
11
4.4088938188976377
21
-1.2562161023622047
0
LINE
8
BLACK
6
CONTINUOUS
10
4.4088938188976377
20
-1.2562161023622047
11
4.4057006692913383
21
-1.2583496850393701
0
LINE
8
BLACK
6
CONTINUOUS
10
4.4057006692913383
20
-1.2583496850393701
11
4.4019341338582674
21
-1.259098937007874
0
LINE
8
BLACK
6
CONTINUOUS
10
4.4019341338582674
20
-1.259098937007874
11
4.3981675590551177
21
-1.2583496850393701
0
LINE
8
BLACK
6
CONTINUOUS
10
4.3981675590551177
20
-1.2583496850393701
11
4.3949744094488192
21
-1.2562161023622047
0
LINE
8
BLACK
6
CONTINUOUS
10
4.3949744094488192
20
-1.2562161023622047
11
4.3587838976377951
21
-1.220025590551181
0
LINE
8
BLACK
6
CONTINUOUS
10
4.3587838976377951
20
-1.220025590551181
11
4.3566503149606302
21
-1.2168324409448819
0
LINE
8
BLACK
6
CONTINUOUS
10
4.3566503149606302
20
-1.2168324409448819
11
4.3559010629921255
21
-1.2130658661417322
0
LINE
8
BLACK
6
CONTINUOUS
10
4.3559010629921255
20
-1.2130658661417322
11
4.3566503149606302
21
-1.2092993307086615
0
LINE
8
BLACK
6
CONTINUOUS
10
4.3566503149606302
20
-1.2092993307086615
11
4.3587838976377951
21
-1.2061061811023621
0
LINE
8
BLACK
6
CONTINUOUS
10
4.3587838976377951
20
-1.2061061811023621
11
4.414461614173228
21
-1.1504284645669292
0
LINE
8
BLACK
6
CONTINUOUS
10
4.414461614173228
20
-1.1504284645669292
11
4.4176547637795274
21
-1.1482948818897638
0
LINE
8
BLACK
6
CONTINUOUS
10
4.4176547637795274
20
-1.1482948818897638
11
4.4214212992125983
21
-1.1475456299212599
0
LINE
8
BLACK
6
CONTINUOUS
10
4.4214212992125983
20
-1.1475456299212599
11
4.425187874015748
21
-1.1482948818897638
0
LINE
8
BLACK
6
CONTINUOUS
10
4.6864408661417318
20
-1.2466456692913386
11
4.6510077952755902
21
-1.2466456692913386
0
LINE
8
BLACK
6
CONTINUOUS
10
4.6510077952755902
20
-1.2466456692913386
11
4.6510077952755902
21
-1.2230236220472441
0
LINE
8
BLACK
6
CONTINUOUS
10
4.6510077952755902
20
-1.2230236220472441
11
4.6864408661417318
21
-1.2230236220472441
0
LINE
8
BLACK
6
CONTINUOUS
10
4.6864408661417318
20
-1.2230236220472441
11
4.6864408661417318
21
-1.2466456692913386
0
LINE
8
BLACK
6
CONTINUOUS
10
4.7317165354330708
20
-1.2466456692913386
11
4.6962834645669291
21
-1.2466456692913386
0
LINE
8
BLACK
6
CONTINUOUS
10
4.6962834645669291
20
-1.2466456692913386
11
4.6962834645669291
21
-1.2230236220472441
0
LINE
8
BLACK
6
CONTINUOUS
10
4.6962834645669291
20
-1.2230236220472441
11
4.7317165354330708
21
-1.2230236220472441
0
LINE
8
BLACK
6
CONTINUOUS
10
4.7317165354330708
20
-1.2230236220472441
11
4.7317165354330708
21
-1.2466456692913386
0
LINE
8
BLACK
6
CONTINUOUS
10
4.7769920472440948
20
-1.2466456692913386
11
4.7415589763779522
21
-1.2466456692913386
0
LINE
8
BLACK
6
CONTINUOUS
10
4.7415589763779522
20
-1.2466456692913386
11
4.7415589763779522
21
-1.2230236220472441
0
LINE
8
BLACK
6
CONTINUOUS
10
4.7415589763779522
20
-1.2230236220472441
11
4.7769920472440948
21
-1.2230236220472441
0
LINE
8
BLACK
6
CONTINUOUS
10
4.7769920472440948
20
-1.2230236220472441
11
4.7769920472440948
21
-1.2466456692913386
0
LINE
8
BLACK
6
CONTINUOUS
10
5.2384409448818898
20
-1.2446456692913386
11
5.2030078740157482
21
-1.2446456692913386
0
LINE
8
BLACK
6
CONTINUOUS
10
5.2030078740157482
20
-1.2446456692913386
11
5.2030078740157482
21
-1.2210236220472441
0
LINE
8
BLACK
6
CONTINUOUS
10
5.2030078740157482
20
-1.2210236220472441
11
5.2384409448818898
21
-1.2210236220472441
0
LINE
8
BLACK
6
CONTINUOUS
10
5.2384409448818898
20
-1.2210236220472441
11
5.2384409448818898
21
-1.2446456692913386
0
LINE
8
BLACK
6
CONTINUOUS
10
5.2837165354330704
20
-1.2446456692913386
11
5.2482834645669287
21
-1.2446456692913386
0
LINE
8
BLACK
6
CONTINUOUS
10
5.2482834645669287
20
-1.2446456692913386
11
5.2482834645669287
21
-1.2210236220472441
0
LINE
8
BLACK
6
CONTINUOUS
10
5.2482834645669287
20
-1.2210236220472441
11
5.2837165354330704
21
-1.2210236220472441
0
LINE
8
BLACK
6
CONTINUOUS
10
5.2837165354330704
20
-1.2210236220472441
11
5.2837165354330704
21
-1.2446456692913386
0
LINE
8
BLACK
6
CONTINUOUS
10
5.3289921259842519
20
-1.2446456692913386
11
5.2935590551181102
21
-1.2446456692913386
0
LINE
8
BLACK
6
CONTINUOUS
10
5.2935590551181102
20
-1.2446456692913386
11
5.2935590551181102
21
-1.2210236220472441
0
LINE
8
BLACK
6
CONTINUOUS
10
5.2935590551181102
20
-1.2210236220472441
11
5.3289921259842519
21
-1.2210236220472441
0
LINE
8
BLACK
6
CONTINUOUS
10
5.3289921259842519
20
-1.2210236220472441
11
5.3289921259842519
21
-1.2446456692913386
0
LINE
8
BLACK
6
CONTINUOUS
10
4.6864408661417318
20
-1.2131811023622048
11
4.6510077952755902
21
-1.2131811023622048
0
LINE
8
BLACK
6
CONTINUOUS
10
4.6510077952755902
20
-1.2131811023622048
11
4.6510077952755902
21
-1.1895590551181101
0
LINE
8
BLACK
6
CONTINUOUS
10
4.6510077952755902
20
-1.1895590551181101
11
4.6864408661417318
21
-1.1895590551181101
0
LINE
8
BLACK
6
CONTINUOUS
10
4.6864408661417318
20
-1.1895590551181101
11
4.6864408661417318
21
-1.2131811023622048
0
LINE
8
BLACK
6
CONTINUOUS
10
4.7769920866141735
20
-1.2131811023622048
11
4.741559015748031
21
-1.2131811023622048
0
LINE
8
BLACK
6
CONTINUOUS
10
4.741559015748031
20
-1.2131811023622048
11
4.741559015748031
21
-1.1895590551181101
0
LINE
8
BLACK
6
CONTINUOUS
10
4.741559015748031
20
-1.1895590551181101
11
4.7769920866141735
21
-1.1895590551181101
0
LINE
8
BLACK
6
CONTINUOUS
10
4.7769920866141735
20
-1.1895590551181101
11
4.7769920866141735
21
-1.2131811023622048
0
LINE
8
BLACK
6
CONTINUOUS
10
4.7317164566929133
20
-1.2131810236220473
11
4.6962833858267716
21
-1.2131810236220473
0
LINE
8
BLACK
6
CONTINUOUS
10
4.6962833858267716
20
-1.2131810236220473
11
4.6962833858267716
21
-1.1895589763779528
0
LINE
8
BLACK
6
CONTINUOUS
10
4.6962833858267716
20
-1.1895589763779528
11
4.7317164566929133
21
-1.1895589763779528
0
LINE
8
BLACK
6
CONTINUOUS
10
4.7317164566929133
20
-1.1895589763779528
11
4.7317164566929133
21
-1.2131810236220473
0
LINE
8
BLACK
6
CONTINUOUS
10
5.2384409448818898
20
-1.2111811023622048
11
5.2030078740157482
21
-1.2111811023622048
0
LINE
8
BLACK
6
CONTINUOUS
10
5.2030078740157482
20
-1.2111811023622048
11
5.2030078740157482
21
-1.1875590551181101
0
LINE
8
BLACK
6
CONTINUOUS
10
5.2030078740157482
20
-1.1875590551181101
11
5.2384409448818898
21
-1.1875590551181101
0
LINE
8
BLACK
6
CONTINUOUS
10
5.2384409448818898
20
-1.1875590551181101
11
5.2384409448818898
21
-1.2111811023622048
0
LINE
8
BLACK
6
CONTINUOUS
10
5.2837165354330704
20
-1.2111811023622048
11
5.2482834645669287
21
-1.2111811023622048
0
LINE
8
BLACK
6
CONTINUOUS
10
5.2482834645669287
20
-1.2111811023622048
11
5.2482834645669287
21
-1.1875590551181101
0
LINE
8
BLACK
6
CONTINUOUS
10
5.2482834645669287
20
-1.1875590551181101
11
5.2837165354330704
21
-1.1875590551181101
0
LINE
8
BLACK
6
CONTINUOUS
10
5.2837165354330704
20
-1.1875590551181101
11
5.2837165354330704
21
-1.2111811023622048
0
LINE
8
BLACK
6
CONTINUOUS
10
5.3289921653543306
20
-1.2111811023622048
11
5.293559094488189
21
-1.2111811023622048
0
LINE
8
BLACK
6
CONTINUOUS
10
5.293559094488189
20
-1.2111811023622048
11
5.293559094488189
21
-1.1875590551181101
0
LINE
8
BLACK
6
CONTINUOUS
10
5.293559094488189
20
-1.1875590551181101
11
5.3289921653543306
21
-1.1875590551181101
0
LINE
8
BLACK
6
CONTINUOUS
10
5.3289921653543306
20
-1.1875590551181101
11
5.3289921653543306
21
-1.2111811023622048
0
LINE
8
BLACK
6
CONTINUOUS
10
4.7008109448818898
20
-1.1797165748031495
11
4.6771888976377953
21
-1.1797165748031495
0
LINE
8
BLACK
6
CONTINUOUS
10
4.6771888976377953
20
-1.1797165748031495
11
4.6771888976377953
21
-1.1442835039370078
0
LINE
8
BLACK
6
CONTINUOUS
10
4.6771888976377953
20
-1.1442835039370078
11
4.7008109448818898
21
-1.1442835039370078
0
LINE
8
BLACK
6
CONTINUOUS
10
4.7008109448818898
20
-1.1442835039370078
11
4.7008109448818898
21
-1.1797165748031495
0
LINE
8
BLACK
6
CONTINUOUS
10
4.6508110236220475
20
-1.1797165354330708
11
4.627188976377953
21
-1.1797165354330708
0
LINE
8
BLACK
6
CONTINUOUS
10
4.627188976377953
20
-1.1797165354330708
11
4.627188976377953
21
-1.1442834645669291
0
LINE
8
BLACK
6
CONTINUOUS
10
4.627188976377953
20
-1.1442834645669291
11
4.6508110236220475
21
-1.1442834645669291
0
LINE
8
BLACK
6
CONTINUOUS
10
4.6508110236220475
20
-1.1442834645669291
11
4.6508110236220475
21
-1.1797165354330708
0
LINE
8
BLACK
6
CONTINUOUS
10
4.7508109448818896
20
-1.1797165354330708
11
4.7271888976377952
21
-1.1797165354330708
0
LINE
8
BLACK
6
CONTINUOUS
10
4.7271888976377952
20
-1.1797165354330708
11
4.7271888976377952
21
-1.1442834645669291
0
LINE
8
BLACK
6
CONTINUOUS
10
4.7271888976377952
20
-1.1442834645669291
11
4.7508109448818896
21
-1.1442834645669291
0
LINE
8
BLACK
6
CONTINUOUS
10
4.7508109448818896
20
-1.1442834645669291
11
4.7508109448818896
21
-1.1797165354330708
0
LINE
8
BLACK
6
CONTINUOUS
10
4.8008109448818894
20
-1.1797165354330708
11
4.777188897637795
21
-1.1797165354330708
0
LINE
8
BLACK
6
CONTINUOUS
10
4.777188897637795
20
-1.1797165354330708
11
4.777188897637795
21
-1.1442834645669291
0
LINE
8
BLACK
6
CONTINUOUS
10
4.777188897637795
20
-1.1442834645669291
11
4.8008109448818894
21
-1.1442834645669291
0
LINE
8
BLACK
6
CONTINUOUS
10
4.8008109448818894
20
-1.1442834645669291
11
4.8008109448818894
21
-1.1797165354330708
0
LINE
8
BLACK
6
CONTINUOUS
10
5.2028110236220471
20
-1.1777165354330708
11
5.1791889763779526
21
-1.1777165354330708
0
LINE
8
BLACK
6
CONTINUOUS
10
5.1791889763779526
20
-1.1777165354330708
11
5.1791889763779526
21
-1.1422834645669291
0
LINE
8
BLACK
6
CONTINUOUS
10
5.1791889763779526
20
-1.1422834645669291
11
5.2028110236220471
21
-1.1422834645669291
0
LINE
8
BLACK
6
CONTINUOUS
10
5.2028110236220471
20
-1.1422834645669291
11
5.2028110236220471
21
-1.1777165354330708
0
LINE
8
BLACK
6
CONTINUOUS
10
5.2528110236220469
20
-1.1777165354330708
11
5.2291889763779524
21
-1.1777165354330708
0
LINE
8
BLACK
6
CONTINUOUS
10
5.2291889763779524
20
-1.1777165354330708
11
5.2291889763779524
21
-1.1422834645669291
0
LINE
8
BLACK
6
CONTINUOUS
10
5.2291889763779524
20
-1.1422834645669291
11
5.2528110236220469
21
-1.1422834645669291
0
LINE
8
BLACK
6
CONTINUOUS
10
5.2528110236220469
20
-1.1422834645669291
11
5.2528110236220469
21
-1.1777165354330708
0
LINE
8
BLACK
6
CONTINUOUS
10
5.3028110236220467
20
-1.1777165354330708
11
5.2791889763779523
21
-1.1777165354330708
0
LINE
8
BLACK
6
CONTINUOUS
10
5.2791889763779523
20
-1.1777165354330708
11
5.2791889763779523
21
-1.1422834645669291
0
LINE
8
BLACK
6
CONTINUOUS
10
5.2791889763779523
20
-1.1422834645669291
11
5.3028110236220467
21
-1.1422834645669291
0
LINE
8
BLACK
6
CONTINUOUS
10
5.3028110236220467
20
-1.1422834645669291
11
5.3028110236220467
21
-1.1777165354330708
0
LINE
8
BLACK
6
CONTINUOUS
10
5.3528110236220474
20
-1.1777165354330708
11
5.329188976377953
21
-1.1777165354330708
0
LINE
8
BLACK
6
CONTINUOUS
10
5.329188976377953
20
-1.1777165354330708
11
5.329188976377953
21
-1.1422834645669291
0
LINE
8
BLACK
6
CONTINUOUS
10
5.329188976377953
20
-1.1422834645669291
11
5.3528110236220474
21
-1.1422834645669291
0
LINE
8
BLACK
6
CONTINUOUS
10
5.3528110236220474
20
-1.1422834645669291
11
5.3528110236220474
21
-1.1777165354330708
  0
ENDSEC
  0
EOF
